order_id,order_date,product_category,order_value,warehouse_id,destination_zone
ORD100000,2025-11-02,Fashion,2524.0,WH-MUM,Tier-2
ORD100001,2025-07-04,Electronics,597.34,WH-MUM,Tier-3
ORD100002,2025-11-24,Fashion,10109.54,WH-KOL,Metro
ORD100003,2025-10-13,Books,550.11,WH-BLR,Metro
ORD100004,2025-02-09,Grocery,3009.89,WH-BLR,Metro
ORD100005,2025-12-25,Electronics,3717.48,WH-MUM,Metro
ORD100006,2025-10-30,Fashion,458.6,WH-BLR,Tier-2
ORD100007,2025-11-05,Beauty,934.74,WH-DEL,Metro
ORD100008,2025-02-23,Fashion,1114.39,WH-MUM,Tier-3
ORD100009,2025-07-09,Fashion,21722.02,WH-HYD,Metro
ORD100010,2025-06-05,Electronics,1100.72,WH-HYD,Tier-3
ORD100011,2025-12-12,Fashion,538.86,WH-MUM,Remote
ORD100012,2025-09-28,Books,1985.04,WH-HYD,Metro
ORD100013,2025-11-15,Books,579.4,WH-BLR,Remote
ORD100014,2025-07-06,Fashion,1275.08,WH-DEL,Tier-3
ORD100015,2025-04-06,Books,930.8,WH-DEL,Tier-3
ORD100016,2025-08-22,Fashion,2027.2,WH-MUM,Metro
ORD100017,2025-01-27,Books,854.94,WH-BLR,Tier-3
ORD100018,2025-11-16,Electronics,767.47,WH-DEL,Tier-2
ORD100019,2025-09-23,Fashion,3175.54,WH-DEL,Metro
ORD100020,2025-10-29,Books,1687.92,WH-DEL,Remote
ORD100021,2025-05-29,Beauty,1370.04,WH-BLR,Remote
ORD100022,2025-12-24,Appliances,287.16,WH-BLR,Metro
ORD100023,2025-12-03,Furniture,2202.76,WH-KOL,Tier-2
ORD100024,2025-11-03,Books,919.17,WH-BLR,Remote
ORD100025,2025-03-23,Appliances,1673.6,WH-KOL,Tier-2
ORD100026,2025-07-16,Fashion,306.3,WH-DEL,Tier-2
ORD100027,2025-01-19,Grocery,1672.0,WH-DEL,Metro
ORD100028,2025-03-06,Furniture,1563.2,WH-MUM,Tier-2
ORD100029,2025-10-09,Grocery,1114.73,WH-HYD,Tier-2
ORD100030,2025-10-25,Books,659.3,WH-KOL,Tier-3
ORD100031,2025-12-23,Grocery,3404.44,WH-HYD,Tier-2
ORD100032,2025-05-17,Electronics,737.13,WH-DEL,Tier-2
ORD100033,2025-06-05,Fashion,2774.31,WH-MUM,Metro
ORD100034,2025-07-17,Books,3095.57,WH-BLR,Tier-3
ORD100035,2025-03-21,Electronics,688.3,WH-KOL,Metro
ORD100036,2025-02-24,Books,2436.81,WH-BLR,Tier-2
ORD100037,2025-07-19,Electronics,949.78,WH-MUM,Tier-3
ORD100038,2025-04-06,Fashion,2232.37,WH-MUM,Tier-3
ORD100039,2025-10-06,Books,633.51,WH-HYD,Metro
ORD100040,2025-07-03,Fashion,1221.61,WH-HYD,Tier-3
ORD100041,2025-11-18,Books,1424.6,WH-DEL,Metro
ORD100042,2025-10-14,Electronics,1308.3,WH-BLR,Metro
ORD100043,2025-05-12,Grocery,1817.04,WH-BLR,Tier-3
ORD100044,2025-11-17,Grocery,701.32,WH-BLR,Metro
ORD100045,2025-11-10,Books,861.02,WH-KOL,Tier-2
ORD100046,2025-06-12,Electronics,2371.01,WH-BLR,Remote
ORD100047,2025-05-02,Fashion,963.07,WH-KOL,Metro
ORD100048,2025-10-09,Furniture,899.81,WH-BLR,Tier-3
ORD100049,2025-02-28,Beauty,683.03,WH-HYD,Tier-2
ORD100050,2025-03-26,Books,927.01,WH-DEL,Tier-2
ORD100051,2025-01-04,Books,588.96,WH-HYD,Tier-2
ORD100052,2025-11-06,Grocery,2400.52,WH-DEL,Tier-2
ORD100053,2025-10-04,Grocery,935.19,WH-HYD,Tier-3
ORD100054,2025-10-15,Books,562.88,WH-HYD,Tier-3
ORD100055,2025-11-04,Books,1138.5,WH-MUM,Metro
ORD100056,2025-07-12,Books,438.26,WH-KOL,Tier-2
ORD100057,2025-08-27,Books,675.45,WH-DEL,Tier-2
ORD100058,2025-02-28,Books,3958.39,WH-BLR,Tier-3
ORD100059,2025-02-18,Electronics,560.87,WH-MUM,Metro
ORD100060,2025-10-05,Fashion,1194.23,WH-DEL,Metro
ORD100061,2025-07-17,Beauty,7825.28,WH-KOL,Metro
ORD100062,2025-08-26,Grocery,1635.01,WH-HYD,Tier-2
ORD100063,2025-10-31,Electronics,890.13,WH-MUM,Metro
ORD100064,2025-09-24,Grocery,273.11,WH-DEL,Tier-2
ORD100065,2025-08-21,Furniture,1530.79,WH-BLR,Remote
ORD100066,2025-08-23,Books,724.76,WH-MUM,Metro
ORD100067,2025-05-08,Books,2092.76,WH-HYD,Tier-2
ORD100068,2025-01-13,Electronics,779.77,WH-BLR,Metro
ORD100069,2025-07-03,Grocery,1671.92,WH-MUM,Tier-2
ORD100070,2025-04-01,Electronics,4260.33,WH-BLR,Metro
ORD100071,2025-06-21,Books,2291.62,WH-BLR,Remote
ORD100072,2025-11-23,Electronics,466.54,WH-BLR,Metro
ORD100073,2025-04-09,Furniture,1438.24,WH-BLR,Remote
ORD100074,2025-01-25,Grocery,2895.13,WH-MUM,Metro
ORD100075,2025-04-29,Furniture,397.15,WH-KOL,Tier-3
ORD100076,2025-05-04,Grocery,5165.62,WH-BLR,Metro
ORD100077,2025-10-04,Appliances,1499.27,WH-HYD,Metro
ORD100078,2025-08-23,Furniture,2124.22,WH-DEL,Tier-3
ORD100079,2025-11-05,Electronics,1017.33,WH-BLR,Metro
ORD100080,2025-10-04,Fashion,1390.0,WH-MUM,Tier-2
ORD100081,2025-06-20,Grocery,654.87,WH-BLR,Tier-3
ORD100082,2025-11-13,Fashion,4617.74,WH-HYD,Tier-2
ORD100083,2025-03-12,Appliances,5622.0,WH-HYD,Metro
ORD100084,2025-01-10,Fashion,7460.16,WH-MUM,Remote
ORD100085,2025-02-07,Books,326.17,WH-BLR,Tier-2
ORD100086,2025-10-20,Electronics,1743.47,WH-BLR,Tier-3
ORD100087,2025-07-14,Appliances,1892.58,WH-DEL,Tier-3
ORD100088,2025-03-09,Electronics,761.7,WH-BLR,Tier-3
ORD100089,2025-07-30,Grocery,1804.88,WH-DEL,Tier-2
ORD100090,2025-03-06,Fashion,424.42,WH-DEL,Metro
ORD100091,2025-10-13,Furniture,4347.15,WH-DEL,Tier-3
ORD100092,2025-07-07,Fashion,392.86,WH-BLR,Tier-3
ORD100093,2025-06-10,Books,1636.55,WH-MUM,Tier-3
ORD100094,2025-05-07,Grocery,2518.33,WH-MUM,Tier-3
ORD100095,2025-09-22,Beauty,829.15,WH-HYD,Metro
ORD100096,2025-06-02,Appliances,4016.17,WH-MUM,Metro
ORD100097,2025-02-06,Furniture,311.07,WH-MUM,Metro
ORD100098,2025-02-19,Books,1307.0,WH-BLR,Tier-2
ORD100099,2025-12-21,Fashion,347.47,WH-DEL,Tier-2
ORD100100,2025-12-07,Furniture,721.53,WH-DEL,Metro
ORD100101,2025-10-14,Fashion,902.3,WH-DEL,Tier-2
ORD100102,2025-04-22,Appliances,859.3,WH-DEL,Metro
ORD100103,2025-12-23,Electronics,3702.33,WH-KOL,Tier-2
ORD100104,2025-11-03,Fashion,524.31,WH-KOL,Metro
ORD100105,2025-10-18,Furniture,386.29,WH-MUM,Metro
ORD100106,2025-07-08,Grocery,948.75,WH-BLR,Tier-2
ORD100107,2025-04-25,Fashion,1466.55,WH-KOL,Metro
ORD100108,2025-02-10,Grocery,2003.31,WH-DEL,Tier-2
ORD100109,2025-12-06,Books,3371.31,WH-KOL,Metro
ORD100110,2025-07-11,Fashion,239.84,WH-MUM,Remote
ORD100111,2025-03-27,Fashion,5171.46,WH-KOL,Metro
ORD100112,2025-05-09,Beauty,695.93,WH-BLR,Metro
ORD100113,2025-09-01,Beauty,1071.94,WH-DEL,Tier-3
ORD100114,2025-03-16,Electronics,1364.49,WH-MUM,Metro
ORD100115,2025-11-24,Grocery,235.97,WH-BLR,Tier-2
ORD100116,2025-10-29,Electronics,947.71,WH-BLR,Tier-3
ORD100117,2025-10-19,Beauty,2962.05,WH-BLR,Metro
ORD100118,2025-07-01,Fashion,2219.73,WH-BLR,Remote
ORD100119,2025-09-21,Fashion,897.52,WH-KOL,Tier-2
ORD100120,2025-09-03,Fashion,1588.32,WH-KOL,Tier-3
ORD100121,2025-10-01,Grocery,1937.64,WH-KOL,Remote
ORD100122,2025-02-05,Electronics,1088.96,WH-KOL,Tier-3
ORD100123,2025-06-24,Books,1986.23,WH-HYD,Metro
ORD100124,2025-01-18,Grocery,706.02,WH-KOL,Tier-2
ORD100125,2025-07-27,Grocery,628.74,WH-BLR,Tier-2
ORD100126,2025-05-19,Books,1056.17,WH-MUM,Tier-2
ORD100127,2025-03-02,Electronics,194.14,WH-HYD,Tier-3
ORD100128,2025-02-13,Electronics,2332.32,WH-MUM,Metro
ORD100129,2025-09-04,Fashion,1431.55,WH-DEL,Tier-2
ORD100130,2025-03-13,Books,1121.32,WH-DEL,Tier-2
ORD100131,2025-12-12,Electronics,2533.2,WH-MUM,Metro
ORD100132,2025-09-02,Books,1825.64,WH-MUM,Tier-2
ORD100133,2025-05-26,Grocery,3137.06,WH-HYD,Metro
ORD100134,2025-09-06,Grocery,4740.38,WH-DEL,Tier-2
ORD100135,2025-01-10,Grocery,1744.89,WH-MUM,Metro
ORD100136,2025-12-21,Electronics,753.11,WH-DEL,Tier-3
ORD100137,2025-07-22,Fashion,2392.07,WH-MUM,Metro
ORD100138,2025-11-04,Appliances,755.1,WH-MUM,Tier-2
ORD100139,2025-02-04,Fashion,727.92,WH-DEL,Tier-2
ORD100140,2025-07-24,Grocery,1059.84,WH-MUM,Tier-2
ORD100141,2025-07-26,Beauty,3382.95,WH-KOL,Tier-2
ORD100142,2025-12-15,Electronics,2440.97,WH-MUM,Tier-3
ORD100143,2025-08-29,Fashion,2720.78,WH-KOL,Metro
ORD100144,2025-07-18,Fashion,1477.8,WH-HYD,Tier-2
ORD100145,2025-04-23,Electronics,2112.28,WH-KOL,Tier-2
ORD100146,2025-05-20,Beauty,2166.15,WH-HYD,Tier-2
ORD100147,2025-08-07,Beauty,772.29,WH-DEL,Tier-3
ORD100148,2025-07-04,Fashion,2144.43,WH-DEL,Tier-2
ORD100149,2025-01-10,Beauty,1335.22,WH-DEL,Metro
ORD100150,2025-11-16,Electronics,968.77,WH-BLR,Tier-2
ORD100151,2025-12-04,Beauty,1006.68,WH-BLR,Tier-2
ORD100152,2025-02-28,Books,860.97,WH-BLR,Metro
ORD100153,2025-08-21,Fashion,1069.83,WH-HYD,Tier-2
ORD100154,2025-02-15,Grocery,1330.77,WH-BLR,Tier-3
ORD100155,2025-10-06,Books,2280.18,WH-DEL,Tier-3
ORD100156,2025-04-29,Fashion,4480.24,WH-BLR,Metro
ORD100157,2025-10-03,Fashion,2110.75,WH-BLR,Tier-3
ORD100158,2025-10-21,Furniture,1471.04,WH-DEL,Metro
ORD100159,2025-11-01,Electronics,270.4,WH-KOL,Metro
ORD100160,2025-02-15,Electronics,9275.61,WH-MUM,Tier-2
ORD100161,2025-12-09,Fashion,760.24,WH-KOL,Tier-2
ORD100162,2025-04-07,Appliances,780.16,WH-BLR,Tier-2
ORD100163,2025-01-16,Fashion,3682.48,WH-MUM,Tier-3
ORD100164,2025-08-22,Grocery,555.04,WH-BLR,Metro
ORD100165,2025-06-05,Electronics,1803.4,WH-MUM,Tier-2
ORD100166,2025-11-17,Electronics,924.89,WH-BLR,Metro
ORD100167,2025-11-11,Furniture,1094.28,WH-BLR,Metro
ORD100168,2025-05-14,Electronics,1393.77,WH-DEL,Metro
ORD100169,2025-12-19,Furniture,515.47,WH-DEL,Tier-3
ORD100170,2025-05-03,Fashion,1213.44,WH-BLR,Tier-2
ORD100171,2025-08-05,Furniture,3043.5,WH-KOL,Tier-2
ORD100172,2025-04-18,Fashion,1261.82,WH-DEL,Tier-2
ORD100173,2025-12-15,Books,22001.34,WH-MUM,Metro
ORD100174,2025-03-11,Electronics,1441.28,WH-MUM,Metro
ORD100175,2025-01-19,Books,514.26,WH-MUM,Tier-2
ORD100176,2025-07-02,Fashion,882.5,WH-HYD,Tier-3
ORD100177,2025-12-29,Electronics,284.97,WH-MUM,Tier-3
ORD100178,2025-12-03,Grocery,3171.91,WH-BLR,Metro
ORD100179,2025-10-26,Fashion,4838.56,WH-BLR,Tier-2
ORD100180,2025-12-03,Grocery,2629.0,WH-MUM,Tier-2
ORD100181,2025-12-04,Books,683.96,WH-MUM,Tier-3
ORD100182,2025-08-07,Books,666.5,WH-DEL,Metro
ORD100183,2025-05-13,Furniture,2414.65,WH-KOL,Metro
ORD100184,2025-11-02,Beauty,882.93,WH-MUM,Remote
ORD100185,2025-10-04,Grocery,672.82,WH-MUM,Metro
ORD100186,2025-06-07,Electronics,615.25,WH-BLR,Remote
ORD100187,2025-02-09,Books,5974.42,WH-MUM,Tier-2
ORD100188,2025-10-26,Fashion,923.98,WH-DEL,Tier-2
ORD100189,2025-04-21,Electronics,2605.42,WH-KOL,Metro
ORD100190,2025-12-15,Electronics,2079.04,WH-HYD,Tier-3
ORD100191,2025-04-12,Fashion,679.3,WH-BLR,Metro
ORD100192,2025-02-21,Fashion,1383.59,WH-KOL,Tier-2
ORD100193,2025-11-17,Fashion,601.29,WH-HYD,Metro
ORD100194,2025-03-06,Grocery,4265.68,WH-BLR,Metro
ORD100195,2025-03-17,Appliances,646.36,WH-KOL,Tier-3
ORD100196,2025-09-09,Beauty,1794.03,WH-DEL,Metro
ORD100197,2025-11-29,Electronics,902.02,WH-HYD,Tier-2
ORD100198,2025-03-24,Electronics,639.11,WH-MUM,Tier-3
ORD100199,2025-05-11,Grocery,3171.15,WH-BLR,Tier-2
ORD100200,2025-11-03,Electronics,882.77,WH-HYD,Tier-2
ORD100201,2025-12-24,Fashion,309.92,WH-MUM,Metro
ORD100202,2025-07-30,Furniture,1880.79,WH-KOL,Tier-3
ORD100203,2025-03-02,Books,760.52,WH-BLR,Metro
ORD100204,2025-01-06,Fashion,1519.41,WH-MUM,Tier-2
ORD100205,2025-04-07,Furniture,2656.85,WH-HYD,Tier-3
ORD100206,2025-02-25,Furniture,1781.66,WH-DEL,Tier-3
ORD100207,2025-10-08,Books,2727.23,WH-MUM,Metro
ORD100208,2025-02-21,Fashion,474.13,WH-DEL,Metro
ORD100209,2025-08-01,Appliances,3493.88,WH-HYD,Tier-3
ORD100210,2025-10-12,Appliances,1055.79,WH-DEL,Tier-3
ORD100211,2025-09-02,Fashion,427.81,WH-MUM,Tier-2
ORD100212,2025-03-25,Furniture,187.98,WH-DEL,Metro
ORD100213,2025-11-10,Furniture,1046.59,WH-DEL,Tier-2
ORD100214,2025-10-18,Fashion,714.11,WH-HYD,Remote
ORD100215,2025-10-24,Grocery,723.02,WH-DEL,Metro
ORD100216,2025-02-25,Fashion,1750.21,WH-MUM,Tier-3
ORD100217,2025-02-22,Appliances,5304.0,WH-BLR,Tier-2
ORD100218,2025-12-12,Electronics,651.11,WH-BLR,Tier-3
ORD100219,2025-06-17,Grocery,1441.77,WH-MUM,Metro
ORD100220,2025-05-07,Electronics,850.46,WH-DEL,Metro
ORD100221,2025-07-25,Furniture,608.16,WH-HYD,Metro
ORD100222,2025-10-04,Appliances,594.22,WH-KOL,Tier-3
ORD100223,2025-12-20,Grocery,4983.2,WH-DEL,Tier-2
ORD100224,2025-05-01,Grocery,1353.73,WH-HYD,Tier-2
ORD100225,2025-12-12,Fashion,1150.47,WH-DEL,Remote
ORD100226,2025-01-11,Fashion,774.15,WH-MUM,Metro
ORD100227,2025-08-22,Appliances,1413.45,WH-DEL,Tier-3
ORD100228,2025-09-24,Electronics,803.99,WH-MUM,Metro
ORD100229,2025-02-14,Appliances,6273.13,WH-MUM,Metro
ORD100230,2025-02-28,Furniture,1638.36,WH-KOL,Tier-2
ORD100231,2025-06-26,Books,1497.52,WH-DEL,Remote
ORD100232,2025-12-23,Fashion,1470.63,WH-BLR,Tier-3
ORD100233,2025-09-08,Grocery,3813.29,WH-DEL,Metro
ORD100234,2025-12-14,Electronics,1315.99,WH-KOL,Remote
ORD100235,2025-11-10,Beauty,914.91,WH-BLR,Tier-3
ORD100236,2025-07-16,Furniture,1523.63,WH-KOL,Tier-3
ORD100237,2025-11-05,Furniture,2522.67,WH-KOL,Tier-2
ORD100238,2025-01-08,Appliances,3450.83,WH-DEL,Metro
ORD100239,2025-02-15,Fashion,1590.83,WH-MUM,Metro
ORD100240,2025-11-17,Furniture,1609.22,WH-BLR,Tier-2
ORD100241,2025-11-08,Books,2963.69,WH-BLR,Metro
ORD100242,2025-04-08,Electronics,150.31,WH-MUM,Tier-2
ORD100243,2025-08-12,Beauty,1437.37,WH-HYD,Tier-2
ORD100244,2025-09-12,Books,839.21,WH-KOL,Tier-2
ORD100245,2025-11-27,Beauty,1403.09,WH-BLR,Tier-3
ORD100246,2025-09-11,Books,1780.34,WH-MUM,Tier-2
ORD100247,2025-06-23,Fashion,3626.43,WH-DEL,Tier-2
ORD100248,2025-06-07,Grocery,442.48,WH-MUM,Metro
ORD100249,2025-06-28,Electronics,753.39,WH-DEL,Metro
ORD100250,2025-10-01,Appliances,657.5,WH-KOL,Metro
ORD100251,2025-11-27,Electronics,824.28,WH-MUM,Metro
ORD100252,2025-07-10,Books,447.57,WH-BLR,Tier-2
ORD100253,2025-04-15,Fashion,7405.31,WH-DEL,Tier-2
ORD100254,2025-04-10,Electronics,2688.1,WH-BLR,Remote
ORD100255,2025-10-26,Electronics,720.32,WH-KOL,Metro
ORD100256,2025-11-13,Appliances,1356.14,WH-KOL,Metro
ORD100257,2025-02-14,Electronics,945.96,WH-BLR,Tier-3
ORD100258,2025-01-28,Electronics,1517.62,WH-DEL,Metro
ORD100259,2025-09-07,Electronics,724.74,WH-HYD,Tier-2
ORD100260,2025-03-03,Fashion,396.06,WH-MUM,Tier-3
ORD100261,2025-11-15,Beauty,847.43,WH-MUM,Tier-2
ORD100262,2025-05-11,Grocery,4044.27,WH-KOL,Metro
ORD100263,2025-03-02,Fashion,408.3,WH-BLR,Metro
ORD100264,2025-12-11,Electronics,3221.81,WH-DEL,Remote
ORD100265,2025-03-11,Electronics,2096.36,WH-BLR,Tier-3
ORD100266,2025-04-30,Fashion,972.91,WH-MUM,Tier-3
ORD100267,2025-03-06,Electronics,2440.72,WH-HYD,Metro
ORD100268,2025-02-18,Electronics,1582.71,WH-DEL,Tier-2
ORD100269,2025-01-09,Electronics,242.27,WH-DEL,Tier-3
ORD100270,2025-01-24,Fashion,969.1,WH-BLR,Metro
ORD100271,2025-03-15,Appliances,992.08,WH-HYD,Remote
ORD100272,2025-01-23,Electronics,4255.63,WH-MUM,Remote
ORD100273,2025-09-06,Furniture,971.98,WH-DEL,Metro
ORD100274,2025-10-09,Furniture,1131.51,WH-BLR,Metro
ORD100275,2025-06-15,Books,529.01,WH-DEL,Metro
ORD100276,2025-05-14,Electronics,1273.3,WH-DEL,Tier-2
ORD100277,2025-08-01,Books,517.44,WH-MUM,Tier-2
ORD100278,2025-11-29,Books,3193.37,WH-DEL,Tier-2
ORD100279,2025-11-22,Beauty,956.78,WH-MUM,Tier-2
ORD100280,2025-01-19,Books,516.45,WH-DEL,Metro
ORD100281,2025-03-18,Electronics,3570.31,WH-DEL,Metro
ORD100282,2025-04-10,Beauty,471.15,WH-KOL,Tier-2
ORD100283,2025-04-15,Books,1643.0,WH-BLR,Tier-2
ORD100284,2025-08-29,Fashion,407.55,WH-BLR,Remote
ORD100285,2025-06-24,Electronics,1693.27,WH-BLR,Metro
ORD100286,2025-01-21,Beauty,3146.49,WH-BLR,Tier-3
ORD100287,2025-06-06,Electronics,797.46,WH-DEL,Metro
ORD100288,2025-08-09,Appliances,521.22,WH-BLR,Tier-3
ORD100289,2025-02-12,Fashion,534.36,WH-BLR,Metro
ORD100290,2025-11-18,Appliances,1281.4,WH-MUM,Metro
ORD100291,2025-01-22,Electronics,6262.91,WH-DEL,Tier-2
ORD100292,2025-12-12,Appliances,3147.51,WH-DEL,Tier-3
ORD100293,2025-02-11,Grocery,3416.54,WH-MUM,Metro
ORD100294,2025-11-20,Beauty,569.11,WH-KOL,Metro
ORD100295,2025-12-06,Electronics,3221.28,WH-BLR,Tier-2
ORD100296,2025-12-26,Electronics,2950.28,WH-DEL,Tier-2
ORD100297,2025-11-10,Electronics,1709.58,WH-MUM,Metro
ORD100298,2025-11-04,Electronics,808.16,WH-HYD,Metro
ORD100299,2025-09-27,Beauty,2915.37,WH-BLR,Tier-3
ORD100300,2025-11-03,Electronics,778.77,WH-KOL,Metro
ORD100301,2025-02-26,Fashion,2266.01,WH-DEL,Metro
ORD100302,2025-08-14,Books,987.76,WH-DEL,Metro
ORD100303,2025-08-05,Fashion,608.86,WH-DEL,Tier-2
ORD100304,2025-11-24,Fashion,968.55,WH-MUM,Remote
ORD100305,2025-07-14,Furniture,6466.07,WH-BLR,Tier-3
ORD100306,2025-06-11,Fashion,527.05,WH-KOL,Tier-3
ORD100307,2025-09-26,Books,2960.8,WH-HYD,Tier-2
ORD100308,2025-04-22,Furniture,2623.36,WH-BLR,Metro
ORD100309,2025-02-28,Fashion,1155.74,WH-BLR,Remote
ORD100310,2025-07-20,Grocery,861.19,WH-MUM,Metro
ORD100311,2025-06-25,Books,493.4,WH-HYD,Tier-3
ORD100312,2025-04-08,Fashion,3755.18,WH-DEL,Metro
ORD100313,2025-06-04,Appliances,517.12,WH-DEL,Tier-2
ORD100314,2025-06-03,Fashion,143.93,WH-BLR,Remote
ORD100315,2025-05-18,Grocery,1713.61,WH-KOL,Tier-3
ORD100316,2025-06-09,Appliances,454.59,WH-BLR,Tier-3
ORD100317,2025-10-10,Electronics,1226.86,WH-MUM,Tier-3
ORD100318,2025-05-05,Grocery,457.13,WH-KOL,Tier-2
ORD100319,2025-12-18,Electronics,841.3,WH-HYD,Metro
ORD100320,2025-12-10,Appliances,1415.91,WH-DEL,Tier-2
ORD100321,2025-07-22,Furniture,1664.42,WH-HYD,Metro
ORD100322,2025-05-18,Fashion,3908.92,WH-BLR,Tier-2
ORD100323,2025-08-13,Electronics,1340.93,WH-BLR,Metro
ORD100324,2025-11-22,Beauty,1459.34,WH-BLR,Tier-3
ORD100325,2025-10-01,Fashion,1105.6,WH-MUM,Tier-3
ORD100326,2025-11-10,Fashion,2805.0,WH-DEL,Metro
ORD100327,2025-08-12,Electronics,541.95,WH-DEL,Tier-2
ORD100328,2025-09-23,Grocery,943.83,WH-MUM,Tier-3
ORD100329,2025-05-02,Fashion,1338.06,WH-HYD,Tier-3
ORD100330,2025-10-23,Books,648.76,WH-MUM,Metro
ORD100331,2025-03-27,Appliances,4091.31,WH-BLR,Tier-2
ORD100332,2025-10-12,Electronics,1728.15,WH-MUM,Metro
ORD100333,2025-11-25,Grocery,502.44,WH-HYD,Tier-3
ORD100334,2025-02-25,Fashion,1856.91,WH-MUM,Tier-3
ORD100335,2025-09-16,Electronics,3820.27,WH-KOL,Metro
ORD100336,2025-02-09,Furniture,753.15,WH-HYD,Metro
ORD100337,2025-10-20,Fashion,3981.05,WH-HYD,Metro
ORD100338,2025-02-05,Books,1645.04,WH-HYD,Metro
ORD100339,2025-12-15,Grocery,1573.95,WH-DEL,Metro
ORD100340,2025-02-27,Fashion,3493.69,WH-KOL,Tier-3
ORD100341,2025-12-21,Beauty,1576.51,WH-DEL,Tier-2
ORD100342,2025-11-09,Grocery,1830.29,WH-MUM,Tier-2
ORD100343,2025-09-07,Electronics,1442.07,WH-BLR,Tier-3
ORD100344,2025-11-04,Grocery,329.3,WH-HYD,Tier-3
ORD100345,2025-11-08,Beauty,1861.65,WH-MUM,Metro
ORD100346,2025-12-17,Fashion,1638.81,WH-HYD,Tier-3
ORD100347,2025-04-17,Fashion,988.29,WH-KOL,Tier-2
ORD100348,2025-09-05,Grocery,174.23,WH-MUM,Metro
ORD100349,2025-02-09,Fashion,2203.19,WH-MUM,Metro
ORD100350,2025-09-16,Electronics,672.98,WH-BLR,Tier-3
ORD100351,2025-03-13,Grocery,543.81,WH-MUM,Metro
ORD100352,2025-08-26,Books,503.96,WH-DEL,Metro
ORD100353,2025-08-29,Appliances,279.44,WH-MUM,Tier-2
ORD100354,2025-07-15,Electronics,1937.92,WH-MUM,Remote
ORD100355,2025-08-08,Fashion,8820.35,WH-DEL,Tier-3
ORD100356,2025-10-31,Electronics,842.25,WH-MUM,Tier-3
ORD100357,2025-11-09,Fashion,2583.26,WH-BLR,Metro
ORD100358,2025-07-26,Furniture,1242.79,WH-BLR,Tier-3
ORD100359,2025-09-09,Fashion,1670.02,WH-HYD,Tier-2
ORD100360,2025-12-13,Books,1269.92,WH-MUM,Remote
ORD100361,2025-02-20,Grocery,2504.51,WH-BLR,Tier-2
ORD100362,2025-02-19,Furniture,509.52,WH-MUM,Tier-2
ORD100363,2025-02-06,Books,1450.48,WH-DEL,Remote
ORD100364,2025-10-03,Appliances,3320.44,WH-HYD,Remote
ORD100365,2025-06-25,Books,2347.09,WH-MUM,Metro
ORD100366,2025-11-02,Books,1739.02,WH-DEL,Metro
ORD100367,2025-10-06,Grocery,1448.11,WH-HYD,Tier-2
ORD100368,2025-05-21,Fashion,1003.55,WH-KOL,Metro
ORD100369,2025-12-05,Fashion,1010.11,WH-DEL,Metro
ORD100370,2025-10-30,Books,386.59,WH-DEL,Metro
ORD100371,2025-04-24,Electronics,2003.29,WH-BLR,Tier-2
ORD100372,2025-06-03,Beauty,3991.26,WH-MUM,Tier-2
ORD100373,2025-05-13,Fashion,1694.65,WH-KOL,Metro
ORD100374,2025-03-08,Appliances,1357.36,WH-BLR,Tier-2
ORD100375,2025-03-04,Fashion,2163.02,WH-MUM,Metro
ORD100376,2025-12-15,Beauty,245.98,WH-DEL,Remote
ORD100377,2025-07-04,Electronics,892.7,WH-KOL,Metro
ORD100378,2025-06-11,Fashion,1262.59,WH-BLR,Tier-3
ORD100379,2025-10-22,Books,341.92,WH-KOL,Remote
ORD100380,2025-08-21,Fashion,1522.93,WH-BLR,Tier-2
ORD100381,2025-12-15,Fashion,304.72,WH-HYD,Tier-2
ORD100382,2025-11-04,Books,2328.31,WH-KOL,Metro
ORD100383,2025-07-21,Books,1604.69,WH-HYD,Metro
ORD100384,2025-06-08,Electronics,1149.77,WH-KOL,Metro
ORD100385,2025-12-28,Grocery,2463.03,WH-KOL,Tier-2
ORD100386,2025-10-18,Fashion,1506.62,WH-KOL,Remote
ORD100387,2025-12-19,Fashion,1959.24,WH-DEL,Metro
ORD100388,2025-02-19,Furniture,1680.49,WH-MUM,Tier-2
ORD100389,2025-11-22,Electronics,673.17,WH-BLR,Tier-3
ORD100390,2025-09-25,Grocery,4696.68,WH-BLR,Tier-2
ORD100391,2025-02-21,Fashion,3628.56,WH-DEL,Tier-2
ORD100392,2025-09-05,Books,1887.42,WH-BLR,Tier-2
ORD100393,2025-10-10,Grocery,1510.65,WH-KOL,Tier-2
ORD100394,2025-01-06,Fashion,2441.25,WH-BLR,Metro
ORD100395,2025-07-10,Beauty,3670.65,WH-BLR,Tier-2
ORD100396,2025-11-16,Books,6144.08,WH-BLR,Tier-2
ORD100397,2025-05-05,Fashion,868.52,WH-BLR,Metro
ORD100398,2025-07-12,Beauty,3092.25,WH-BLR,Tier-2
ORD100399,2025-07-05,Fashion,1249.17,WH-DEL,Tier-2
ORD100400,2025-05-07,Fashion,369.69,WH-MUM,Tier-2
ORD100401,2025-12-10,Fashion,2618.75,WH-HYD,Tier-2
ORD100402,2025-11-04,Electronics,4332.39,WH-MUM,Tier-2
ORD100403,2025-02-16,Appliances,2917.32,WH-DEL,Tier-3
ORD100404,2025-12-31,Grocery,1169.96,WH-DEL,Metro
ORD100405,2025-11-30,Books,1826.26,WH-BLR,Tier-2
ORD100406,2025-04-30,Fashion,2342.76,WH-BLR,Tier-2
ORD100407,2025-11-19,Electronics,2118.3,WH-HYD,Tier-2
ORD100408,2025-02-14,Fashion,3583.38,WH-DEL,Tier-3
ORD100409,2025-12-31,Electronics,2848.04,WH-BLR,Tier-3
ORD100410,2025-10-05,Beauty,842.97,WH-DEL,Metro
ORD100411,2025-10-01,Appliances,1368.11,WH-MUM,Tier-2
ORD100412,2025-02-08,Books,894.42,WH-BLR,Metro
ORD100413,2025-12-04,Appliances,1523.83,WH-BLR,Tier-3
ORD100414,2025-01-13,Fashion,300.34,WH-HYD,Remote
ORD100415,2025-04-12,Electronics,6264.18,WH-MUM,Tier-2
ORD100416,2025-03-02,Fashion,717.84,WH-DEL,Metro
ORD100417,2025-11-03,Books,888.45,WH-BLR,Metro
ORD100418,2025-03-25,Fashion,1431.1,WH-BLR,Metro
ORD100419,2025-12-08,Electronics,444.9,WH-BLR,Tier-2
ORD100420,2025-10-02,Furniture,1024.23,WH-MUM,Tier-3
ORD100421,2025-01-16,Fashion,1532.85,WH-HYD,Tier-2
ORD100422,2025-01-03,Grocery,5008.66,WH-HYD,Remote
ORD100423,2025-01-22,Electronics,1500.68,WH-BLR,Metro
ORD100424,2025-09-12,Grocery,968.25,WH-BLR,Metro
ORD100425,2025-11-09,Fashion,544.3,WH-BLR,Tier-2
ORD100426,2025-04-11,Books,7410.44,WH-HYD,Metro
ORD100427,2025-11-22,Appliances,1424.18,WH-DEL,Metro
ORD100428,2025-01-25,Electronics,1430.72,WH-HYD,Metro
ORD100429,2025-11-09,Books,447.12,WH-MUM,Tier-2
ORD100430,2025-12-13,Books,2038.13,WH-DEL,Metro
ORD100431,2025-11-02,Furniture,836.76,WH-DEL,Remote
ORD100432,2025-10-13,Beauty,4347.42,WH-DEL,Tier-3
ORD100433,2025-11-19,Books,1942.07,WH-MUM,Tier-3
ORD100434,2025-01-17,Fashion,1480.31,WH-BLR,Metro
ORD100435,2025-03-26,Fashion,464.87,WH-MUM,Metro
ORD100436,2025-02-22,Fashion,1238.24,WH-KOL,Tier-2
ORD100437,2025-08-01,Grocery,1128.84,WH-MUM,Metro
ORD100438,2025-10-26,Beauty,1477.89,WH-HYD,Tier-2
ORD100439,2025-09-22,Furniture,276.99,WH-KOL,Metro
ORD100440,2025-11-22,Fashion,647.0,WH-DEL,Tier-2
ORD100441,2025-03-07,Beauty,900.81,WH-MUM,Tier-2
ORD100442,2025-10-23,Appliances,1998.52,WH-BLR,Tier-2
ORD100443,2025-03-23,Fashion,285.91,WH-HYD,Tier-3
ORD100444,2025-04-24,Beauty,4045.56,WH-KOL,Metro
ORD100445,2025-10-16,Fashion,3617.63,WH-KOL,Metro
ORD100446,2025-12-26,Grocery,604.55,WH-BLR,Tier-2
ORD100447,2025-09-14,Grocery,9654.94,WH-KOL,Tier-3
ORD100448,2025-01-23,Beauty,1620.8,WH-MUM,Metro
ORD100449,2025-09-16,Fashion,1227.62,WH-DEL,Tier-3
ORD100450,2025-01-18,Fashion,2154.41,WH-BLR,Metro
ORD100451,2025-12-01,Furniture,1871.46,WH-MUM,Metro
ORD100452,2025-10-16,Books,1471.1,WH-DEL,Tier-2
ORD100453,2025-03-14,Electronics,562.49,WH-MUM,Metro
ORD100454,2025-02-08,Fashion,944.12,WH-KOL,Tier-2
ORD100455,2025-03-19,Beauty,1782.62,WH-MUM,Metro
ORD100456,2025-12-26,Appliances,2610.49,WH-KOL,Tier-2
ORD100457,2025-07-12,Fashion,4237.18,WH-MUM,Metro
ORD100458,2025-11-05,Fashion,929.12,WH-BLR,Metro
ORD100459,2025-09-25,Grocery,1427.09,WH-BLR,Metro
ORD100460,2025-08-29,Furniture,789.78,WH-HYD,Tier-3
ORD100461,2025-03-02,Grocery,3213.37,WH-HYD,Tier-3
ORD100462,2025-12-17,Appliances,1044.12,WH-BLR,Metro
ORD100463,2025-05-07,Electronics,836.86,WH-MUM,Remote
ORD100464,2025-08-31,Books,1407.49,WH-MUM,Metro
ORD100465,2025-10-14,Electronics,351.28,WH-DEL,Tier-3
ORD100466,2025-09-30,Books,2064.9,WH-DEL,Remote
ORD100467,2025-12-16,Electronics,1045.4,WH-HYD,Tier-2
ORD100468,2025-03-04,Electronics,12259.49,WH-MUM,Metro
ORD100469,2025-08-02,Electronics,816.84,WH-BLR,Remote
ORD100470,2025-06-19,Fashion,1081.53,WH-BLR,Tier-2
ORD100471,2025-07-19,Fashion,3022.35,WH-KOL,Metro
ORD100472,2025-02-20,Furniture,2503.89,WH-DEL,Tier-3
ORD100473,2025-02-26,Books,3067.85,WH-BLR,Tier-2
ORD100474,2025-04-27,Grocery,1070.85,WH-HYD,Tier-2
ORD100475,2025-05-09,Grocery,535.08,WH-DEL,Tier-2
ORD100476,2025-06-29,Fashion,11322.39,WH-MUM,Remote
ORD100477,2025-09-14,Books,2024.47,WH-BLR,Tier-2
ORD100478,2025-09-24,Electronics,1604.49,WH-HYD,Tier-3
ORD100479,2025-06-23,Fashion,2552.07,WH-DEL,Metro
ORD100480,2025-06-21,Electronics,472.21,WH-MUM,Tier-2
ORD100481,2025-04-02,Fashion,929.69,WH-MUM,Tier-2
ORD100482,2025-09-05,Grocery,581.49,WH-MUM,Metro
ORD100483,2025-05-14,Electronics,1530.78,WH-DEL,Metro
ORD100484,2025-01-16,Electronics,444.74,WH-MUM,Metro
ORD100485,2025-06-25,Books,2296.21,WH-MUM,Metro
ORD100486,2025-07-19,Electronics,3452.42,WH-MUM,Tier-2
ORD100487,2025-04-05,Furniture,3352.26,WH-KOL,Metro
ORD100488,2025-08-29,Fashion,1905.18,WH-MUM,Tier-3
ORD100489,2025-08-26,Books,1562.09,WH-MUM,Tier-3
ORD100490,2025-10-14,Appliances,958.73,WH-MUM,Tier-2
ORD100491,2025-09-30,Electronics,1917.61,WH-DEL,Tier-3
ORD100492,2025-10-01,Books,1226.78,WH-KOL,Tier-2
ORD100493,2025-05-13,Fashion,300.15,WH-KOL,Remote
ORD100494,2025-11-06,Fashion,817.79,WH-MUM,Tier-3
ORD100495,2025-08-19,Furniture,2524.61,WH-MUM,Metro
ORD100496,2025-07-01,Appliances,544.25,WH-MUM,Tier-3
ORD100497,2025-09-21,Fashion,535.76,WH-HYD,Tier-2
ORD100498,2025-06-01,Fashion,1141.67,WH-DEL,Tier-3
ORD100499,2025-08-04,Electronics,236.25,WH-MUM,Metro
ORD100500,2025-10-23,Grocery,2401.09,WH-DEL,Tier-2
ORD100501,2025-12-02,Beauty,2237.12,WH-BLR,Tier-3
ORD100502,2025-12-11,Fashion,2857.6,WH-DEL,Remote
ORD100503,2025-07-31,Beauty,1598.77,WH-MUM,Metro
ORD100504,2025-08-07,Electronics,677.01,WH-MUM,Tier-2
ORD100505,2025-11-09,Books,500.67,WH-BLR,Metro
ORD100506,2025-05-13,Beauty,2081.33,WH-BLR,Tier-3
ORD100507,2025-11-19,Appliances,2374.04,WH-BLR,Metro
ORD100508,2025-07-27,Electronics,548.17,WH-HYD,Remote
ORD100509,2025-02-18,Fashion,492.48,WH-DEL,Tier-2
ORD100510,2025-01-31,Electronics,1319.19,WH-DEL,Metro
ORD100511,2025-11-20,Furniture,1494.1,WH-MUM,Metro
ORD100512,2025-01-24,Beauty,2829.62,WH-KOL,Tier-2
ORD100513,2025-04-28,Fashion,2275.39,WH-KOL,Tier-2
ORD100514,2025-05-21,Electronics,1256.36,WH-DEL,Tier-2
ORD100515,2025-03-14,Fashion,3066.85,WH-DEL,Tier-2
ORD100516,2025-05-12,Grocery,1012.69,WH-HYD,Tier-2
ORD100517,2025-10-25,Grocery,1046.45,WH-HYD,Metro
ORD100518,2025-01-07,Fashion,2640.2,WH-BLR,Metro
ORD100519,2025-11-16,Appliances,2881.45,WH-DEL,Metro
ORD100520,2025-11-24,Electronics,2942.4,WH-BLR,Metro
ORD100521,2025-06-06,Furniture,1160.27,WH-HYD,Tier-3
ORD100522,2025-03-06,Fashion,1418.41,WH-DEL,Metro
ORD100523,2025-09-10,Electronics,669.76,WH-KOL,Tier-2
ORD100524,2025-02-20,Furniture,2751.65,WH-BLR,Metro
ORD100525,2025-06-03,Furniture,834.6,WH-DEL,Metro
ORD100526,2025-12-21,Fashion,271.17,WH-HYD,Metro
ORD100527,2025-12-30,Books,941.2,WH-HYD,Metro
ORD100528,2025-11-02,Grocery,675.45,WH-HYD,Metro
ORD100529,2025-05-11,Fashion,153.61,WH-BLR,Tier-3
ORD100530,2025-10-10,Beauty,846.59,WH-KOL,Metro
ORD100531,2025-10-15,Beauty,2504.8,WH-KOL,Tier-2
ORD100532,2025-06-12,Electronics,1864.88,WH-KOL,Remote
ORD100533,2025-09-27,Beauty,1862.08,WH-DEL,Metro
ORD100534,2025-01-05,Appliances,4190.38,WH-HYD,Tier-2
ORD100535,2025-03-29,Electronics,842.96,WH-BLR,Tier-3
ORD100536,2025-08-09,Grocery,535.76,WH-MUM,Metro
ORD100537,2025-03-10,Electronics,1988.56,WH-BLR,Metro
ORD100538,2025-03-11,Grocery,1782.3,WH-DEL,Tier-3
ORD100539,2025-11-19,Beauty,486.39,WH-KOL,Metro
ORD100540,2025-12-29,Fashion,1163.41,WH-DEL,Metro
ORD100541,2025-08-22,Grocery,2060.69,WH-MUM,Tier-2
ORD100542,2025-11-19,Fashion,1668.76,WH-HYD,Metro
ORD100543,2025-12-29,Grocery,2405.47,WH-DEL,Tier-3
ORD100544,2025-03-01,Books,782.31,WH-MUM,Tier-3
ORD100545,2025-07-08,Fashion,430.64,WH-DEL,Tier-3
ORD100546,2025-06-14,Grocery,645.06,WH-DEL,Metro
ORD100547,2025-02-03,Fashion,2674.41,WH-DEL,Remote
ORD100548,2025-10-28,Appliances,3067.23,WH-HYD,Tier-2
ORD100549,2025-07-02,Appliances,1171.42,WH-MUM,Tier-2
ORD100550,2025-07-17,Appliances,4492.13,WH-MUM,Tier-3
ORD100551,2025-03-05,Fashion,1176.52,WH-DEL,Tier-3
ORD100552,2025-03-18,Grocery,888.95,WH-KOL,Tier-2
ORD100553,2025-12-07,Furniture,433.23,WH-MUM,Tier-2
ORD100554,2025-01-19,Appliances,1260.72,WH-HYD,Tier-2
ORD100555,2025-04-08,Grocery,3128.79,WH-DEL,Metro
ORD100556,2025-05-03,Books,3695.28,WH-BLR,Metro
ORD100557,2025-07-25,Fashion,3150.83,WH-MUM,Tier-2
ORD100558,2025-09-04,Electronics,1997.39,WH-BLR,Tier-2
ORD100559,2025-07-27,Beauty,4804.87,WH-BLR,Tier-3
ORD100560,2025-02-05,Electronics,617.11,WH-BLR,Tier-3
ORD100561,2025-04-13,Beauty,3456.5,WH-DEL,Tier-2
ORD100562,2025-11-20,Furniture,1677.39,WH-DEL,Metro
ORD100563,2025-09-25,Beauty,1585.18,WH-DEL,Tier-2
ORD100564,2025-09-30,Grocery,429.04,WH-MUM,Metro
ORD100565,2025-10-06,Books,1760.01,WH-MUM,Tier-3
ORD100566,2025-10-30,Appliances,3371.85,WH-KOL,Tier-2
ORD100567,2025-01-25,Grocery,243.97,WH-KOL,Tier-3
ORD100568,2025-06-04,Fashion,2531.18,WH-HYD,Metro
ORD100569,2025-08-15,Electronics,215.28,WH-MUM,Tier-3
ORD100570,2025-05-23,Fashion,430.99,WH-KOL,Tier-2
ORD100571,2025-11-21,Beauty,1242.1,WH-HYD,Metro
ORD100572,2025-07-22,Fashion,4751.27,WH-BLR,Tier-2
ORD100573,2025-11-01,Appliances,1208.97,WH-MUM,Metro
ORD100574,2025-11-23,Grocery,1950.76,WH-MUM,Metro
ORD100575,2025-08-01,Fashion,646.85,WH-HYD,Tier-2
ORD100576,2025-12-08,Beauty,1146.63,WH-DEL,Metro
ORD100577,2025-09-04,Electronics,1281.9,WH-MUM,Metro
ORD100578,2025-11-22,Grocery,4931.37,WH-BLR,Metro
ORD100579,2025-05-24,Grocery,736.69,WH-MUM,Metro
ORD100580,2025-07-29,Electronics,790.49,WH-DEL,Metro
ORD100581,2025-08-12,Fashion,3169.92,WH-DEL,Metro
ORD100582,2025-02-14,Appliances,1099.43,WH-MUM,Tier-2
ORD100583,2025-06-17,Electronics,1466.36,WH-DEL,Tier-2
ORD100584,2025-12-10,Books,1897.23,WH-KOL,Metro
ORD100585,2025-09-23,Furniture,804.96,WH-BLR,Tier-2
ORD100586,2025-03-16,Electronics,259.34,WH-DEL,Metro
ORD100587,2025-05-23,Fashion,3165.69,WH-MUM,Metro
ORD100588,2025-03-22,Electronics,1469.85,WH-BLR,Tier-2
ORD100589,2025-01-11,Books,482.23,WH-KOL,Tier-2
ORD100590,2025-12-12,Grocery,2496.08,WH-KOL,Metro
ORD100591,2025-07-08,Electronics,6683.44,WH-MUM,Metro
ORD100592,2025-05-10,Grocery,3477.55,WH-MUM,Tier-2
ORD100593,2025-09-09,Grocery,7078.04,WH-BLR,Tier-2
ORD100594,2025-01-04,Furniture,501.59,WH-DEL,Tier-2
ORD100595,2025-04-27,Electronics,1635.38,WH-BLR,Tier-3
ORD100596,2025-10-15,Electronics,1779.12,WH-MUM,Metro
ORD100597,2025-09-24,Fashion,1219.98,WH-BLR,Tier-3
ORD100598,2025-12-27,Appliances,1030.5,WH-DEL,Tier-3
ORD100599,2025-09-18,Furniture,125.51,WH-KOL,Remote
ORD100600,2025-07-20,Fashion,5187.43,WH-BLR,Metro
ORD100601,2025-10-30,Fashion,367.45,WH-HYD,Tier-3
ORD100602,2025-12-06,Appliances,2759.94,WH-HYD,Metro
ORD100603,2025-10-19,Electronics,1351.23,WH-BLR,Metro
ORD100604,2025-12-22,Grocery,1307.16,WH-KOL,Metro
ORD100605,2025-11-04,Fashion,1136.39,WH-DEL,Metro
ORD100606,2025-11-27,Fashion,1570.6,WH-DEL,Metro
ORD100607,2025-02-17,Grocery,2236.4,WH-DEL,Metro
ORD100608,2025-10-22,Fashion,2867.96,WH-MUM,Tier-2
ORD100609,2025-07-04,Grocery,1211.09,WH-BLR,Tier-2
ORD100610,2025-08-21,Electronics,510.61,WH-MUM,Tier-2
ORD100611,2025-10-02,Fashion,496.78,WH-HYD,Tier-2
ORD100612,2025-12-24,Grocery,3075.26,WH-KOL,Metro
ORD100613,2025-12-27,Electronics,1078.09,WH-MUM,Tier-2
ORD100614,2025-05-02,Furniture,590.03,WH-MUM,Tier-2
ORD100615,2025-10-23,Appliances,739.96,WH-BLR,Metro
ORD100616,2025-10-27,Beauty,1242.5,WH-KOL,Remote
ORD100617,2025-05-26,Fashion,479.77,WH-BLR,Tier-2
ORD100618,2025-02-22,Fashion,1306.48,WH-KOL,Tier-2
ORD100619,2025-01-18,Fashion,3649.88,WH-BLR,Tier-2
ORD100620,2025-11-03,Books,1218.1,WH-BLR,Tier-2
ORD100621,2025-07-25,Fashion,325.69,WH-BLR,Tier-2
ORD100622,2025-12-28,Fashion,2681.75,WH-MUM,Tier-3
ORD100623,2025-07-15,Appliances,3255.67,WH-MUM,Metro
ORD100624,2025-12-26,Electronics,3395.94,WH-KOL,Metro
ORD100625,2025-06-22,Grocery,1404.16,WH-DEL,Metro
ORD100626,2025-11-07,Grocery,8648.86,WH-BLR,Remote
ORD100627,2025-02-05,Furniture,2413.37,WH-DEL,Metro
ORD100628,2025-08-22,Appliances,14644.77,WH-MUM,Metro
ORD100629,2025-11-10,Fashion,3949.22,WH-DEL,Metro
ORD100630,2025-12-12,Furniture,3494.03,WH-HYD,Tier-2
ORD100631,2025-11-15,Grocery,813.93,WH-KOL,Remote
ORD100632,2025-01-16,Electronics,627.41,WH-DEL,Tier-2
ORD100633,2025-06-06,Books,1469.1,WH-MUM,Metro
ORD100634,2025-01-21,Appliances,1148.23,WH-MUM,Tier-3
ORD100635,2025-02-15,Beauty,871.26,WH-MUM,Remote
ORD100636,2025-10-07,Appliances,1206.99,WH-MUM,Tier-3
ORD100637,2025-10-17,Fashion,1143.18,WH-BLR,Tier-2
ORD100638,2025-11-02,Fashion,802.63,WH-MUM,Tier-2
ORD100639,2025-11-26,Fashion,2265.96,WH-KOL,Tier-3
ORD100640,2025-10-24,Electronics,734.11,WH-KOL,Tier-3
ORD100641,2025-11-09,Fashion,1293.99,WH-BLR,Tier-2
ORD100642,2025-01-21,Fashion,506.98,WH-KOL,Tier-2
ORD100643,2025-04-09,Electronics,1451.09,WH-HYD,Metro
ORD100644,2025-09-19,Books,1573.5,WH-BLR,Metro
ORD100645,2025-11-24,Electronics,620.76,WH-KOL,Metro
ORD100646,2025-01-02,Grocery,1417.11,WH-KOL,Tier-3
ORD100647,2025-08-05,Books,1238.61,WH-DEL,Remote
ORD100648,2025-10-08,Furniture,926.48,WH-HYD,Metro
ORD100649,2025-01-13,Electronics,933.51,WH-MUM,Tier-2
ORD100650,2025-06-18,Furniture,1916.46,WH-DEL,Tier-3
ORD100651,2025-12-04,Appliances,1370.14,WH-HYD,Metro
ORD100652,2025-10-06,Books,2881.64,WH-DEL,Tier-2
ORD100653,2025-04-10,Fashion,584.59,WH-MUM,Tier-3
ORD100654,2025-11-23,Electronics,1152.8,WH-DEL,Metro
ORD100655,2025-05-27,Furniture,819.32,WH-HYD,Tier-2
ORD100656,2025-11-23,Fashion,1405.82,WH-HYD,Tier-2
ORD100657,2025-05-06,Books,1661.27,WH-BLR,Tier-3
ORD100658,2025-09-06,Furniture,520.33,WH-MUM,Metro
ORD100659,2025-06-16,Appliances,2152.56,WH-BLR,Metro
ORD100660,2025-04-26,Beauty,7557.03,WH-DEL,Metro
ORD100661,2025-12-02,Grocery,1535.32,WH-MUM,Tier-2
ORD100662,2025-03-20,Beauty,668.98,WH-KOL,Metro
ORD100663,2025-02-05,Furniture,1060.41,WH-DEL,Tier-2
ORD100664,2025-05-24,Electronics,1033.45,WH-MUM,Tier-2
ORD100665,2025-10-18,Books,785.38,WH-HYD,Tier-3
ORD100666,2025-11-11,Appliances,2387.92,WH-BLR,Tier-3
ORD100667,2025-12-31,Beauty,311.52,WH-BLR,Metro
ORD100668,2025-05-05,Fashion,1665.66,WH-BLR,Metro
ORD100669,2025-06-21,Fashion,3760.79,WH-DEL,Metro
ORD100670,2025-02-27,Books,3571.71,WH-KOL,Tier-3
ORD100671,2025-08-30,Electronics,3039.98,WH-BLR,Tier-2
ORD100672,2025-12-31,Furniture,789.91,WH-HYD,Metro
ORD100673,2025-10-14,Grocery,4298.56,WH-BLR,Tier-3
ORD100674,2025-09-08,Electronics,1795.97,WH-MUM,Metro
ORD100675,2025-06-14,Electronics,4182.28,WH-DEL,Tier-2
ORD100676,2025-12-09,Books,3181.95,WH-HYD,Tier-2
ORD100677,2025-07-28,Electronics,1722.47,WH-KOL,Metro
ORD100678,2025-02-26,Appliances,1101.27,WH-DEL,Tier-3
ORD100679,2025-06-03,Appliances,8877.59,WH-MUM,Tier-3
ORD100680,2025-01-29,Furniture,322.5,WH-BLR,Tier-2
ORD100681,2025-03-26,Fashion,1165.88,WH-MUM,Tier-2
ORD100682,2025-01-08,Electronics,435.14,WH-KOL,Metro
ORD100683,2025-07-10,Books,1470.85,WH-DEL,Tier-2
ORD100684,2025-09-24,Electronics,1781.79,WH-MUM,Tier-2
ORD100685,2025-05-25,Fashion,800.84,WH-MUM,Metro
ORD100686,2025-06-26,Beauty,850.5,WH-BLR,Tier-3
ORD100687,2025-12-21,Fashion,465.69,WH-HYD,Tier-2
ORD100688,2025-10-27,Fashion,1922.78,WH-MUM,Metro
ORD100689,2025-08-16,Beauty,922.36,WH-KOL,Tier-2
ORD100690,2025-04-30,Electronics,1877.94,WH-MUM,Tier-3
ORD100691,2025-12-04,Electronics,880.94,WH-HYD,Metro
ORD100692,2025-04-09,Fashion,1632.28,WH-BLR,Tier-3
ORD100693,2025-05-17,Books,2420.33,WH-BLR,Metro
ORD100694,2025-12-08,Books,1964.12,WH-MUM,Metro
ORD100695,2025-08-11,Appliances,1585.28,WH-BLR,Tier-3
ORD100696,2025-10-25,Beauty,1233.08,WH-KOL,Metro
ORD100697,2025-09-06,Electronics,1962.05,WH-HYD,Tier-2
ORD100698,2025-10-01,Furniture,827.03,WH-MUM,Metro
ORD100699,2025-05-06,Electronics,1145.44,WH-DEL,Metro
ORD100700,2025-04-12,Beauty,1767.41,WH-DEL,Tier-2
ORD100701,2025-05-16,Beauty,4581.41,WH-DEL,Tier-2
ORD100702,2025-03-07,Fashion,820.91,WH-BLR,Metro
ORD100703,2025-11-28,Books,659.73,WH-MUM,Tier-3
ORD100704,2025-04-30,Furniture,1682.72,WH-BLR,Metro
ORD100705,2025-08-24,Electronics,3518.18,WH-KOL,Tier-3
ORD100706,2025-11-07,Furniture,2564.23,WH-MUM,Tier-3
ORD100707,2025-11-05,Beauty,1363.05,WH-HYD,Remote
ORD100708,2025-07-04,Fashion,3570.66,WH-KOL,Tier-3
ORD100709,2025-07-20,Electronics,314.78,WH-MUM,Tier-3
ORD100710,2025-12-30,Beauty,3008.37,WH-BLR,Remote
ORD100711,2025-10-07,Fashion,1041.74,WH-MUM,Tier-3
ORD100712,2025-11-13,Fashion,2217.18,WH-DEL,Tier-3
ORD100713,2025-12-06,Appliances,3000.05,WH-MUM,Metro
ORD100714,2025-11-06,Furniture,1563.95,WH-BLR,Tier-3
ORD100715,2025-03-19,Fashion,1416.74,WH-BLR,Tier-2
ORD100716,2025-08-25,Electronics,979.27,WH-DEL,Remote
ORD100717,2025-02-12,Books,5183.31,WH-HYD,Tier-3
ORD100718,2025-10-01,Grocery,1764.42,WH-BLR,Metro
ORD100719,2025-12-20,Furniture,1600.18,WH-HYD,Metro
ORD100720,2025-08-04,Books,4480.79,WH-MUM,Metro
ORD100721,2025-07-01,Electronics,896.05,WH-BLR,Tier-2
ORD100722,2025-01-16,Books,1096.83,WH-MUM,Tier-2
ORD100723,2025-12-21,Appliances,2835.42,WH-HYD,Metro
ORD100724,2025-02-13,Beauty,5538.53,WH-DEL,Metro
ORD100725,2025-01-18,Fashion,1388.01,WH-MUM,Metro
ORD100726,2025-04-14,Fashion,1824.88,WH-MUM,Tier-3
ORD100727,2025-01-28,Furniture,375.88,WH-MUM,Metro
ORD100728,2025-07-11,Beauty,3736.0,WH-MUM,Metro
ORD100729,2025-08-05,Beauty,563.11,WH-MUM,Tier-2
ORD100730,2025-05-12,Fashion,869.96,WH-MUM,Metro
ORD100731,2025-01-22,Grocery,1557.32,WH-MUM,Tier-2
ORD100732,2025-02-16,Electronics,796.93,WH-BLR,Tier-3
ORD100733,2025-06-11,Appliances,283.83,WH-MUM,Metro
ORD100734,2025-01-26,Books,498.42,WH-BLR,Tier-3
ORD100735,2025-10-13,Books,1449.18,WH-DEL,Tier-2
ORD100736,2025-03-28,Fashion,4433.86,WH-MUM,Metro
ORD100737,2025-05-07,Beauty,4157.38,WH-DEL,Metro
ORD100738,2025-06-15,Electronics,1818.23,WH-BLR,Metro
ORD100739,2025-06-25,Grocery,1518.35,WH-MUM,Metro
ORD100740,2025-01-01,Grocery,2535.43,WH-BLR,Metro
ORD100741,2025-02-17,Grocery,3868.15,WH-BLR,Remote
ORD100742,2025-11-25,Appliances,1470.93,WH-HYD,Metro
ORD100743,2025-01-01,Furniture,1511.92,WH-BLR,Remote
ORD100744,2025-08-02,Electronics,1576.31,WH-BLR,Tier-2
ORD100745,2025-07-25,Electronics,3003.95,WH-MUM,Tier-2
ORD100746,2025-05-20,Grocery,448.19,WH-MUM,Tier-2
ORD100747,2025-07-01,Appliances,1357.11,WH-KOL,Tier-3
ORD100748,2025-11-04,Grocery,1845.45,WH-KOL,Remote
ORD100749,2025-11-20,Fashion,294.53,WH-MUM,Metro
ORD100750,2025-04-20,Electronics,2789.76,WH-BLR,Metro
ORD100751,2025-05-16,Books,3168.29,WH-MUM,Metro
ORD100752,2025-04-12,Grocery,282.34,WH-MUM,Metro
ORD100753,2025-07-21,Grocery,962.29,WH-MUM,Metro
ORD100754,2025-10-09,Grocery,988.25,WH-BLR,Tier-3
ORD100755,2025-04-06,Fashion,657.81,WH-BLR,Metro
ORD100756,2025-05-19,Fashion,734.54,WH-BLR,Tier-3
ORD100757,2025-12-13,Electronics,881.89,WH-MUM,Tier-3
ORD100758,2025-01-21,Appliances,2181.91,WH-DEL,Tier-2
ORD100759,2025-07-13,Fashion,3633.48,WH-KOL,Tier-2
ORD100760,2025-10-17,Fashion,2082.78,WH-BLR,Tier-2
ORD100761,2025-03-05,Beauty,644.78,WH-HYD,Metro
ORD100762,2025-01-20,Fashion,2522.05,WH-BLR,Metro
ORD100763,2025-02-28,Grocery,2171.55,WH-BLR,Metro
ORD100764,2025-12-10,Fashion,128.19,WH-DEL,Metro
ORD100765,2025-01-04,Fashion,3611.67,WH-BLR,Tier-2
ORD100766,2025-03-21,Electronics,1490.43,WH-KOL,Metro
ORD100767,2025-01-14,Books,1535.37,WH-KOL,Metro
ORD100768,2025-02-16,Grocery,332.18,WH-BLR,Tier-3
ORD100769,2025-09-18,Appliances,4871.39,WH-BLR,Tier-2
ORD100770,2025-04-12,Beauty,1753.85,WH-BLR,Metro
ORD100771,2025-08-28,Electronics,2490.13,WH-KOL,Metro
ORD100772,2025-09-06,Furniture,464.5,WH-BLR,Metro
ORD100773,2025-11-22,Electronics,2017.11,WH-HYD,Tier-2
ORD100774,2025-01-02,Grocery,2049.53,WH-MUM,Tier-2
ORD100775,2025-11-23,Books,1182.69,WH-DEL,Tier-3
ORD100776,2025-09-18,Electronics,476.02,WH-BLR,Metro
ORD100777,2025-03-10,Beauty,1275.18,WH-HYD,Tier-3
ORD100778,2025-11-02,Grocery,623.88,WH-DEL,Metro
ORD100779,2025-11-24,Fashion,766.19,WH-BLR,Metro
ORD100780,2025-04-17,Electronics,3388.11,WH-BLR,Tier-3
ORD100781,2025-12-10,Grocery,1435.69,WH-MUM,Tier-3
ORD100782,2025-07-10,Grocery,1255.52,WH-DEL,Tier-2
ORD100783,2025-09-11,Fashion,523.03,WH-HYD,Metro
ORD100784,2025-12-27,Grocery,1291.24,WH-MUM,Tier-2
ORD100785,2025-06-01,Electronics,1187.79,WH-KOL,Tier-3
ORD100786,2025-11-12,Beauty,610.75,WH-BLR,Metro
ORD100787,2025-05-14,Fashion,3190.72,WH-HYD,Metro
ORD100788,2025-11-09,Grocery,3070.83,WH-KOL,Tier-2
ORD100789,2025-09-10,Books,720.83,WH-DEL,Tier-3
ORD100790,2025-04-01,Appliances,1838.42,WH-KOL,Tier-2
ORD100791,2025-06-23,Books,304.24,WH-MUM,Metro
ORD100792,2025-05-14,Beauty,1727.78,WH-DEL,Tier-3
ORD100793,2025-02-02,Electronics,2502.58,WH-BLR,Tier-3
ORD100794,2025-01-13,Fashion,545.54,WH-MUM,Tier-2
ORD100795,2025-05-26,Appliances,1355.62,WH-DEL,Metro
ORD100796,2025-01-08,Electronics,1483.39,WH-KOL,Metro
ORD100797,2025-03-11,Appliances,13511.57,WH-KOL,Tier-2
ORD100798,2025-10-20,Electronics,10558.11,WH-DEL,Tier-3
ORD100799,2025-10-16,Beauty,1732.87,WH-HYD,Tier-2
ORD100800,2025-10-24,Appliances,787.64,WH-HYD,Metro
ORD100801,2025-05-14,Grocery,1628.75,WH-HYD,Tier-3
ORD100802,2025-12-03,Fashion,3297.81,WH-BLR,Metro
ORD100803,2025-09-07,Beauty,351.02,WH-MUM,Remote
ORD100804,2025-02-22,Appliances,251.35,WH-MUM,Tier-2
ORD100805,2025-03-02,Books,535.51,WH-HYD,Tier-2
ORD100806,2025-10-12,Books,2464.83,WH-DEL,Metro
ORD100807,2025-03-14,Electronics,2582.49,WH-HYD,Metro
ORD100808,2025-08-02,Electronics,1908.05,WH-KOL,Remote
ORD100809,2025-12-29,Electronics,3257.14,WH-DEL,Tier-3
ORD100810,2025-01-02,Furniture,1158.33,WH-HYD,Tier-2
ORD100811,2025-01-07,Furniture,1078.41,WH-DEL,Tier-2
ORD100812,2025-12-30,Fashion,1822.71,WH-DEL,Metro
ORD100813,2025-09-03,Beauty,5266.01,WH-MUM,Tier-3
ORD100814,2025-02-23,Electronics,1861.09,WH-KOL,Metro
ORD100815,2025-12-05,Appliances,1240.66,WH-HYD,Metro
ORD100816,2025-11-30,Grocery,1848.75,WH-HYD,Tier-2
ORD100817,2025-08-14,Fashion,4180.96,WH-MUM,Tier-2
ORD100818,2025-09-19,Electronics,1004.4,WH-MUM,Tier-2
ORD100819,2025-04-25,Appliances,936.04,WH-HYD,Remote
ORD100820,2025-01-22,Appliances,916.69,WH-KOL,Tier-3
ORD100821,2025-09-07,Fashion,2571.43,WH-KOL,Remote
ORD100822,2025-05-04,Grocery,718.09,WH-HYD,Tier-2
ORD100823,2025-10-04,Furniture,2236.19,WH-HYD,Metro
ORD100824,2025-11-18,Fashion,412.86,WH-BLR,Remote
ORD100825,2025-01-08,Furniture,1088.16,WH-HYD,Metro
ORD100826,2025-09-08,Fashion,1278.44,WH-MUM,Remote
ORD100827,2025-04-08,Books,5598.76,WH-HYD,Metro
ORD100828,2025-11-28,Appliances,2910.96,WH-BLR,Tier-3
ORD100829,2025-04-17,Electronics,1007.52,WH-KOL,Tier-3
ORD100830,2025-09-14,Books,884.59,WH-MUM,Tier-2
ORD100831,2025-08-21,Fashion,781.05,WH-BLR,Tier-3
ORD100832,2025-06-16,Beauty,545.78,WH-DEL,Metro
ORD100833,2025-10-08,Furniture,4878.45,WH-DEL,Metro
ORD100834,2025-10-20,Electronics,731.54,WH-HYD,Metro
ORD100835,2025-08-27,Appliances,5306.48,WH-DEL,Remote
ORD100836,2025-10-29,Electronics,1450.16,WH-DEL,Tier-2
ORD100837,2025-12-27,Books,1253.89,WH-BLR,Metro
ORD100838,2025-06-26,Beauty,1448.2,WH-HYD,Metro
ORD100839,2025-08-05,Appliances,3526.24,WH-KOL,Tier-3
ORD100840,2025-01-06,Grocery,676.19,WH-HYD,Tier-3
ORD100841,2025-11-08,Furniture,2011.34,WH-BLR,Remote
ORD100842,2025-08-07,Fashion,1298.49,WH-HYD,Metro
ORD100843,2025-06-21,Electronics,1849.44,WH-MUM,Tier-2
ORD100844,2025-02-09,Beauty,1137.33,WH-KOL,Tier-2
ORD100845,2025-12-03,Fashion,1003.47,WH-BLR,Tier-3
ORD100846,2025-06-15,Fashion,2038.96,WH-BLR,Tier-3
ORD100847,2025-10-09,Electronics,443.87,WH-BLR,Metro
ORD100848,2025-03-04,Beauty,4085.28,WH-HYD,Tier-2
ORD100849,2025-12-21,Beauty,1460.25,WH-DEL,Metro
ORD100850,2025-03-16,Fashion,863.0,WH-HYD,Tier-2
ORD100851,2025-03-25,Fashion,1798.8,WH-MUM,Metro
ORD100852,2025-11-24,Books,768.47,WH-KOL,Metro
ORD100853,2025-12-09,Fashion,1426.64,WH-MUM,Metro
ORD100854,2025-03-31,Beauty,1433.7,WH-BLR,Metro
ORD100855,2025-07-17,Beauty,3664.78,WH-HYD,Tier-2
ORD100856,2025-10-23,Appliances,1674.17,WH-DEL,Tier-2
ORD100857,2025-11-30,Electronics,546.93,WH-DEL,Remote
ORD100858,2025-06-09,Appliances,2132.31,WH-MUM,Metro
ORD100859,2025-08-06,Beauty,2384.66,WH-DEL,Tier-2
ORD100860,2025-10-25,Fashion,368.78,WH-BLR,Remote
ORD100861,2025-10-22,Books,517.73,WH-MUM,Tier-2
ORD100862,2025-11-04,Fashion,6686.62,WH-MUM,Tier-3
ORD100863,2025-08-28,Beauty,1027.25,WH-HYD,Remote
ORD100864,2025-02-13,Furniture,1046.74,WH-MUM,Tier-3
ORD100865,2025-12-06,Electronics,1302.5,WH-BLR,Metro
ORD100866,2025-11-26,Grocery,802.19,WH-MUM,Metro
ORD100867,2025-11-08,Electronics,324.4,WH-MUM,Metro
ORD100868,2025-02-11,Fashion,545.77,WH-BLR,Tier-2
ORD100869,2025-03-27,Beauty,803.39,WH-DEL,Tier-2
ORD100870,2025-10-25,Fashion,895.71,WH-MUM,Metro
ORD100871,2025-01-10,Beauty,723.77,WH-MUM,Tier-2
ORD100872,2025-12-26,Electronics,406.05,WH-DEL,Tier-2
ORD100873,2025-06-08,Furniture,860.2,WH-MUM,Tier-2
ORD100874,2025-10-19,Beauty,3268.9,WH-DEL,Metro
ORD100875,2025-12-02,Furniture,782.47,WH-DEL,Metro
ORD100876,2025-06-15,Books,1157.66,WH-HYD,Tier-2
ORD100877,2025-05-15,Beauty,4251.72,WH-DEL,Metro
ORD100878,2025-09-13,Furniture,772.85,WH-MUM,Tier-2
ORD100879,2025-09-02,Books,15455.0,WH-BLR,Tier-2
ORD100880,2025-06-21,Electronics,2734.13,WH-MUM,Tier-2
ORD100881,2025-09-10,Fashion,1424.83,WH-KOL,Tier-3
ORD100882,2025-12-15,Fashion,1098.34,WH-BLR,Metro
ORD100883,2025-07-16,Books,3919.31,WH-BLR,Metro
ORD100884,2025-03-24,Furniture,769.27,WH-DEL,Remote
ORD100885,2025-06-08,Furniture,947.52,WH-DEL,Tier-3
ORD100886,2025-06-15,Beauty,4845.57,WH-KOL,Metro
ORD100887,2025-02-25,Electronics,991.87,WH-BLR,Tier-3
ORD100888,2025-03-10,Beauty,922.1,WH-KOL,Tier-2
ORD100889,2025-10-10,Electronics,788.45,WH-HYD,Tier-2
ORD100890,2025-05-23,Fashion,285.46,WH-HYD,Tier-3
ORD100891,2025-12-20,Furniture,3016.54,WH-MUM,Metro
ORD100892,2025-04-13,Fashion,1294.15,WH-MUM,Tier-2
ORD100893,2025-02-11,Appliances,3151.79,WH-BLR,Metro
ORD100894,2025-10-28,Appliances,1170.15,WH-HYD,Tier-2
ORD100895,2025-11-30,Books,955.59,WH-BLR,Metro
ORD100896,2025-04-27,Electronics,787.81,WH-BLR,Remote
ORD100897,2025-03-26,Electronics,2315.03,WH-MUM,Tier-2
ORD100898,2025-03-20,Electronics,703.9,WH-HYD,Tier-3
ORD100899,2025-08-08,Grocery,1821.84,WH-MUM,Metro
ORD100900,2025-07-16,Electronics,1380.91,WH-MUM,Metro
ORD100901,2025-04-20,Fashion,581.67,WH-HYD,Tier-3
ORD100902,2025-01-19,Books,935.79,WH-KOL,Metro
ORD100903,2025-07-22,Beauty,1350.26,WH-HYD,Remote
ORD100904,2025-12-21,Books,1044.83,WH-DEL,Tier-2
ORD100905,2025-10-01,Electronics,6101.05,WH-BLR,Tier-3
ORD100906,2025-07-28,Grocery,1616.49,WH-BLR,Metro
ORD100907,2025-02-16,Electronics,1144.96,WH-MUM,Tier-2
ORD100908,2025-04-17,Fashion,1001.76,WH-MUM,Metro
ORD100909,2025-05-04,Fashion,1114.99,WH-MUM,Remote
ORD100910,2025-10-31,Beauty,823.66,WH-DEL,Metro
ORD100911,2025-11-29,Furniture,693.34,WH-MUM,Tier-3
ORD100912,2025-12-06,Fashion,2162.22,WH-HYD,Tier-2
ORD100913,2025-12-27,Furniture,4591.66,WH-BLR,Tier-3
ORD100914,2025-12-27,Beauty,933.96,WH-KOL,Remote
ORD100915,2025-12-19,Electronics,1888.44,WH-HYD,Tier-3
ORD100916,2025-01-31,Books,787.28,WH-MUM,Metro
ORD100917,2025-02-27,Fashion,1455.37,WH-MUM,Tier-3
ORD100918,2025-05-08,Electronics,470.22,WH-KOL,Tier-2
ORD100919,2025-08-21,Books,676.68,WH-KOL,Tier-2
ORD100920,2025-02-10,Electronics,657.64,WH-MUM,Metro
ORD100921,2025-11-21,Appliances,1192.51,WH-BLR,Tier-3
ORD100922,2025-09-17,Electronics,525.38,WH-KOL,Tier-2
ORD100923,2025-08-16,Furniture,223.09,WH-DEL,Tier-3
ORD100924,2025-03-11,Furniture,447.62,WH-DEL,Tier-2
ORD100925,2025-04-17,Books,1164.87,WH-MUM,Tier-2
ORD100926,2025-03-09,Books,710.5,WH-HYD,Metro
ORD100927,2025-11-23,Appliances,842.78,WH-DEL,Metro
ORD100928,2025-09-03,Fashion,1655.04,WH-MUM,Remote
ORD100929,2025-10-23,Electronics,694.47,WH-HYD,Tier-3
ORD100930,2025-05-05,Furniture,1256.31,WH-MUM,Metro
ORD100931,2025-06-06,Grocery,7400.71,WH-MUM,Tier-2
ORD100932,2025-06-20,Electronics,987.52,WH-DEL,Tier-3
ORD100933,2025-10-29,Beauty,1136.36,WH-DEL,Tier-2
ORD100934,2025-11-02,Fashion,1815.96,WH-KOL,Tier-2
ORD100935,2025-03-28,Electronics,696.33,WH-DEL,Tier-3
ORD100936,2025-12-16,Beauty,834.31,WH-MUM,Metro
ORD100937,2025-02-20,Grocery,1241.0,WH-MUM,Tier-2
ORD100938,2025-12-04,Appliances,1564.42,WH-DEL,Tier-2
ORD100939,2025-02-12,Electronics,636.28,WH-BLR,Tier-2
ORD100940,2025-04-22,Fashion,2093.34,WH-DEL,Metro
ORD100941,2025-11-21,Furniture,4616.18,WH-MUM,Metro
ORD100942,2025-03-17,Fashion,289.91,WH-MUM,Remote
ORD100943,2025-06-23,Appliances,1832.12,WH-BLR,Tier-3
ORD100944,2025-07-09,Fashion,1245.04,WH-MUM,Remote
ORD100945,2025-04-14,Fashion,1056.1,WH-BLR,Tier-3
ORD100946,2025-10-16,Electronics,1738.92,WH-DEL,Metro
ORD100947,2025-11-22,Fashion,4037.64,WH-MUM,Tier-2
ORD100948,2025-11-29,Fashion,1645.32,WH-KOL,Metro
ORD100949,2025-05-23,Appliances,2885.18,WH-DEL,Metro
ORD100950,2025-08-12,Grocery,1298.3,WH-HYD,Metro
ORD100951,2025-04-15,Electronics,1793.75,WH-HYD,Metro
ORD100952,2025-04-13,Grocery,866.87,WH-KOL,Metro
ORD100953,2025-03-09,Fashion,1380.66,WH-KOL,Metro
ORD100954,2025-12-16,Fashion,1077.54,WH-BLR,Tier-3
ORD100955,2025-12-02,Books,1458.92,WH-MUM,Remote
ORD100956,2025-11-03,Appliances,356.32,WH-DEL,Metro
ORD100957,2025-08-06,Furniture,548.9,WH-DEL,Metro
ORD100958,2025-07-26,Fashion,3465.09,WH-DEL,Metro
ORD100959,2025-08-11,Electronics,4085.75,WH-DEL,Tier-3
ORD100960,2025-08-14,Appliances,335.23,WH-BLR,Metro
ORD100961,2025-07-02,Grocery,850.98,WH-BLR,Tier-2
ORD100962,2025-02-25,Furniture,736.36,WH-DEL,Metro
ORD100963,2025-02-22,Beauty,1640.37,WH-DEL,Tier-3
ORD100964,2025-12-19,Fashion,1252.61,WH-HYD,Tier-2
ORD100965,2025-07-22,Books,2308.13,WH-DEL,Metro
ORD100966,2025-12-19,Grocery,454.41,WH-BLR,Remote
ORD100967,2025-03-10,Fashion,1772.17,WH-BLR,Tier-2
ORD100968,2025-08-21,Electronics,1025.48,WH-MUM,Metro
ORD100969,2025-03-29,Furniture,742.63,WH-MUM,Tier-2
ORD100970,2025-04-17,Fashion,1907.17,WH-HYD,Tier-2
ORD100971,2025-01-13,Appliances,1099.14,WH-DEL,Remote
ORD100972,2025-02-19,Appliances,1235.74,WH-KOL,Metro
ORD100973,2025-12-10,Grocery,3901.34,WH-DEL,Tier-3
ORD100974,2025-05-16,Grocery,1417.6,WH-MUM,Tier-3
ORD100975,2025-09-13,Furniture,6348.53,WH-DEL,Tier-2
ORD100976,2025-07-15,Grocery,207.72,WH-BLR,Metro
ORD100977,2025-06-18,Books,1329.22,WH-BLR,Metro
ORD100978,2025-08-12,Electronics,550.44,WH-MUM,Tier-3
ORD100979,2025-03-20,Beauty,637.48,WH-MUM,Tier-2
ORD100980,2025-12-29,Electronics,792.77,WH-BLR,Remote
ORD100981,2025-11-14,Fashion,2801.93,WH-HYD,Tier-2
ORD100982,2025-10-25,Appliances,967.45,WH-DEL,Tier-2
ORD100983,2025-07-16,Electronics,537.4,WH-BLR,Remote
ORD100984,2025-03-06,Fashion,2270.55,WH-DEL,Tier-3
ORD100985,2025-12-11,Electronics,520.14,WH-BLR,Metro
ORD100986,2025-05-24,Appliances,5103.15,WH-DEL,Tier-3
ORD100987,2025-01-22,Grocery,476.83,WH-DEL,Metro
ORD100988,2025-05-24,Electronics,1064.38,WH-MUM,Tier-2
ORD100989,2025-11-08,Grocery,6244.93,WH-HYD,Metro
ORD100990,2025-09-19,Fashion,1033.09,WH-MUM,Remote
ORD100991,2025-10-27,Beauty,1879.78,WH-BLR,Remote
ORD100992,2025-11-07,Electronics,1227.06,WH-MUM,Tier-3
ORD100993,2025-03-31,Grocery,1338.01,WH-MUM,Tier-2
ORD100994,2025-12-11,Grocery,695.9,WH-BLR,Tier-3
ORD100995,2025-07-04,Grocery,1924.75,WH-MUM,Metro
ORD100996,2025-09-26,Beauty,3873.32,WH-BLR,Metro
ORD100997,2025-01-01,Fashion,283.25,WH-MUM,Tier-3
ORD100998,2025-12-30,Appliances,639.4,WH-DEL,Metro
ORD100999,2025-04-29,Fashion,860.83,WH-HYD,Metro
ORD101000,2025-01-27,Furniture,658.63,WH-HYD,Tier-2
ORD101001,2025-07-12,Fashion,2239.8,WH-DEL,Tier-3
ORD101002,2025-02-24,Fashion,824.86,WH-KOL,Metro
ORD101003,2025-03-06,Electronics,1429.05,WH-DEL,Tier-2
ORD101004,2025-09-23,Electronics,4415.53,WH-DEL,Remote
ORD101005,2025-06-15,Beauty,318.66,WH-HYD,Metro
ORD101006,2025-12-11,Books,1726.07,WH-HYD,Tier-3
ORD101007,2025-05-15,Fashion,1214.17,WH-HYD,Tier-2
ORD101008,2025-10-21,Grocery,1217.04,WH-KOL,Tier-2
ORD101009,2025-07-13,Appliances,649.34,WH-MUM,Metro
ORD101010,2025-10-03,Fashion,987.84,WH-KOL,Metro
ORD101011,2025-09-09,Fashion,1330.96,WH-MUM,Tier-3
ORD101012,2025-07-18,Appliances,1156.01,WH-BLR,Tier-2
ORD101013,2025-12-18,Fashion,2339.5,WH-BLR,Metro
ORD101014,2025-05-25,Grocery,558.25,WH-DEL,Metro
ORD101015,2025-03-16,Fashion,438.13,WH-BLR,Tier-3
ORD101016,2025-10-08,Electronics,269.09,WH-BLR,Tier-2
ORD101017,2025-11-21,Appliances,1499.77,WH-MUM,Metro
ORD101018,2025-01-17,Appliances,2453.23,WH-DEL,Remote
ORD101019,2025-07-08,Beauty,523.91,WH-BLR,Metro
ORD101020,2025-12-03,Electronics,487.83,WH-DEL,Tier-3
ORD101021,2025-10-27,Appliances,6068.37,WH-DEL,Metro
ORD101022,2025-12-29,Beauty,3721.58,WH-HYD,Metro
ORD101023,2025-08-12,Furniture,3893.27,WH-DEL,Metro
ORD101024,2025-10-03,Beauty,1771.12,WH-MUM,Tier-3
ORD101025,2025-05-08,Beauty,2355.04,WH-KOL,Tier-3
ORD101026,2025-12-18,Books,1064.61,WH-KOL,Metro
ORD101027,2025-06-03,Beauty,428.81,WH-MUM,Tier-3
ORD101028,2025-10-24,Furniture,446.51,WH-BLR,Tier-3
ORD101029,2025-06-19,Grocery,1342.85,WH-DEL,Tier-2
ORD101030,2025-08-25,Beauty,2807.38,WH-HYD,Tier-2
ORD101031,2025-10-19,Books,1171.47,WH-HYD,Tier-2
ORD101032,2025-08-02,Electronics,2180.28,WH-KOL,Metro
ORD101033,2025-12-07,Fashion,1246.67,WH-KOL,Tier-3
ORD101034,2025-06-26,Fashion,1708.72,WH-DEL,Tier-3
ORD101035,2025-09-29,Books,2481.65,WH-BLR,Tier-3
ORD101036,2025-05-24,Fashion,3884.24,WH-BLR,Tier-3
ORD101037,2025-06-21,Fashion,1682.9,WH-BLR,Tier-3
ORD101038,2025-07-04,Grocery,6320.18,WH-BLR,Tier-3
ORD101039,2025-02-22,Electronics,1111.56,WH-BLR,Remote
ORD101040,2025-02-08,Beauty,3862.08,WH-MUM,Tier-2
ORD101041,2025-10-05,Grocery,2134.53,WH-HYD,Tier-3
ORD101042,2025-10-02,Electronics,309.67,WH-BLR,Tier-3
ORD101043,2025-10-04,Fashion,4150.18,WH-HYD,Metro
ORD101044,2025-01-09,Books,642.56,WH-KOL,Tier-2
ORD101045,2025-05-18,Furniture,1097.64,WH-BLR,Tier-3
ORD101046,2025-03-25,Grocery,2693.29,WH-BLR,Metro
ORD101047,2025-11-03,Fashion,738.32,WH-MUM,Tier-2
ORD101048,2025-11-25,Beauty,1265.4,WH-HYD,Metro
ORD101049,2025-04-14,Appliances,2265.99,WH-HYD,Metro
ORD101050,2025-10-05,Appliances,693.83,WH-BLR,Tier-2
ORD101051,2025-02-24,Fashion,1109.12,WH-DEL,Metro
ORD101052,2025-04-26,Beauty,1009.54,WH-HYD,Tier-3
ORD101053,2025-02-28,Appliances,2896.24,WH-MUM,Tier-2
ORD101054,2025-04-30,Fashion,4696.88,WH-DEL,Metro
ORD101055,2025-10-07,Beauty,555.55,WH-MUM,Metro
ORD101056,2025-12-08,Books,1425.36,WH-BLR,Metro
ORD101057,2025-03-27,Appliances,880.68,WH-KOL,Tier-2
ORD101058,2025-08-16,Appliances,1373.09,WH-BLR,Tier-3
ORD101059,2025-10-14,Fashion,5504.82,WH-HYD,Tier-2
ORD101060,2025-12-19,Grocery,1815.04,WH-DEL,Metro
ORD101061,2025-09-14,Electronics,853.69,WH-BLR,Tier-2
ORD101062,2025-04-18,Grocery,448.27,WH-DEL,Remote
ORD101063,2025-09-20,Fashion,2978.8,WH-BLR,Remote
ORD101064,2025-05-15,Fashion,927.65,WH-BLR,Tier-3
ORD101065,2025-12-25,Beauty,719.97,WH-MUM,Metro
ORD101066,2025-06-17,Electronics,1708.2,WH-KOL,Metro
ORD101067,2025-10-10,Books,2128.56,WH-KOL,Tier-2
ORD101068,2025-01-10,Fashion,997.43,WH-MUM,Metro
ORD101069,2025-06-18,Electronics,628.45,WH-MUM,Tier-2
ORD101070,2025-11-29,Electronics,4003.19,WH-KOL,Metro
ORD101071,2025-09-14,Fashion,2314.23,WH-DEL,Remote
ORD101072,2025-07-06,Grocery,2950.71,WH-BLR,Tier-3
ORD101073,2025-12-15,Fashion,1006.7,WH-MUM,Remote
ORD101074,2025-11-23,Furniture,689.71,WH-MUM,Tier-3
ORD101075,2025-05-16,Grocery,874.63,WH-MUM,Tier-2
ORD101076,2025-08-17,Electronics,395.87,WH-DEL,Tier-2
ORD101077,2025-07-25,Fashion,1024.93,WH-HYD,Tier-3
ORD101078,2025-09-23,Electronics,780.33,WH-DEL,Metro
ORD101079,2025-05-21,Electronics,1258.71,WH-MUM,Metro
ORD101080,2025-04-13,Fashion,1393.01,WH-HYD,Metro
ORD101081,2025-12-09,Appliances,1440.24,WH-DEL,Tier-2
ORD101082,2025-12-12,Appliances,838.58,WH-HYD,Tier-2
ORD101083,2025-11-20,Books,517.7,WH-BLR,Metro
ORD101084,2025-12-26,Appliances,422.52,WH-MUM,Tier-2
ORD101085,2025-10-26,Grocery,1566.02,WH-MUM,Tier-2
ORD101086,2025-10-31,Fashion,1492.61,WH-MUM,Tier-3
ORD101087,2025-10-30,Electronics,439.81,WH-DEL,Metro
ORD101088,2025-07-21,Furniture,4192.99,WH-DEL,Tier-3
ORD101089,2025-07-11,Fashion,2611.82,WH-MUM,Remote
ORD101090,2025-04-11,Fashion,591.59,WH-DEL,Tier-2
ORD101091,2025-09-28,Beauty,1656.37,WH-DEL,Tier-2
ORD101092,2025-05-02,Electronics,1200.52,WH-DEL,Metro
ORD101093,2025-04-19,Electronics,1653.86,WH-HYD,Tier-3
ORD101094,2025-09-04,Beauty,1537.01,WH-HYD,Tier-3
ORD101095,2025-06-22,Fashion,2292.36,WH-HYD,Metro
ORD101096,2025-04-02,Fashion,4373.63,WH-BLR,Tier-3
ORD101097,2025-11-13,Electronics,1701.64,WH-HYD,Metro
ORD101098,2025-11-25,Fashion,2051.57,WH-MUM,Tier-3
ORD101099,2025-03-12,Beauty,4323.67,WH-DEL,Tier-2
ORD101100,2025-01-04,Appliances,871.07,WH-KOL,Metro
ORD101101,2025-05-22,Grocery,634.95,WH-MUM,Remote
ORD101102,2025-11-08,Fashion,2292.87,WH-MUM,Tier-2
ORD101103,2025-11-19,Fashion,503.55,WH-BLR,Metro
ORD101104,2025-02-28,Furniture,701.98,WH-KOL,Tier-3
ORD101105,2025-11-02,Fashion,4464.84,WH-MUM,Metro
ORD101106,2025-02-18,Electronics,338.9,WH-HYD,Remote
ORD101107,2025-06-13,Appliances,1706.64,WH-BLR,Metro
ORD101108,2025-12-31,Books,422.52,WH-BLR,Tier-2
ORD101109,2025-03-22,Beauty,1860.16,WH-BLR,Tier-2
ORD101110,2025-03-06,Books,5801.82,WH-HYD,Tier-2
ORD101111,2025-06-27,Grocery,595.75,WH-BLR,Tier-2
ORD101112,2025-09-18,Books,248.97,WH-KOL,Tier-2
ORD101113,2025-12-14,Beauty,1781.63,WH-DEL,Tier-3
ORD101114,2025-12-26,Electronics,810.73,WH-KOL,Metro
ORD101115,2025-01-30,Fashion,1156.01,WH-MUM,Tier-3
ORD101116,2025-02-27,Fashion,1793.22,WH-DEL,Metro
ORD101117,2025-11-07,Beauty,2101.38,WH-BLR,Tier-3
ORD101118,2025-04-24,Beauty,2117.97,WH-MUM,Tier-3
ORD101119,2025-12-01,Books,1310.33,WH-DEL,Tier-3
ORD101120,2025-10-04,Fashion,1898.05,WH-BLR,Metro
ORD101121,2025-02-16,Beauty,1152.42,WH-KOL,Tier-3
ORD101122,2025-11-18,Electronics,1029.49,WH-BLR,Tier-2
ORD101123,2025-03-16,Electronics,1322.1,WH-MUM,Remote
ORD101124,2025-06-27,Furniture,2125.59,WH-DEL,Metro
ORD101125,2025-08-21,Books,798.22,WH-MUM,Tier-3
ORD101126,2025-07-30,Books,1590.58,WH-BLR,Tier-2
ORD101127,2025-10-10,Fashion,927.77,WH-KOL,Remote
ORD101128,2025-10-01,Fashion,743.4,WH-BLR,Tier-2
ORD101129,2025-12-29,Grocery,3106.13,WH-DEL,Metro
ORD101130,2025-12-31,Electronics,1802.44,WH-BLR,Tier-3
ORD101131,2025-08-06,Books,1815.79,WH-BLR,Metro
ORD101132,2025-02-10,Fashion,628.74,WH-MUM,Tier-3
ORD101133,2025-10-21,Electronics,1099.62,WH-HYD,Metro
ORD101134,2025-12-25,Fashion,2165.91,WH-DEL,Remote
ORD101135,2025-05-14,Appliances,1804.01,WH-MUM,Tier-2
ORD101136,2025-07-13,Books,10422.09,WH-BLR,Metro
ORD101137,2025-06-28,Fashion,1597.06,WH-KOL,Tier-3
ORD101138,2025-01-22,Electronics,786.84,WH-BLR,Metro
ORD101139,2025-10-06,Beauty,945.65,WH-DEL,Metro
ORD101140,2025-05-29,Grocery,675.05,WH-BLR,Tier-3
ORD101141,2025-11-06,Fashion,798.64,WH-BLR,Metro
ORD101142,2025-11-17,Electronics,1450.67,WH-BLR,Metro
ORD101143,2025-11-15,Beauty,924.26,WH-BLR,Tier-2
ORD101144,2025-06-25,Appliances,3900.52,WH-DEL,Metro
ORD101145,2025-05-16,Fashion,2710.28,WH-MUM,Remote
ORD101146,2025-10-27,Electronics,2673.8,WH-HYD,Tier-3
ORD101147,2025-11-09,Electronics,1094.98,WH-BLR,Tier-3
ORD101148,2025-07-26,Fashion,2782.36,WH-MUM,Tier-3
ORD101149,2025-12-03,Electronics,3036.62,WH-MUM,Tier-3
ORD101150,2025-03-02,Fashion,4801.49,WH-BLR,Metro
ORD101151,2025-11-30,Electronics,868.78,WH-BLR,Tier-2
ORD101152,2025-02-10,Fashion,1351.93,WH-BLR,Remote
ORD101153,2025-03-06,Grocery,734.61,WH-BLR,Tier-2
ORD101154,2025-08-13,Grocery,11063.73,WH-MUM,Remote
ORD101155,2025-01-29,Books,1139.68,WH-BLR,Tier-3
ORD101156,2025-01-23,Fashion,3716.9,WH-MUM,Metro
ORD101157,2025-01-01,Books,1518.2,WH-MUM,Tier-2
ORD101158,2025-07-03,Beauty,2706.85,WH-MUM,Metro
ORD101159,2025-11-02,Beauty,1324.0,WH-BLR,Tier-3
ORD101160,2025-01-15,Electronics,2803.24,WH-MUM,Remote
ORD101161,2025-10-01,Fashion,1670.79,WH-MUM,Tier-2
ORD101162,2025-11-15,Furniture,5240.3,WH-KOL,Metro
ORD101163,2025-03-12,Electronics,1711.21,WH-BLR,Metro
ORD101164,2025-03-03,Electronics,751.47,WH-BLR,Metro
ORD101165,2025-11-25,Electronics,2027.35,WH-HYD,Tier-2
ORD101166,2025-11-15,Furniture,1349.38,WH-MUM,Remote
ORD101167,2025-08-15,Books,608.34,WH-BLR,Metro
ORD101168,2025-11-14,Fashion,1814.18,WH-KOL,Tier-3
ORD101169,2025-02-08,Beauty,817.75,WH-DEL,Tier-3
ORD101170,2025-06-15,Books,1109.19,WH-DEL,Tier-3
ORD101171,2025-10-24,Electronics,1384.19,WH-BLR,Metro
ORD101172,2025-04-19,Fashion,264.58,WH-MUM,Metro
ORD101173,2025-10-27,Electronics,948.55,WH-MUM,Metro
ORD101174,2025-07-31,Beauty,2804.69,WH-HYD,Metro
ORD101175,2025-10-27,Appliances,1148.46,WH-MUM,Metro
ORD101176,2025-07-15,Appliances,292.53,WH-DEL,Tier-2
ORD101177,2025-06-04,Appliances,1254.71,WH-KOL,Tier-3
ORD101178,2025-04-03,Fashion,1971.15,WH-KOL,Metro
ORD101179,2025-03-29,Beauty,1055.47,WH-BLR,Tier-2
ORD101180,2025-10-27,Beauty,1083.14,WH-DEL,Tier-2
ORD101181,2025-02-19,Appliances,937.26,WH-DEL,Metro
ORD101182,2025-02-06,Grocery,2200.61,WH-HYD,Metro
ORD101183,2025-03-16,Electronics,693.91,WH-KOL,Metro
ORD101184,2025-03-15,Electronics,2073.54,WH-HYD,Tier-2
ORD101185,2025-11-15,Electronics,1081.02,WH-DEL,Tier-2
ORD101186,2025-06-17,Grocery,3650.1,WH-BLR,Metro
ORD101187,2025-12-29,Books,908.46,WH-DEL,Metro
ORD101188,2025-02-27,Beauty,550.81,WH-DEL,Metro
ORD101189,2025-10-02,Electronics,2197.49,WH-DEL,Metro
ORD101190,2025-07-08,Fashion,1986.66,WH-DEL,Tier-3
ORD101191,2025-06-15,Electronics,1862.18,WH-MUM,Tier-2
ORD101192,2025-11-29,Beauty,2636.44,WH-MUM,Tier-2
ORD101193,2025-12-25,Books,600.96,WH-KOL,Tier-2
ORD101194,2025-11-28,Grocery,712.87,WH-MUM,Metro
ORD101195,2025-03-22,Grocery,3849.69,WH-HYD,Metro
ORD101196,2025-04-03,Grocery,1897.72,WH-DEL,Tier-2
ORD101197,2025-10-02,Fashion,930.27,WH-MUM,Tier-3
ORD101198,2025-05-02,Electronics,326.72,WH-MUM,Tier-3
ORD101199,2025-10-23,Fashion,495.02,WH-DEL,Tier-3
ORD101200,2025-08-27,Fashion,622.69,WH-HYD,Tier-2
ORD101201,2025-08-20,Grocery,854.93,WH-BLR,Tier-3
ORD101202,2025-11-16,Fashion,1710.25,WH-KOL,Tier-3
ORD101203,2025-10-16,Appliances,449.14,WH-HYD,Remote
ORD101204,2025-01-12,Grocery,878.09,WH-MUM,Metro
ORD101205,2025-01-21,Grocery,487.47,WH-BLR,Metro
ORD101206,2025-09-10,Beauty,956.14,WH-BLR,Tier-2
ORD101207,2025-07-24,Fashion,9024.74,WH-BLR,Tier-2
ORD101208,2025-04-20,Furniture,3468.25,WH-BLR,Metro
ORD101209,2025-06-25,Electronics,2119.29,WH-BLR,Tier-3
ORD101210,2025-10-29,Appliances,882.01,WH-KOL,Tier-2
ORD101211,2025-11-16,Grocery,565.92,WH-DEL,Tier-2
ORD101212,2025-08-24,Fashion,1249.7,WH-HYD,Metro
ORD101213,2025-06-11,Electronics,386.54,WH-DEL,Tier-2
ORD101214,2025-04-24,Appliances,2249.58,WH-DEL,Tier-2
ORD101215,2025-08-08,Furniture,1143.02,WH-KOL,Metro
ORD101216,2025-05-13,Furniture,1310.25,WH-MUM,Metro
ORD101217,2025-08-26,Fashion,353.77,WH-DEL,Tier-2
ORD101218,2025-10-08,Furniture,1393.88,WH-KOL,Remote
ORD101219,2025-01-28,Grocery,1106.28,WH-KOL,Metro
ORD101220,2025-01-01,Fashion,623.08,WH-MUM,Metro
ORD101221,2025-03-31,Grocery,1602.89,WH-HYD,Metro
ORD101222,2025-12-04,Grocery,973.79,WH-DEL,Metro
ORD101223,2025-09-29,Books,1695.53,WH-MUM,Tier-2
ORD101224,2025-03-14,Fashion,2196.57,WH-MUM,Metro
ORD101225,2025-12-03,Fashion,562.36,WH-MUM,Metro
ORD101226,2025-07-17,Beauty,1459.15,WH-MUM,Remote
ORD101227,2025-07-20,Books,1437.3,WH-BLR,Metro
ORD101228,2025-12-15,Fashion,3622.56,WH-BLR,Tier-2
ORD101229,2025-01-25,Beauty,2624.89,WH-HYD,Remote
ORD101230,2025-04-01,Electronics,1013.67,WH-KOL,Tier-2
ORD101231,2025-09-04,Books,952.81,WH-KOL,Metro
ORD101232,2025-03-24,Electronics,1509.77,WH-DEL,Metro
ORD101233,2025-10-08,Fashion,545.17,WH-KOL,Tier-3
ORD101234,2025-03-31,Beauty,614.68,WH-MUM,Tier-3
ORD101235,2025-02-11,Electronics,921.21,WH-MUM,Metro
ORD101236,2025-03-28,Books,199.27,WH-MUM,Tier-2
ORD101237,2025-06-27,Grocery,606.84,WH-MUM,Metro
ORD101238,2025-03-16,Electronics,1026.79,WH-DEL,Metro
ORD101239,2025-02-26,Beauty,12146.46,WH-MUM,Remote
ORD101240,2025-11-25,Grocery,800.07,WH-KOL,Tier-2
ORD101241,2025-05-15,Books,2271.46,WH-BLR,Metro
ORD101242,2025-06-01,Books,1143.14,WH-BLR,Tier-2
ORD101243,2025-01-24,Electronics,1904.49,WH-MUM,Tier-3
ORD101244,2025-05-31,Fashion,563.4,WH-BLR,Tier-3
ORD101245,2025-04-22,Fashion,388.97,WH-KOL,Tier-2
ORD101246,2025-09-14,Grocery,4031.45,WH-DEL,Tier-3
ORD101247,2025-03-28,Electronics,462.17,WH-MUM,Tier-3
ORD101248,2025-12-02,Fashion,4389.19,WH-DEL,Remote
ORD101249,2025-12-13,Books,995.45,WH-MUM,Tier-2
ORD101250,2025-02-11,Electronics,691.14,WH-BLR,Tier-2
ORD101251,2025-02-15,Appliances,886.14,WH-MUM,Remote
ORD101252,2025-02-18,Grocery,4825.84,WH-MUM,Metro
ORD101253,2025-09-18,Electronics,766.01,WH-DEL,Tier-2
ORD101254,2025-02-21,Electronics,986.66,WH-HYD,Tier-3
ORD101255,2025-11-23,Electronics,2922.5,WH-MUM,Remote
ORD101256,2025-10-28,Furniture,1956.67,WH-DEL,Tier-2
ORD101257,2025-11-14,Electronics,7058.46,WH-DEL,Tier-2
ORD101258,2025-08-10,Books,3402.43,WH-MUM,Tier-3
ORD101259,2025-12-31,Books,767.38,WH-MUM,Tier-2
ORD101260,2025-01-19,Electronics,3797.33,WH-MUM,Tier-2
ORD101261,2025-06-18,Books,287.79,WH-MUM,Metro
ORD101262,2025-05-17,Beauty,2480.43,WH-MUM,Metro
ORD101263,2025-12-18,Electronics,793.35,WH-MUM,Metro
ORD101264,2025-08-31,Beauty,2157.04,WH-MUM,Tier-2
ORD101265,2025-11-11,Fashion,6443.46,WH-HYD,Tier-3
ORD101266,2025-03-13,Furniture,352.02,WH-MUM,Metro
ORD101267,2025-12-26,Electronics,2802.68,WH-KOL,Metro
ORD101268,2025-07-29,Books,2623.08,WH-BLR,Tier-2
ORD101269,2025-07-27,Books,2271.51,WH-MUM,Metro
ORD101270,2025-12-24,Beauty,611.46,WH-DEL,Remote
ORD101271,2025-06-09,Beauty,1246.88,WH-DEL,Metro
ORD101272,2025-06-17,Electronics,619.9,WH-KOL,Tier-3
ORD101273,2025-09-03,Furniture,1889.37,WH-MUM,Metro
ORD101274,2025-02-23,Fashion,471.8,WH-MUM,Remote
ORD101275,2025-05-15,Electronics,944.05,WH-DEL,Tier-2
ORD101276,2025-03-23,Electronics,2217.37,WH-DEL,Remote
ORD101277,2025-02-13,Beauty,745.31,WH-HYD,Tier-2
ORD101278,2025-11-26,Appliances,975.53,WH-HYD,Tier-3
ORD101279,2025-09-05,Electronics,648.58,WH-BLR,Metro
ORD101280,2025-05-31,Beauty,1644.78,WH-HYD,Tier-2
ORD101281,2025-06-21,Books,1199.76,WH-DEL,Metro
ORD101282,2025-07-01,Fashion,745.37,WH-DEL,Tier-3
ORD101283,2025-09-24,Grocery,808.72,WH-MUM,Tier-2
ORD101284,2025-12-12,Appliances,1520.01,WH-KOL,Tier-2
ORD101285,2025-12-14,Furniture,574.46,WH-HYD,Metro
ORD101286,2025-06-14,Grocery,1292.8,WH-MUM,Metro
ORD101287,2025-05-19,Grocery,1375.47,WH-MUM,Tier-2
ORD101288,2025-07-09,Electronics,1517.62,WH-DEL,Tier-2
ORD101289,2025-08-27,Grocery,876.36,WH-KOL,Tier-2
ORD101290,2025-07-14,Fashion,2173.44,WH-MUM,Remote
ORD101291,2025-10-03,Fashion,2890.79,WH-KOL,Metro
ORD101292,2025-08-21,Fashion,2248.14,WH-MUM,Tier-2
ORD101293,2025-05-15,Furniture,1584.24,WH-MUM,Metro
ORD101294,2025-05-26,Fashion,427.89,WH-DEL,Tier-2
ORD101295,2025-06-09,Fashion,5117.73,WH-BLR,Tier-2
ORD101296,2025-02-09,Electronics,1403.73,WH-BLR,Tier-3
ORD101297,2025-03-11,Beauty,1718.94,WH-HYD,Tier-3
ORD101298,2025-10-20,Fashion,762.03,WH-MUM,Metro
ORD101299,2025-06-13,Fashion,1127.97,WH-BLR,Metro
ORD101300,2025-04-01,Electronics,3440.97,WH-BLR,Metro
ORD101301,2025-08-25,Appliances,2505.23,WH-BLR,Tier-2
ORD101302,2025-10-28,Fashion,1044.17,WH-MUM,Metro
ORD101303,2025-04-19,Fashion,4546.61,WH-MUM,Tier-2
ORD101304,2025-11-16,Books,597.4,WH-KOL,Tier-2
ORD101305,2025-12-12,Appliances,349.09,WH-DEL,Tier-2
ORD101306,2025-09-09,Grocery,286.19,WH-DEL,Metro
ORD101307,2025-10-06,Grocery,2529.96,WH-BLR,Remote
ORD101308,2025-01-23,Beauty,767.51,WH-BLR,Remote
ORD101309,2025-12-17,Beauty,1197.16,WH-KOL,Metro
ORD101310,2025-06-14,Appliances,3214.73,WH-DEL,Remote
ORD101311,2025-12-12,Appliances,1742.36,WH-HYD,Tier-3
ORD101312,2025-09-01,Books,518.58,WH-MUM,Metro
ORD101313,2025-01-02,Beauty,4911.6,WH-DEL,Tier-2
ORD101314,2025-01-17,Electronics,1061.25,WH-DEL,Metro
ORD101315,2025-10-09,Beauty,1273.65,WH-BLR,Tier-3
ORD101316,2025-08-25,Appliances,757.29,WH-HYD,Tier-3
ORD101317,2025-01-12,Grocery,548.66,WH-MUM,Tier-2
ORD101318,2025-10-25,Fashion,1610.48,WH-MUM,Tier-2
ORD101319,2025-11-23,Fashion,422.8,WH-BLR,Tier-3
ORD101320,2025-07-28,Books,1253.3,WH-DEL,Tier-2
ORD101321,2025-07-15,Furniture,4761.5,WH-HYD,Tier-2
ORD101322,2025-01-03,Fashion,2443.06,WH-MUM,Tier-2
ORD101323,2025-11-05,Furniture,1575.59,WH-KOL,Tier-3
ORD101324,2025-05-19,Electronics,556.33,WH-MUM,Tier-2
ORD101325,2025-11-30,Grocery,1275.94,WH-KOL,Metro
ORD101326,2025-06-06,Grocery,708.5,WH-HYD,Metro
ORD101327,2025-08-26,Furniture,4246.19,WH-KOL,Tier-2
ORD101328,2025-04-24,Electronics,916.76,WH-HYD,Tier-2
ORD101329,2025-03-09,Electronics,714.24,WH-MUM,Metro
ORD101330,2025-11-02,Fashion,1125.33,WH-MUM,Metro
ORD101331,2025-07-28,Furniture,716.68,WH-HYD,Tier-3
ORD101332,2025-08-14,Beauty,1617.32,WH-HYD,Tier-3
ORD101333,2025-12-22,Appliances,5750.36,WH-DEL,Tier-2
ORD101334,2025-12-22,Appliances,1347.13,WH-DEL,Tier-3
ORD101335,2025-11-24,Fashion,640.2,WH-MUM,Tier-2
ORD101336,2025-03-20,Electronics,1180.37,WH-BLR,Tier-2
ORD101337,2025-09-07,Books,484.58,WH-BLR,Metro
ORD101338,2025-11-29,Grocery,13343.61,WH-DEL,Tier-2
ORD101339,2025-06-07,Electronics,5657.35,WH-DEL,Tier-2
ORD101340,2025-02-12,Grocery,3632.28,WH-DEL,Tier-2
ORD101341,2025-11-12,Furniture,2443.36,WH-DEL,Tier-3
ORD101342,2025-07-22,Fashion,1173.34,WH-MUM,Metro
ORD101343,2025-08-26,Electronics,1194.24,WH-MUM,Metro
ORD101344,2025-12-27,Furniture,1122.93,WH-BLR,Remote
ORD101345,2025-09-13,Electronics,8968.62,WH-BLR,Metro
ORD101346,2025-06-28,Fashion,1148.58,WH-DEL,Metro
ORD101347,2025-06-05,Books,852.97,WH-HYD,Tier-2
ORD101348,2025-06-25,Beauty,1231.96,WH-KOL,Metro
ORD101349,2025-02-19,Fashion,2025.52,WH-BLR,Tier-3
ORD101350,2025-11-08,Electronics,82.61,WH-HYD,Metro
ORD101351,2025-11-19,Grocery,1834.74,WH-DEL,Remote
ORD101352,2025-04-30,Fashion,175.21,WH-MUM,Metro
ORD101353,2025-05-08,Books,4348.82,WH-HYD,Metro
ORD101354,2025-11-28,Appliances,337.21,WH-KOL,Tier-2
ORD101355,2025-01-11,Fashion,704.48,WH-MUM,Metro
ORD101356,2025-08-07,Appliances,288.98,WH-DEL,Metro
ORD101357,2025-07-14,Fashion,5657.03,WH-MUM,Metro
ORD101358,2025-10-11,Grocery,1326.33,WH-BLR,Metro
ORD101359,2025-03-10,Beauty,7952.7,WH-BLR,Tier-3
ORD101360,2025-10-05,Fashion,6570.37,WH-BLR,Tier-3
ORD101361,2025-06-08,Fashion,3638.85,WH-HYD,Tier-2
ORD101362,2025-09-17,Books,436.43,WH-BLR,Tier-2
ORD101363,2025-01-17,Grocery,1529.02,WH-DEL,Tier-2
ORD101364,2025-07-14,Fashion,3995.68,WH-HYD,Metro
ORD101365,2025-08-08,Electronics,1828.16,WH-HYD,Tier-2
ORD101366,2025-04-01,Fashion,996.38,WH-MUM,Remote
ORD101367,2025-02-28,Grocery,1774.42,WH-BLR,Metro
ORD101368,2025-03-21,Fashion,1916.32,WH-MUM,Metro
ORD101369,2025-05-25,Fashion,410.84,WH-BLR,Metro
ORD101370,2025-02-10,Fashion,851.09,WH-MUM,Tier-2
ORD101371,2025-12-18,Furniture,2258.63,WH-DEL,Tier-3
ORD101372,2025-06-20,Books,2695.97,WH-DEL,Metro
ORD101373,2025-11-11,Furniture,1627.35,WH-BLR,Metro
ORD101374,2025-12-25,Furniture,966.51,WH-BLR,Metro
ORD101375,2025-02-03,Books,1148.75,WH-HYD,Tier-3
ORD101376,2025-10-01,Electronics,732.56,WH-KOL,Tier-2
ORD101377,2025-11-28,Fashion,1232.44,WH-DEL,Metro
ORD101378,2025-09-24,Electronics,2644.03,WH-DEL,Metro
ORD101379,2025-06-30,Fashion,9344.58,WH-DEL,Metro
ORD101380,2025-07-01,Beauty,511.12,WH-BLR,Remote
ORD101381,2025-01-16,Fashion,3690.1,WH-KOL,Tier-2
ORD101382,2025-08-13,Books,1819.37,WH-BLR,Metro
ORD101383,2025-12-30,Electronics,372.04,WH-DEL,Remote
ORD101384,2025-12-21,Grocery,1238.73,WH-BLR,Remote
ORD101385,2025-01-17,Fashion,1157.95,WH-DEL,Metro
ORD101386,2025-10-15,Fashion,1337.7,WH-HYD,Metro
ORD101387,2025-05-07,Fashion,3097.11,WH-HYD,Remote
ORD101388,2025-12-06,Furniture,6502.23,WH-MUM,Metro
ORD101389,2025-01-19,Grocery,3774.64,WH-DEL,Metro
ORD101390,2025-12-15,Books,1588.03,WH-DEL,Tier-2
ORD101391,2025-11-19,Beauty,1735.63,WH-HYD,Tier-3
ORD101392,2025-02-19,Grocery,7066.81,WH-MUM,Metro
ORD101393,2025-01-26,Beauty,574.23,WH-DEL,Metro
ORD101394,2025-11-18,Electronics,3617.96,WH-DEL,Tier-3
ORD101395,2025-03-07,Fashion,534.95,WH-BLR,Tier-3
ORD101396,2025-08-13,Fashion,395.29,WH-DEL,Metro
ORD101397,2025-12-09,Grocery,2219.27,WH-BLR,Metro
ORD101398,2025-08-27,Grocery,355.63,WH-HYD,Tier-2
ORD101399,2025-06-16,Grocery,978.23,WH-MUM,Metro
ORD101400,2025-07-06,Books,4021.5,WH-HYD,Tier-2
ORD101401,2025-01-27,Fashion,644.77,WH-BLR,Metro
ORD101402,2025-12-23,Books,5638.79,WH-MUM,Tier-3
ORD101403,2025-05-11,Grocery,220.07,WH-BLR,Metro
ORD101404,2025-03-21,Grocery,3088.42,WH-HYD,Metro
ORD101405,2025-05-01,Fashion,442.62,WH-BLR,Metro
ORD101406,2025-12-22,Fashion,1146.58,WH-MUM,Metro
ORD101407,2025-02-09,Fashion,1591.76,WH-BLR,Tier-2
ORD101408,2025-11-27,Appliances,1068.66,WH-HYD,Tier-2
ORD101409,2025-10-16,Grocery,1090.28,WH-MUM,Tier-3
ORD101410,2025-11-17,Electronics,419.62,WH-DEL,Tier-2
ORD101411,2025-12-25,Appliances,4154.65,WH-BLR,Tier-2
ORD101412,2025-11-20,Furniture,500.77,WH-MUM,Tier-3
ORD101413,2025-12-17,Beauty,500.41,WH-BLR,Metro
ORD101414,2025-02-23,Grocery,1239.19,WH-DEL,Tier-3
ORD101415,2025-11-08,Furniture,767.04,WH-BLR,Tier-2
ORD101416,2025-08-18,Grocery,2619.83,WH-KOL,Metro
ORD101417,2025-08-17,Appliances,874.06,WH-MUM,Tier-2
ORD101418,2025-12-05,Fashion,1338.17,WH-DEL,Remote
ORD101419,2025-12-24,Electronics,1467.91,WH-MUM,Metro
ORD101420,2025-10-15,Beauty,2919.13,WH-MUM,Tier-2
ORD101421,2025-07-22,Appliances,878.18,WH-HYD,Tier-2
ORD101422,2025-07-11,Furniture,351.63,WH-HYD,Metro
ORD101423,2025-06-12,Grocery,700.85,WH-DEL,Metro
ORD101424,2025-06-01,Appliances,3327.06,WH-HYD,Metro
ORD101425,2025-06-14,Electronics,1769.49,WH-BLR,Metro
ORD101426,2025-02-07,Fashion,995.92,WH-KOL,Tier-3
ORD101427,2025-02-02,Electronics,1406.55,WH-MUM,Metro
ORD101428,2025-11-04,Electronics,1083.0,WH-HYD,Tier-2
ORD101429,2025-07-07,Electronics,2515.31,WH-HYD,Metro
ORD101430,2025-12-13,Appliances,1754.58,WH-MUM,Metro
ORD101431,2025-09-15,Fashion,1071.58,WH-DEL,Tier-2
ORD101432,2025-01-15,Books,2790.92,WH-KOL,Tier-2
ORD101433,2025-03-08,Beauty,3433.87,WH-BLR,Tier-2
ORD101434,2025-03-28,Electronics,641.96,WH-MUM,Tier-2
ORD101435,2025-12-25,Appliances,651.42,WH-DEL,Tier-2
ORD101436,2025-04-02,Grocery,9143.48,WH-MUM,Metro
ORD101437,2025-08-05,Beauty,2210.26,WH-MUM,Metro
ORD101438,2025-12-15,Grocery,5092.21,WH-HYD,Metro
ORD101439,2025-12-26,Fashion,2735.02,WH-KOL,Tier-2
ORD101440,2025-04-10,Fashion,1934.38,WH-DEL,Metro
ORD101441,2025-01-21,Beauty,242.41,WH-KOL,Tier-2
ORD101442,2025-03-06,Fashion,504.25,WH-BLR,Metro
ORD101443,2025-01-27,Books,2253.54,WH-BLR,Tier-2
ORD101444,2025-03-23,Electronics,649.4,WH-BLR,Metro
ORD101445,2025-08-27,Furniture,1189.62,WH-MUM,Remote
ORD101446,2025-12-09,Grocery,2774.64,WH-DEL,Tier-3
ORD101447,2025-08-14,Electronics,1492.96,WH-BLR,Remote
ORD101448,2025-09-21,Electronics,1842.76,WH-MUM,Tier-2
ORD101449,2025-03-26,Fashion,4065.79,WH-DEL,Remote
ORD101450,2025-11-09,Appliances,4400.98,WH-DEL,Metro
ORD101451,2025-09-17,Appliances,1280.43,WH-DEL,Tier-2
ORD101452,2025-11-26,Fashion,3711.39,WH-DEL,Tier-3
ORD101453,2025-12-18,Grocery,621.0,WH-KOL,Tier-2
ORD101454,2025-05-27,Electronics,1605.89,WH-DEL,Metro
ORD101455,2025-02-08,Appliances,2106.56,WH-KOL,Tier-2
ORD101456,2025-04-05,Books,1231.12,WH-KOL,Remote
ORD101457,2025-07-03,Books,1121.43,WH-HYD,Tier-2
ORD101458,2025-12-17,Books,547.01,WH-BLR,Metro
ORD101459,2025-06-08,Fashion,1301.85,WH-DEL,Metro
ORD101460,2025-11-01,Fashion,369.9,WH-MUM,Metro
ORD101461,2025-08-16,Books,1204.06,WH-BLR,Tier-3
ORD101462,2025-03-18,Electronics,1405.64,WH-DEL,Tier-2
ORD101463,2025-05-15,Electronics,2431.31,WH-BLR,Metro
ORD101464,2025-10-01,Fashion,522.68,WH-DEL,Tier-3
ORD101465,2025-10-07,Appliances,1757.95,WH-HYD,Tier-2
ORD101466,2025-07-02,Appliances,2112.78,WH-MUM,Tier-3
ORD101467,2025-04-07,Beauty,1316.0,WH-KOL,Tier-3
ORD101468,2025-10-19,Fashion,1915.89,WH-HYD,Tier-3
ORD101469,2025-03-12,Fashion,1662.21,WH-HYD,Remote
ORD101470,2025-12-15,Fashion,167.24,WH-BLR,Tier-3
ORD101471,2025-03-20,Books,640.53,WH-KOL,Metro
ORD101472,2025-02-15,Fashion,7436.86,WH-BLR,Metro
ORD101473,2025-07-29,Beauty,2263.85,WH-HYD,Remote
ORD101474,2025-08-07,Grocery,827.75,WH-BLR,Tier-2
ORD101475,2025-08-02,Books,1795.97,WH-BLR,Tier-2
ORD101476,2025-07-03,Books,2365.59,WH-MUM,Tier-3
ORD101477,2025-12-30,Grocery,4595.8,WH-HYD,Tier-2
ORD101478,2025-07-24,Appliances,980.97,WH-KOL,Metro
ORD101479,2025-07-20,Fashion,831.46,WH-DEL,Metro
ORD101480,2025-06-27,Books,899.46,WH-HYD,Tier-3
ORD101481,2025-01-29,Books,848.01,WH-MUM,Tier-3
ORD101482,2025-09-07,Grocery,825.5,WH-KOL,Remote
ORD101483,2025-04-06,Fashion,1556.06,WH-MUM,Tier-3
ORD101484,2025-09-25,Beauty,956.38,WH-KOL,Metro
ORD101485,2025-01-22,Beauty,1274.53,WH-HYD,Metro
ORD101486,2025-12-27,Furniture,5990.24,WH-MUM,Metro
ORD101487,2025-07-17,Beauty,622.46,WH-MUM,Metro
ORD101488,2025-12-04,Grocery,1753.67,WH-DEL,Tier-3
ORD101489,2025-07-19,Fashion,539.97,WH-KOL,Metro
ORD101490,2025-01-26,Grocery,2811.88,WH-DEL,Tier-2
ORD101491,2025-11-15,Electronics,3278.65,WH-HYD,Tier-3
ORD101492,2025-09-30,Grocery,669.05,WH-KOL,Tier-3
ORD101493,2025-11-04,Furniture,767.63,WH-MUM,Metro
ORD101494,2025-06-29,Electronics,2283.29,WH-DEL,Metro
ORD101495,2025-09-26,Fashion,1075.36,WH-DEL,Tier-2
ORD101496,2025-11-24,Appliances,4161.89,WH-BLR,Tier-2
ORD101497,2025-09-23,Books,512.11,WH-HYD,Tier-3
ORD101498,2025-05-27,Beauty,3170.48,WH-MUM,Tier-2
ORD101499,2025-10-04,Fashion,8022.62,WH-DEL,Metro
ORD101500,2025-10-06,Books,1832.93,WH-DEL,Tier-2
ORD101501,2025-12-21,Electronics,804.71,WH-HYD,Tier-2
ORD101502,2025-06-05,Electronics,719.33,WH-DEL,Tier-3
ORD101503,2025-06-28,Appliances,1176.6,WH-DEL,Metro
ORD101504,2025-11-12,Fashion,2300.43,WH-BLR,Tier-2
ORD101505,2025-08-01,Books,405.5,WH-HYD,Tier-2
ORD101506,2025-10-23,Fashion,1045.42,WH-MUM,Tier-2
ORD101507,2025-07-13,Fashion,1488.15,WH-DEL,Metro
ORD101508,2025-04-01,Grocery,4643.99,WH-HYD,Tier-2
ORD101509,2025-10-26,Electronics,5939.39,WH-MUM,Tier-3
ORD101510,2025-02-25,Fashion,1205.58,WH-MUM,Metro
ORD101511,2025-03-25,Electronics,551.87,WH-MUM,Metro
ORD101512,2025-09-21,Fashion,1498.34,WH-DEL,Metro
ORD101513,2025-10-26,Appliances,1541.89,WH-MUM,Metro
ORD101514,2025-12-04,Electronics,3459.57,WH-MUM,Tier-2
ORD101515,2025-04-25,Furniture,939.22,WH-BLR,Metro
ORD101516,2025-02-16,Grocery,607.16,WH-MUM,Metro
ORD101517,2025-12-20,Grocery,1327.01,WH-MUM,Remote
ORD101518,2025-03-06,Grocery,1020.36,WH-DEL,Tier-2
ORD101519,2025-03-25,Furniture,998.94,WH-DEL,Tier-3
ORD101520,2025-05-03,Books,668.72,WH-DEL,Tier-3
ORD101521,2025-08-11,Electronics,490.6,WH-MUM,Metro
ORD101522,2025-12-01,Books,2182.63,WH-KOL,Tier-2
ORD101523,2025-10-30,Electronics,1654.42,WH-DEL,Tier-2
ORD101524,2025-10-16,Grocery,704.28,WH-HYD,Metro
ORD101525,2025-03-15,Grocery,2581.04,WH-DEL,Metro
ORD101526,2025-05-31,Electronics,306.71,WH-MUM,Metro
ORD101527,2025-07-21,Electronics,966.43,WH-HYD,Metro
ORD101528,2025-03-03,Electronics,1591.26,WH-BLR,Metro
ORD101529,2025-04-25,Electronics,3249.57,WH-KOL,Metro
ORD101530,2025-05-10,Grocery,858.85,WH-DEL,Tier-2
ORD101531,2025-02-23,Electronics,3291.93,WH-BLR,Metro
ORD101532,2025-08-20,Books,795.22,WH-MUM,Tier-3
ORD101533,2025-10-15,Books,2584.19,WH-DEL,Metro
ORD101534,2025-01-30,Fashion,5144.74,WH-BLR,Tier-2
ORD101535,2025-07-22,Electronics,601.87,WH-MUM,Tier-3
ORD101536,2025-11-04,Fashion,1511.94,WH-KOL,Tier-2
ORD101537,2025-10-26,Books,2064.2,WH-MUM,Metro
ORD101538,2025-11-13,Fashion,495.02,WH-BLR,Metro
ORD101539,2025-07-08,Electronics,1893.14,WH-BLR,Metro
ORD101540,2025-11-14,Beauty,851.39,WH-DEL,Metro
ORD101541,2025-04-12,Grocery,682.43,WH-DEL,Tier-2
ORD101542,2025-06-01,Fashion,954.65,WH-DEL,Tier-2
ORD101543,2025-03-16,Books,900.66,WH-KOL,Metro
ORD101544,2025-07-16,Beauty,2541.6,WH-BLR,Remote
ORD101545,2025-06-14,Grocery,1338.46,WH-BLR,Remote
ORD101546,2025-04-12,Fashion,8506.46,WH-BLR,Metro
ORD101547,2025-10-27,Grocery,872.3,WH-MUM,Tier-3
ORD101548,2025-05-12,Fashion,1956.88,WH-BLR,Metro
ORD101549,2025-04-25,Grocery,1187.34,WH-MUM,Tier-3
ORD101550,2025-02-25,Fashion,482.54,WH-HYD,Tier-3
ORD101551,2025-07-04,Furniture,4780.75,WH-BLR,Metro
ORD101552,2025-05-08,Appliances,1473.88,WH-KOL,Metro
ORD101553,2025-06-05,Beauty,717.11,WH-KOL,Tier-2
ORD101554,2025-04-10,Books,1844.35,WH-DEL,Metro
ORD101555,2025-10-30,Electronics,3061.71,WH-HYD,Tier-2
ORD101556,2025-12-13,Fashion,679.2,WH-DEL,Tier-3
ORD101557,2025-07-29,Grocery,1394.48,WH-MUM,Tier-2
ORD101558,2025-09-28,Fashion,3078.72,WH-DEL,Metro
ORD101559,2025-11-27,Electronics,1528.53,WH-BLR,Tier-2
ORD101560,2025-12-31,Appliances,2086.7,WH-MUM,Tier-2
ORD101561,2025-09-15,Fashion,1084.37,WH-HYD,Tier-2
ORD101562,2025-12-03,Electronics,380.58,WH-DEL,Metro
ORD101563,2025-12-07,Grocery,1095.07,WH-MUM,Tier-2
ORD101564,2025-11-07,Beauty,855.34,WH-DEL,Metro
ORD101565,2025-07-13,Furniture,1227.57,WH-KOL,Tier-2
ORD101566,2025-02-04,Electronics,862.87,WH-BLR,Tier-2
ORD101567,2025-01-07,Grocery,1534.92,WH-MUM,Tier-3
ORD101568,2025-07-20,Beauty,1014.98,WH-BLR,Tier-3
ORD101569,2025-07-27,Electronics,2558.25,WH-KOL,Tier-3
ORD101570,2025-06-21,Furniture,2191.92,WH-DEL,Tier-3
ORD101571,2025-08-27,Appliances,639.35,WH-BLR,Metro
ORD101572,2025-08-21,Appliances,3660.11,WH-DEL,Tier-3
ORD101573,2025-11-19,Electronics,750.99,WH-DEL,Tier-3
ORD101574,2025-02-15,Beauty,544.87,WH-BLR,Tier-3
ORD101575,2025-04-05,Fashion,3115.94,WH-HYD,Tier-3
ORD101576,2025-11-07,Electronics,833.94,WH-DEL,Metro
ORD101577,2025-11-22,Electronics,1448.47,WH-BLR,Metro
ORD101578,2025-12-30,Grocery,478.06,WH-KOL,Tier-3
ORD101579,2025-11-28,Electronics,999.42,WH-BLR,Metro
ORD101580,2025-12-03,Appliances,1221.34,WH-BLR,Metro
ORD101581,2025-05-13,Books,978.44,WH-MUM,Remote
ORD101582,2025-06-18,Electronics,887.98,WH-BLR,Remote
ORD101583,2025-04-23,Books,1384.06,WH-DEL,Metro
ORD101584,2025-09-12,Beauty,2957.28,WH-MUM,Metro
ORD101585,2025-12-15,Electronics,630.62,WH-BLR,Metro
ORD101586,2025-05-25,Appliances,177.33,WH-KOL,Metro
ORD101587,2025-08-23,Beauty,3610.55,WH-MUM,Metro
ORD101588,2025-05-05,Books,791.04,WH-MUM,Metro
ORD101589,2025-03-13,Grocery,846.83,WH-MUM,Tier-3
ORD101590,2025-03-24,Books,865.84,WH-HYD,Metro
ORD101591,2025-01-25,Appliances,462.81,WH-BLR,Metro
ORD101592,2025-12-18,Fashion,976.6,WH-BLR,Tier-2
ORD101593,2025-06-19,Fashion,1070.79,WH-KOL,Metro
ORD101594,2025-11-18,Grocery,1897.32,WH-BLR,Tier-3
ORD101595,2025-10-09,Fashion,864.25,WH-HYD,Metro
ORD101596,2025-03-22,Fashion,189.98,WH-DEL,Metro
ORD101597,2025-03-15,Electronics,459.49,WH-HYD,Metro
ORD101598,2025-11-12,Books,3269.49,WH-BLR,Metro
ORD101599,2025-04-22,Appliances,683.94,WH-KOL,Metro
ORD101600,2025-12-09,Fashion,2072.79,WH-MUM,Remote
ORD101601,2025-02-28,Fashion,756.91,WH-BLR,Tier-3
ORD101602,2025-10-08,Electronics,2566.41,WH-HYD,Remote
ORD101603,2025-11-13,Electronics,1449.93,WH-BLR,Tier-2
ORD101604,2025-04-09,Furniture,419.45,WH-MUM,Metro
ORD101605,2025-04-27,Electronics,524.92,WH-DEL,Remote
ORD101606,2025-12-22,Beauty,406.74,WH-BLR,Tier-3
ORD101607,2025-04-22,Fashion,2779.35,WH-BLR,Tier-2
ORD101608,2025-06-30,Electronics,489.3,WH-MUM,Tier-3
ORD101609,2025-07-01,Books,996.84,WH-MUM,Tier-2
ORD101610,2025-04-17,Fashion,1256.13,WH-DEL,Tier-2
ORD101611,2025-11-03,Fashion,1599.75,WH-HYD,Tier-3
ORD101612,2025-11-02,Electronics,926.28,WH-MUM,Remote
ORD101613,2025-06-08,Furniture,379.78,WH-MUM,Tier-3
ORD101614,2025-11-18,Fashion,510.08,WH-MUM,Tier-3
ORD101615,2025-03-31,Books,577.34,WH-MUM,Tier-2
ORD101616,2025-01-02,Furniture,161.0,WH-BLR,Metro
ORD101617,2025-08-29,Books,1891.77,WH-DEL,Tier-2
ORD101618,2025-12-30,Furniture,2006.9,WH-BLR,Tier-2
ORD101619,2025-01-17,Appliances,568.25,WH-DEL,Metro
ORD101620,2025-03-29,Appliances,3803.3,WH-BLR,Tier-2
ORD101621,2025-08-07,Grocery,1230.14,WH-BLR,Tier-2
ORD101622,2025-11-12,Appliances,2638.57,WH-MUM,Metro
ORD101623,2025-02-07,Furniture,2491.7,WH-MUM,Tier-3
ORD101624,2025-06-16,Electronics,1203.12,WH-DEL,Tier-3
ORD101625,2025-10-26,Appliances,264.16,WH-DEL,Metro
ORD101626,2025-06-06,Fashion,1570.63,WH-KOL,Tier-3
ORD101627,2025-03-21,Grocery,2040.86,WH-MUM,Metro
ORD101628,2025-03-24,Electronics,794.69,WH-BLR,Tier-2
ORD101629,2025-06-22,Electronics,1523.33,WH-HYD,Tier-3
ORD101630,2025-07-21,Electronics,1309.06,WH-HYD,Remote
ORD101631,2025-11-25,Electronics,624.76,WH-BLR,Metro
ORD101632,2025-09-27,Electronics,1236.57,WH-BLR,Tier-3
ORD101633,2025-10-11,Electronics,891.26,WH-MUM,Tier-3
ORD101634,2025-12-27,Grocery,1808.14,WH-MUM,Metro
ORD101635,2025-06-23,Fashion,835.47,WH-DEL,Metro
ORD101636,2025-06-19,Beauty,757.99,WH-BLR,Tier-3
ORD101637,2025-12-11,Books,361.34,WH-KOL,Metro
ORD101638,2025-04-14,Electronics,7825.62,WH-DEL,Tier-2
ORD101639,2025-10-22,Fashion,932.57,WH-HYD,Tier-2
ORD101640,2025-10-28,Fashion,542.17,WH-BLR,Tier-2
ORD101641,2025-02-11,Fashion,2170.71,WH-DEL,Tier-2
ORD101642,2025-07-16,Grocery,1555.48,WH-HYD,Metro
ORD101643,2025-03-26,Furniture,2076.75,WH-BLR,Metro
ORD101644,2025-03-19,Furniture,2260.35,WH-DEL,Tier-3
ORD101645,2025-07-14,Fashion,3221.66,WH-MUM,Tier-2
ORD101646,2025-05-02,Appliances,571.46,WH-MUM,Tier-2
ORD101647,2025-11-08,Fashion,1506.07,WH-HYD,Tier-3
ORD101648,2025-12-07,Books,378.71,WH-DEL,Metro
ORD101649,2025-11-10,Beauty,1047.98,WH-HYD,Metro
ORD101650,2025-04-22,Fashion,2290.49,WH-BLR,Tier-2
ORD101651,2025-04-26,Books,654.47,WH-HYD,Metro
ORD101652,2025-04-18,Books,7980.02,WH-DEL,Metro
ORD101653,2025-02-26,Grocery,1358.89,WH-BLR,Tier-3
ORD101654,2025-12-17,Electronics,314.74,WH-HYD,Remote
ORD101655,2025-06-18,Books,2354.75,WH-BLR,Metro
ORD101656,2025-04-05,Fashion,7912.15,WH-BLR,Metro
ORD101657,2025-11-21,Fashion,223.82,WH-HYD,Tier-2
ORD101658,2025-06-17,Furniture,2372.15,WH-BLR,Tier-3
ORD101659,2025-01-15,Fashion,607.0,WH-BLR,Metro
ORD101660,2025-03-10,Electronics,1282.77,WH-BLR,Tier-3
ORD101661,2025-09-26,Beauty,469.97,WH-KOL,Remote
ORD101662,2025-11-04,Fashion,2651.29,WH-BLR,Metro
ORD101663,2025-03-30,Grocery,1038.22,WH-MUM,Metro
ORD101664,2025-12-10,Furniture,3389.07,WH-BLR,Tier-3
ORD101665,2025-11-22,Electronics,587.75,WH-MUM,Metro
ORD101666,2025-11-22,Appliances,1135.39,WH-MUM,Metro
ORD101667,2025-04-06,Furniture,210.4,WH-KOL,Tier-3
ORD101668,2025-01-22,Grocery,10701.8,WH-HYD,Tier-2
ORD101669,2025-11-27,Grocery,6221.25,WH-KOL,Tier-2
ORD101670,2025-05-09,Beauty,7657.29,WH-HYD,Tier-2
ORD101671,2025-09-18,Beauty,4566.41,WH-MUM,Tier-2
ORD101672,2025-10-29,Electronics,834.87,WH-BLR,Tier-3
ORD101673,2025-02-23,Fashion,1292.95,WH-DEL,Tier-3
ORD101674,2025-11-04,Grocery,1691.13,WH-MUM,Tier-3
ORD101675,2025-12-15,Beauty,1807.25,WH-DEL,Tier-2
ORD101676,2025-10-21,Books,557.57,WH-BLR,Tier-3
ORD101677,2025-07-05,Fashion,535.58,WH-DEL,Tier-3
ORD101678,2025-11-29,Books,459.59,WH-MUM,Tier-2
ORD101679,2025-08-10,Fashion,952.2,WH-MUM,Metro
ORD101680,2025-10-25,Fashion,1036.95,WH-KOL,Tier-2
ORD101681,2025-11-14,Furniture,932.49,WH-BLR,Tier-2
ORD101682,2025-10-27,Fashion,1637.58,WH-BLR,Metro
ORD101683,2025-05-01,Furniture,443.06,WH-BLR,Metro
ORD101684,2025-02-19,Fashion,676.21,WH-MUM,Metro
ORD101685,2025-04-11,Books,729.05,WH-DEL,Metro
ORD101686,2025-07-31,Beauty,2579.01,WH-KOL,Tier-2
ORD101687,2025-08-01,Fashion,1568.68,WH-HYD,Tier-2
ORD101688,2025-09-02,Grocery,1755.59,WH-DEL,Tier-2
ORD101689,2025-06-16,Appliances,634.5,WH-HYD,Tier-3
ORD101690,2025-11-06,Electronics,1383.53,WH-MUM,Tier-2
ORD101691,2025-12-09,Books,720.88,WH-KOL,Tier-3
ORD101692,2025-04-14,Grocery,740.89,WH-DEL,Tier-3
ORD101693,2025-10-23,Electronics,1800.21,WH-BLR,Tier-3
ORD101694,2025-10-08,Books,798.3,WH-KOL,Tier-3
ORD101695,2025-08-08,Fashion,1231.01,WH-DEL,Metro
ORD101696,2025-03-21,Electronics,1079.32,WH-BLR,Tier-2
ORD101697,2025-11-08,Electronics,523.54,WH-HYD,Tier-3
ORD101698,2025-12-21,Books,843.87,WH-BLR,Metro
ORD101699,2025-10-19,Beauty,854.74,WH-BLR,Metro
ORD101700,2025-12-10,Fashion,986.98,WH-MUM,Tier-2
ORD101701,2025-12-27,Electronics,316.61,WH-DEL,Tier-2
ORD101702,2025-05-28,Electronics,747.38,WH-MUM,Remote
ORD101703,2025-09-26,Furniture,2777.99,WH-BLR,Tier-3
ORD101704,2025-07-19,Fashion,1900.57,WH-MUM,Metro
ORD101705,2025-12-28,Fashion,973.05,WH-BLR,Tier-2
ORD101706,2025-02-09,Fashion,521.24,WH-DEL,Tier-3
ORD101707,2025-06-23,Grocery,1451.45,WH-MUM,Tier-2
ORD101708,2025-11-29,Furniture,2904.87,WH-BLR,Tier-2
ORD101709,2025-04-30,Grocery,4508.11,WH-MUM,Metro
ORD101710,2025-11-06,Electronics,880.78,WH-MUM,Remote
ORD101711,2025-06-10,Grocery,573.6,WH-MUM,Tier-2
ORD101712,2025-12-26,Grocery,1969.25,WH-HYD,Metro
ORD101713,2025-12-01,Grocery,1785.2,WH-BLR,Metro
ORD101714,2025-05-07,Electronics,1350.66,WH-BLR,Tier-3
ORD101715,2025-11-01,Electronics,805.8,WH-BLR,Tier-2
ORD101716,2025-05-22,Grocery,470.09,WH-DEL,Metro
ORD101717,2025-09-12,Fashion,2297.73,WH-MUM,Tier-2
ORD101718,2025-10-03,Furniture,2744.16,WH-DEL,Remote
ORD101719,2025-11-17,Fashion,1004.27,WH-DEL,Tier-2
ORD101720,2025-01-11,Fashion,5262.88,WH-BLR,Metro
ORD101721,2025-04-03,Furniture,1618.05,WH-MUM,Metro
ORD101722,2025-10-17,Fashion,1164.49,WH-KOL,Metro
ORD101723,2025-08-25,Electronics,519.94,WH-MUM,Remote
ORD101724,2025-07-28,Books,343.65,WH-DEL,Metro
ORD101725,2025-01-24,Fashion,889.3,WH-DEL,Metro
ORD101726,2025-05-27,Beauty,1799.03,WH-MUM,Metro
ORD101727,2025-11-26,Electronics,8663.43,WH-HYD,Metro
ORD101728,2025-01-13,Books,1413.82,WH-BLR,Tier-2
ORD101729,2025-06-16,Books,2151.25,WH-BLR,Remote
ORD101730,2025-12-17,Electronics,691.04,WH-DEL,Metro
ORD101731,2025-01-22,Grocery,1582.76,WH-KOL,Metro
ORD101732,2025-10-27,Furniture,1425.65,WH-BLR,Tier-2
ORD101733,2025-04-19,Grocery,628.68,WH-DEL,Remote
ORD101734,2025-11-26,Fashion,3907.08,WH-BLR,Remote
ORD101735,2025-10-26,Beauty,1203.22,WH-DEL,Remote
ORD101736,2025-12-01,Appliances,3243.11,WH-MUM,Metro
ORD101737,2025-04-01,Beauty,1349.81,WH-MUM,Tier-3
ORD101738,2025-08-12,Books,1027.5,WH-KOL,Tier-2
ORD101739,2025-11-04,Books,716.93,WH-DEL,Metro
ORD101740,2025-04-14,Appliances,1012.03,WH-BLR,Tier-2
ORD101741,2025-04-07,Furniture,4323.23,WH-KOL,Tier-2
ORD101742,2025-01-12,Books,652.66,WH-MUM,Tier-2
ORD101743,2025-12-21,Furniture,2282.57,WH-DEL,Metro
ORD101744,2025-10-16,Electronics,1044.25,WH-DEL,Metro
ORD101745,2025-09-25,Grocery,2146.5,WH-HYD,Tier-2
ORD101746,2025-10-25,Electronics,1580.5,WH-MUM,Metro
ORD101747,2025-08-12,Beauty,460.99,WH-DEL,Metro
ORD101748,2025-07-20,Furniture,1529.28,WH-DEL,Tier-2
ORD101749,2025-07-08,Grocery,7574.85,WH-MUM,Metro
ORD101750,2025-09-27,Electronics,1712.97,WH-KOL,Metro
ORD101751,2025-03-26,Grocery,2812.0,WH-MUM,Metro
ORD101752,2025-12-02,Fashion,1698.98,WH-BLR,Metro
ORD101753,2025-11-12,Furniture,2516.39,WH-DEL,Metro
ORD101754,2025-05-27,Furniture,754.14,WH-BLR,Tier-3
ORD101755,2025-09-01,Grocery,1215.43,WH-HYD,Tier-3
ORD101756,2025-03-01,Fashion,2708.26,WH-MUM,Metro
ORD101757,2025-12-24,Grocery,1012.19,WH-MUM,Tier-2
ORD101758,2025-12-06,Grocery,3158.11,WH-DEL,Metro
ORD101759,2025-12-11,Books,600.14,WH-KOL,Metro
ORD101760,2025-05-20,Books,1403.95,WH-DEL,Tier-3
ORD101761,2025-03-13,Appliances,1088.88,WH-BLR,Remote
ORD101762,2025-03-30,Fashion,11054.81,WH-MUM,Metro
ORD101763,2025-02-07,Electronics,980.61,WH-HYD,Tier-3
ORD101764,2025-02-20,Beauty,1874.65,WH-KOL,Metro
ORD101765,2025-01-30,Beauty,272.29,WH-DEL,Tier-3
ORD101766,2025-12-29,Electronics,526.23,WH-DEL,Tier-2
ORD101767,2025-02-01,Appliances,1710.61,WH-MUM,Tier-2
ORD101768,2025-02-25,Fashion,1084.51,WH-MUM,Tier-3
ORD101769,2025-11-16,Electronics,1101.34,WH-MUM,Tier-2
ORD101770,2025-09-01,Beauty,1032.79,WH-BLR,Remote
ORD101771,2025-11-02,Beauty,1155.14,WH-BLR,Metro
ORD101772,2025-09-23,Beauty,340.63,WH-DEL,Remote
ORD101773,2025-12-01,Electronics,1249.61,WH-DEL,Tier-3
ORD101774,2025-09-26,Grocery,1123.89,WH-MUM,Tier-2
ORD101775,2025-08-08,Books,3143.79,WH-KOL,Tier-2
ORD101776,2025-10-17,Furniture,2612.64,WH-BLR,Remote
ORD101777,2025-07-07,Fashion,139.35,WH-DEL,Tier-2
ORD101778,2025-05-26,Grocery,744.18,WH-HYD,Metro
ORD101779,2025-07-16,Electronics,5662.84,WH-HYD,Metro
ORD101780,2025-03-13,Furniture,2764.83,WH-HYD,Metro
ORD101781,2025-11-08,Books,1983.63,WH-HYD,Metro
ORD101782,2025-04-20,Electronics,895.89,WH-MUM,Metro
ORD101783,2025-03-06,Electronics,2421.35,WH-DEL,Tier-2
ORD101784,2025-04-14,Grocery,398.52,WH-HYD,Metro
ORD101785,2025-11-20,Grocery,851.72,WH-MUM,Metro
ORD101786,2025-05-19,Fashion,1764.94,WH-DEL,Metro
ORD101787,2025-10-10,Electronics,2177.84,WH-BLR,Metro
ORD101788,2025-11-24,Appliances,1592.59,WH-DEL,Tier-2
ORD101789,2025-02-02,Fashion,1835.11,WH-BLR,Tier-2
ORD101790,2025-10-31,Furniture,1527.44,WH-DEL,Remote
ORD101791,2025-05-10,Grocery,1040.85,WH-MUM,Tier-2
ORD101792,2025-04-02,Fashion,3914.95,WH-BLR,Tier-3
ORD101793,2025-10-11,Grocery,5890.41,WH-MUM,Metro
ORD101794,2025-12-08,Appliances,1286.1,WH-DEL,Tier-3
ORD101795,2025-05-04,Grocery,523.11,WH-KOL,Tier-3
ORD101796,2025-08-28,Grocery,1109.94,WH-BLR,Remote
ORD101797,2025-05-02,Fashion,1435.8,WH-BLR,Tier-2
ORD101798,2025-08-21,Fashion,228.61,WH-DEL,Remote
ORD101799,2025-09-19,Grocery,3908.0,WH-DEL,Tier-3
ORD101800,2025-09-14,Grocery,803.81,WH-MUM,Remote
ORD101801,2025-09-20,Fashion,691.3,WH-DEL,Tier-2
ORD101802,2025-02-26,Fashion,1020.81,WH-HYD,Metro
ORD101803,2025-10-12,Appliances,917.64,WH-MUM,Tier-2
ORD101804,2025-10-07,Electronics,1401.56,WH-MUM,Remote
ORD101805,2025-10-09,Beauty,2519.27,WH-BLR,Remote
ORD101806,2025-02-01,Furniture,3716.13,WH-KOL,Remote
ORD101807,2025-07-07,Electronics,2521.04,WH-HYD,Tier-2
ORD101808,2025-06-21,Furniture,630.04,WH-DEL,Tier-3
ORD101809,2025-02-06,Fashion,1227.54,WH-KOL,Tier-2
ORD101810,2025-04-04,Beauty,1456.42,WH-BLR,Tier-2
ORD101811,2025-07-05,Beauty,1712.6,WH-HYD,Tier-2
ORD101812,2025-10-25,Books,1981.13,WH-HYD,Metro
ORD101813,2025-04-10,Grocery,1425.44,WH-HYD,Tier-2
ORD101814,2025-11-17,Beauty,1249.95,WH-DEL,Metro
ORD101815,2025-08-18,Furniture,2775.51,WH-BLR,Tier-2
ORD101816,2025-10-30,Books,1204.44,WH-BLR,Tier-2
ORD101817,2025-07-18,Electronics,2880.02,WH-BLR,Metro
ORD101818,2025-07-29,Beauty,2567.68,WH-HYD,Tier-2
ORD101819,2025-09-18,Furniture,4282.07,WH-MUM,Metro
ORD101820,2025-12-13,Fashion,1594.32,WH-DEL,Metro
ORD101821,2025-07-26,Beauty,4251.18,WH-BLR,Metro
ORD101822,2025-08-11,Appliances,1050.69,WH-MUM,Metro
ORD101823,2025-09-10,Beauty,1766.04,WH-MUM,Tier-3
ORD101824,2025-10-24,Electronics,2470.09,WH-DEL,Tier-3
ORD101825,2025-01-31,Grocery,596.73,WH-MUM,Tier-2
ORD101826,2025-08-05,Appliances,978.27,WH-BLR,Tier-3
ORD101827,2025-07-22,Electronics,785.02,WH-BLR,Tier-2
ORD101828,2025-12-11,Appliances,1279.12,WH-KOL,Tier-3
ORD101829,2025-07-27,Furniture,874.66,WH-DEL,Tier-2
ORD101830,2025-07-16,Fashion,1458.61,WH-DEL,Metro
ORD101831,2025-12-22,Appliances,1258.47,WH-KOL,Tier-3
ORD101832,2025-07-09,Electronics,1071.11,WH-DEL,Tier-2
ORD101833,2025-03-18,Books,1511.17,WH-DEL,Remote
ORD101834,2025-04-02,Books,775.95,WH-DEL,Tier-3
ORD101835,2025-02-09,Grocery,671.99,WH-BLR,Metro
ORD101836,2025-01-01,Grocery,515.64,WH-MUM,Remote
ORD101837,2025-07-01,Fashion,320.42,WH-KOL,Metro
ORD101838,2025-11-01,Fashion,777.62,WH-MUM,Tier-2
ORD101839,2025-10-23,Books,2061.22,WH-BLR,Tier-2
ORD101840,2025-01-14,Fashion,1143.48,WH-HYD,Tier-3
ORD101841,2025-08-28,Fashion,1352.55,WH-BLR,Tier-2
ORD101842,2025-03-06,Fashion,968.98,WH-DEL,Metro
ORD101843,2025-12-16,Furniture,6284.08,WH-DEL,Metro
ORD101844,2025-03-12,Books,1529.11,WH-MUM,Tier-2
ORD101845,2025-09-21,Electronics,849.84,WH-BLR,Tier-2
ORD101846,2025-05-18,Fashion,575.09,WH-MUM,Metro
ORD101847,2025-09-27,Electronics,5274.06,WH-HYD,Tier-2
ORD101848,2025-06-23,Electronics,436.36,WH-KOL,Tier-2
ORD101849,2025-10-29,Fashion,709.24,WH-HYD,Metro
ORD101850,2025-04-07,Appliances,709.57,WH-BLR,Metro
ORD101851,2025-12-07,Grocery,1302.76,WH-BLR,Tier-3
ORD101852,2025-07-30,Electronics,1779.42,WH-DEL,Tier-3
ORD101853,2025-10-28,Furniture,1414.81,WH-DEL,Tier-2
ORD101854,2025-11-22,Books,1000.53,WH-BLR,Tier-2
ORD101855,2025-12-31,Fashion,438.02,WH-BLR,Metro
ORD101856,2025-04-05,Fashion,5915.3,WH-BLR,Metro
ORD101857,2025-05-01,Appliances,1655.62,WH-MUM,Tier-3
ORD101858,2025-04-16,Electronics,2109.25,WH-DEL,Metro
ORD101859,2025-04-21,Books,779.92,WH-KOL,Metro
ORD101860,2025-09-02,Books,1056.08,WH-BLR,Tier-2
ORD101861,2025-12-30,Books,3423.04,WH-DEL,Tier-3
ORD101862,2025-12-29,Electronics,229.48,WH-MUM,Metro
ORD101863,2025-08-10,Electronics,2467.1,WH-MUM,Tier-2
ORD101864,2025-09-26,Books,1099.25,WH-BLR,Remote
ORD101865,2025-11-25,Grocery,1868.31,WH-MUM,Tier-3
ORD101866,2025-12-14,Fashion,5074.19,WH-MUM,Tier-2
ORD101867,2025-03-27,Grocery,913.93,WH-DEL,Metro
ORD101868,2025-08-11,Electronics,154.22,WH-DEL,Tier-2
ORD101869,2025-11-18,Furniture,559.42,WH-DEL,Remote
ORD101870,2025-05-08,Beauty,1353.35,WH-DEL,Tier-2
ORD101871,2025-07-04,Furniture,5010.44,WH-MUM,Remote
ORD101872,2025-12-28,Grocery,981.87,WH-MUM,Tier-2
ORD101873,2025-12-28,Beauty,4621.31,WH-BLR,Metro
ORD101874,2025-12-07,Appliances,208.58,WH-BLR,Tier-2
ORD101875,2025-11-09,Electronics,895.28,WH-BLR,Remote
ORD101876,2025-04-24,Furniture,3072.71,WH-KOL,Metro
ORD101877,2025-05-15,Electronics,2850.06,WH-KOL,Tier-2
ORD101878,2025-08-18,Fashion,280.51,WH-HYD,Metro
ORD101879,2025-08-24,Furniture,684.01,WH-DEL,Tier-2
ORD101880,2025-08-01,Fashion,1199.05,WH-DEL,Tier-2
ORD101881,2025-09-25,Electronics,787.39,WH-DEL,Tier-2
ORD101882,2025-06-21,Furniture,3413.29,WH-DEL,Remote
ORD101883,2025-10-27,Fashion,1353.3,WH-BLR,Metro
ORD101884,2025-05-21,Grocery,421.79,WH-KOL,Tier-3
ORD101885,2025-05-19,Fashion,1936.33,WH-HYD,Metro
ORD101886,2025-02-23,Appliances,2020.18,WH-BLR,Metro
ORD101887,2025-03-21,Books,534.11,WH-DEL,Metro
ORD101888,2025-11-22,Electronics,656.68,WH-HYD,Metro
ORD101889,2025-07-07,Books,757.98,WH-KOL,Tier-2
ORD101890,2025-04-06,Electronics,3996.88,WH-MUM,Metro
ORD101891,2025-10-29,Fashion,1248.1,WH-MUM,Metro
ORD101892,2025-08-21,Fashion,228.73,WH-MUM,Tier-3
ORD101893,2025-01-09,Fashion,511.46,WH-MUM,Tier-2
ORD101894,2025-05-13,Electronics,2374.86,WH-BLR,Remote
ORD101895,2025-03-16,Appliances,966.26,WH-BLR,Tier-3
ORD101896,2025-10-02,Books,501.74,WH-MUM,Tier-2
ORD101897,2025-04-26,Beauty,989.54,WH-MUM,Tier-2
ORD101898,2025-01-28,Beauty,2936.72,WH-HYD,Remote
ORD101899,2025-01-24,Fashion,7638.03,WH-DEL,Tier-2
ORD101900,2025-09-02,Electronics,1278.74,WH-MUM,Tier-2
ORD101901,2025-01-10,Electronics,1981.63,WH-MUM,Metro
ORD101902,2025-11-22,Grocery,1236.26,WH-HYD,Metro
ORD101903,2025-03-07,Books,1595.84,WH-MUM,Tier-3
ORD101904,2025-09-12,Fashion,639.06,WH-DEL,Metro
ORD101905,2025-07-06,Electronics,4255.7,WH-BLR,Metro
ORD101906,2025-07-06,Fashion,928.23,WH-BLR,Tier-3
ORD101907,2025-01-31,Books,555.82,WH-KOL,Tier-3
ORD101908,2025-11-10,Grocery,723.93,WH-MUM,Remote
ORD101909,2025-12-03,Appliances,2280.1,WH-MUM,Tier-2
ORD101910,2025-01-05,Grocery,765.77,WH-BLR,Metro
ORD101911,2025-03-17,Fashion,4506.82,WH-DEL,Tier-2
ORD101912,2025-12-06,Fashion,2234.22,WH-HYD,Metro
ORD101913,2025-08-19,Appliances,2668.34,WH-DEL,Metro
ORD101914,2025-03-05,Appliances,958.17,WH-HYD,Tier-3
ORD101915,2025-03-27,Fashion,814.72,WH-MUM,Tier-3
ORD101916,2025-10-03,Fashion,1375.18,WH-MUM,Metro
ORD101917,2025-10-20,Electronics,518.16,WH-KOL,Metro
ORD101918,2025-09-09,Electronics,1954.58,WH-MUM,Remote
ORD101919,2025-12-19,Electronics,2790.03,WH-HYD,Metro
ORD101920,2025-07-27,Electronics,769.99,WH-DEL,Metro
ORD101921,2025-05-07,Appliances,2325.78,WH-BLR,Metro
ORD101922,2025-07-20,Books,1642.08,WH-KOL,Tier-2
ORD101923,2025-06-01,Appliances,3271.48,WH-MUM,Metro
ORD101924,2025-04-05,Appliances,4988.48,WH-DEL,Tier-3
ORD101925,2025-01-20,Beauty,2503.38,WH-MUM,Metro
ORD101926,2025-05-28,Beauty,1280.46,WH-DEL,Tier-2
ORD101927,2025-10-17,Fashion,3514.37,WH-DEL,Metro
ORD101928,2025-01-08,Electronics,1391.1,WH-MUM,Metro
ORD101929,2025-07-04,Electronics,1083.08,WH-KOL,Metro
ORD101930,2025-09-28,Books,822.36,WH-BLR,Tier-2
ORD101931,2025-09-14,Electronics,1448.39,WH-MUM,Tier-2
ORD101932,2025-11-03,Fashion,2993.27,WH-BLR,Metro
ORD101933,2025-11-12,Grocery,586.88,WH-DEL,Remote
ORD101934,2025-10-17,Furniture,496.65,WH-MUM,Metro
ORD101935,2025-02-13,Grocery,504.6,WH-DEL,Tier-3
ORD101936,2025-07-19,Books,3033.6,WH-DEL,Remote
ORD101937,2025-09-11,Grocery,1841.96,WH-HYD,Metro
ORD101938,2025-04-14,Books,4357.18,WH-KOL,Metro
ORD101939,2025-01-18,Electronics,884.31,WH-HYD,Metro
ORD101940,2025-04-04,Books,503.63,WH-MUM,Tier-3
ORD101941,2025-07-11,Grocery,4654.49,WH-HYD,Tier-2
ORD101942,2025-06-23,Fashion,743.7,WH-BLR,Metro
ORD101943,2025-03-16,Beauty,2300.06,WH-BLR,Metro
ORD101944,2025-11-15,Beauty,460.64,WH-MUM,Metro
ORD101945,2025-12-12,Books,1547.85,WH-MUM,Tier-2
ORD101946,2025-03-26,Beauty,1175.55,WH-DEL,Tier-3
ORD101947,2025-12-13,Fashion,428.74,WH-MUM,Metro
ORD101948,2025-01-08,Fashion,6084.83,WH-DEL,Metro
ORD101949,2025-12-12,Electronics,658.08,WH-KOL,Tier-3
ORD101950,2025-12-19,Books,633.87,WH-BLR,Tier-3
ORD101951,2025-01-06,Books,793.55,WH-MUM,Metro
ORD101952,2025-10-30,Beauty,234.33,WH-BLR,Tier-3
ORD101953,2025-12-24,Books,1030.99,WH-BLR,Tier-3
ORD101954,2025-12-07,Furniture,793.72,WH-KOL,Metro
ORD101955,2025-12-24,Electronics,2962.68,WH-BLR,Metro
ORD101956,2025-08-20,Electronics,1724.6,WH-BLR,Metro
ORD101957,2025-02-02,Grocery,485.78,WH-MUM,Metro
ORD101958,2025-11-22,Appliances,794.18,WH-MUM,Metro
ORD101959,2025-09-15,Electronics,7514.41,WH-DEL,Tier-3
ORD101960,2025-09-16,Beauty,645.8,WH-KOL,Tier-3
ORD101961,2025-06-25,Appliances,2588.49,WH-DEL,Tier-2
ORD101962,2025-08-29,Fashion,777.37,WH-MUM,Tier-3
ORD101963,2025-03-06,Books,600.38,WH-DEL,Remote
ORD101964,2025-10-24,Grocery,868.27,WH-KOL,Tier-2
ORD101965,2025-02-01,Appliances,4342.99,WH-BLR,Remote
ORD101966,2025-10-22,Fashion,414.1,WH-DEL,Remote
ORD101967,2025-11-22,Fashion,2264.85,WH-DEL,Metro
ORD101968,2025-07-18,Electronics,3553.01,WH-HYD,Remote
ORD101969,2025-08-03,Grocery,861.27,WH-BLR,Remote
ORD101970,2025-05-12,Appliances,2973.86,WH-HYD,Metro
ORD101971,2025-12-23,Beauty,2625.73,WH-HYD,Tier-2
ORD101972,2025-10-22,Books,702.57,WH-DEL,Metro
ORD101973,2025-06-05,Electronics,626.5,WH-BLR,Metro
ORD101974,2025-03-15,Beauty,1184.21,WH-BLR,Tier-2
ORD101975,2025-04-03,Electronics,1460.5,WH-HYD,Metro
ORD101976,2025-07-14,Electronics,996.46,WH-DEL,Tier-2
ORD101977,2025-12-16,Appliances,2104.93,WH-KOL,Tier-2
ORD101978,2025-10-23,Beauty,721.24,WH-MUM,Metro
ORD101979,2025-04-01,Beauty,645.94,WH-BLR,Tier-2
ORD101980,2025-11-25,Books,1343.67,WH-HYD,Remote
ORD101981,2025-06-08,Fashion,1608.07,WH-HYD,Metro
ORD101982,2025-11-23,Electronics,3825.87,WH-DEL,Tier-2
ORD101983,2025-04-12,Electronics,1926.5,WH-HYD,Metro
ORD101984,2025-09-17,Grocery,2362.64,WH-MUM,Metro
ORD101985,2025-12-12,Grocery,1016.36,WH-BLR,Tier-2
ORD101986,2025-04-19,Electronics,1021.88,WH-BLR,Metro
ORD101987,2025-10-12,Grocery,805.58,WH-MUM,Tier-2
ORD101988,2025-12-28,Grocery,1550.36,WH-DEL,Metro
ORD101989,2025-03-05,Appliances,1504.88,WH-MUM,Tier-3
ORD101990,2025-02-07,Fashion,1447.32,WH-KOL,Metro
ORD101991,2025-10-07,Fashion,1139.01,WH-MUM,Remote
ORD101992,2025-05-23,Furniture,1294.51,WH-DEL,Tier-2
ORD101993,2025-01-30,Appliances,5041.64,WH-DEL,Metro
ORD101994,2025-07-19,Fashion,1668.14,WH-BLR,Metro
ORD101995,2025-10-28,Electronics,2136.09,WH-DEL,Tier-2
ORD101996,2025-04-30,Beauty,1949.05,WH-KOL,Remote
ORD101997,2025-05-21,Appliances,1165.17,WH-KOL,Tier-2
ORD101998,2025-11-21,Fashion,2058.02,WH-MUM,Tier-2
ORD101999,2025-08-07,Grocery,1361.92,WH-DEL,Tier-3
ORD102000,2025-11-20,Grocery,492.63,WH-BLR,Metro
ORD102001,2025-07-07,Electronics,841.75,WH-MUM,Tier-2
ORD102002,2025-12-19,Electronics,6599.81,WH-MUM,Metro
ORD102003,2025-10-01,Beauty,3406.57,WH-KOL,Tier-3
ORD102004,2025-02-18,Grocery,1054.59,WH-DEL,Tier-3
ORD102005,2025-12-01,Electronics,2298.34,WH-BLR,Metro
ORD102006,2025-07-25,Books,1595.52,WH-KOL,Metro
ORD102007,2025-03-01,Grocery,5400.36,WH-DEL,Tier-3
ORD102008,2025-03-06,Furniture,1207.53,WH-BLR,Tier-2
ORD102009,2025-10-10,Fashion,1602.92,WH-HYD,Tier-2
ORD102010,2025-01-20,Electronics,707.93,WH-DEL,Tier-2
ORD102011,2025-05-01,Electronics,1202.89,WH-MUM,Metro
ORD102012,2025-02-28,Beauty,149.47,WH-BLR,Tier-3
ORD102013,2025-07-05,Furniture,1648.74,WH-MUM,Metro
ORD102014,2025-06-24,Books,2989.38,WH-BLR,Tier-2
ORD102015,2025-08-08,Electronics,5186.36,WH-HYD,Metro
ORD102016,2025-04-28,Appliances,1968.01,WH-MUM,Metro
ORD102017,2025-01-14,Grocery,999.93,WH-MUM,Tier-3
ORD102018,2025-09-16,Furniture,694.26,WH-KOL,Tier-2
ORD102019,2025-06-07,Fashion,915.76,WH-KOL,Tier-2
ORD102020,2025-10-01,Furniture,372.86,WH-HYD,Tier-3
ORD102021,2025-02-15,Electronics,1095.03,WH-HYD,Tier-2
ORD102022,2025-01-06,Electronics,502.44,WH-KOL,Tier-3
ORD102023,2025-04-15,Books,830.66,WH-HYD,Tier-3
ORD102024,2025-07-11,Electronics,1137.43,WH-MUM,Tier-2
ORD102025,2025-06-15,Electronics,1743.23,WH-BLR,Metro
ORD102026,2025-11-12,Beauty,357.49,WH-BLR,Metro
ORD102027,2025-06-08,Fashion,1017.91,WH-MUM,Tier-2
ORD102028,2025-08-11,Grocery,2318.83,WH-MUM,Metro
ORD102029,2025-09-07,Books,4104.33,WH-MUM,Metro
ORD102030,2025-01-10,Appliances,1262.1,WH-BLR,Metro
ORD102031,2025-08-05,Electronics,7767.9,WH-DEL,Metro
ORD102032,2025-05-25,Grocery,2345.45,WH-MUM,Metro
ORD102033,2025-06-27,Grocery,1407.17,WH-MUM,Metro
ORD102034,2025-02-12,Fashion,3621.85,WH-DEL,Metro
ORD102035,2025-11-04,Appliances,892.77,WH-MUM,Tier-3
ORD102036,2025-12-16,Beauty,579.23,WH-MUM,Remote
ORD102037,2025-01-10,Electronics,2816.07,WH-MUM,Tier-2
ORD102038,2025-09-10,Electronics,2047.83,WH-DEL,Remote
ORD102039,2025-10-30,Appliances,3088.34,WH-HYD,Metro
ORD102040,2025-04-30,Grocery,3031.8,WH-BLR,Tier-3
ORD102041,2025-11-06,Books,6689.19,WH-HYD,Tier-2
ORD102042,2025-09-23,Electronics,419.41,WH-HYD,Tier-2
ORD102043,2025-12-13,Electronics,1008.69,WH-KOL,Tier-2
ORD102044,2025-12-27,Appliances,1063.9,WH-HYD,Tier-3
ORD102045,2025-01-18,Beauty,3406.25,WH-DEL,Metro
ORD102046,2025-07-06,Electronics,1804.78,WH-BLR,Metro
ORD102047,2025-08-18,Books,3416.84,WH-BLR,Tier-3
ORD102048,2025-03-03,Fashion,1679.94,WH-BLR,Tier-2
ORD102049,2025-05-22,Electronics,1319.78,WH-MUM,Metro
ORD102050,2025-12-28,Grocery,2309.01,WH-KOL,Metro
ORD102051,2025-01-07,Fashion,1650.82,WH-BLR,Metro
ORD102052,2025-07-10,Appliances,1829.51,WH-DEL,Tier-2
ORD102053,2025-11-20,Fashion,2256.37,WH-KOL,Tier-2
ORD102054,2025-05-17,Grocery,1895.04,WH-BLR,Metro
ORD102055,2025-07-21,Fashion,2940.09,WH-BLR,Tier-3
ORD102056,2025-12-26,Books,1396.11,WH-MUM,Tier-3
ORD102057,2025-07-19,Beauty,1534.08,WH-BLR,Metro
ORD102058,2025-02-25,Fashion,601.41,WH-MUM,Metro
ORD102059,2025-01-22,Fashion,2940.86,WH-MUM,Tier-3
ORD102060,2025-12-17,Beauty,5266.1,WH-DEL,Remote
ORD102061,2025-04-22,Electronics,316.81,WH-BLR,Remote
ORD102062,2025-07-31,Books,2236.74,WH-DEL,Tier-2
ORD102063,2025-02-08,Grocery,1191.8,WH-BLR,Remote
ORD102064,2025-06-28,Books,1155.77,WH-MUM,Metro
ORD102065,2025-12-13,Fashion,2213.05,WH-BLR,Metro
ORD102066,2025-07-31,Fashion,1307.97,WH-HYD,Metro
ORD102067,2025-12-24,Fashion,1833.59,WH-DEL,Tier-2
ORD102068,2025-04-19,Electronics,1004.51,WH-BLR,Metro
ORD102069,2025-08-01,Electronics,4464.1,WH-DEL,Tier-2
ORD102070,2025-11-25,Beauty,1111.66,WH-MUM,Metro
ORD102071,2025-07-08,Fashion,728.52,WH-HYD,Tier-2
ORD102072,2025-04-28,Electronics,1767.95,WH-KOL,Tier-3
ORD102073,2025-11-24,Fashion,686.8,WH-BLR,Tier-3
ORD102074,2025-06-13,Fashion,1616.25,WH-MUM,Metro
ORD102075,2025-08-12,Grocery,5002.39,WH-MUM,Metro
ORD102076,2025-12-25,Electronics,1292.26,WH-HYD,Metro
ORD102077,2025-03-20,Books,453.29,WH-BLR,Tier-2
ORD102078,2025-05-07,Books,960.94,WH-DEL,Metro
ORD102079,2025-01-14,Fashion,2565.64,WH-HYD,Tier-3
ORD102080,2025-06-14,Books,1459.01,WH-MUM,Remote
ORD102081,2025-03-26,Fashion,2347.32,WH-HYD,Metro
ORD102082,2025-10-08,Fashion,807.43,WH-BLR,Metro
ORD102083,2025-03-18,Beauty,963.36,WH-KOL,Metro
ORD102084,2025-10-07,Books,2223.67,WH-HYD,Tier-3
ORD102085,2025-04-21,Fashion,4859.63,WH-MUM,Metro
ORD102086,2025-05-30,Grocery,982.58,WH-BLR,Tier-3
ORD102087,2025-05-27,Fashion,1380.11,WH-DEL,Tier-2
ORD102088,2025-10-18,Grocery,3228.99,WH-DEL,Tier-2
ORD102089,2025-07-16,Appliances,1487.48,WH-BLR,Tier-3
ORD102090,2025-06-01,Electronics,2231.03,WH-KOL,Metro
ORD102091,2025-11-23,Beauty,740.91,WH-HYD,Tier-3
ORD102092,2025-08-29,Appliances,1343.24,WH-KOL,Metro
ORD102093,2025-03-31,Electronics,814.76,WH-MUM,Tier-3
ORD102094,2025-12-05,Books,347.77,WH-MUM,Remote
ORD102095,2025-05-24,Appliances,660.12,WH-MUM,Metro
ORD102096,2025-01-17,Fashion,1917.1,WH-MUM,Tier-2
ORD102097,2025-07-27,Grocery,2082.78,WH-BLR,Tier-2
ORD102098,2025-02-22,Books,2477.17,WH-BLR,Metro
ORD102099,2025-04-11,Beauty,2012.58,WH-DEL,Tier-2
ORD102100,2025-10-26,Fashion,1121.47,WH-BLR,Metro
ORD102101,2025-02-24,Furniture,309.05,WH-BLR,Tier-3
ORD102102,2025-11-11,Books,536.31,WH-DEL,Tier-2
ORD102103,2025-12-15,Beauty,3241.52,WH-DEL,Tier-2
ORD102104,2025-09-12,Electronics,682.86,WH-HYD,Tier-3
ORD102105,2025-10-16,Grocery,1261.93,WH-DEL,Tier-3
ORD102106,2025-10-17,Books,1408.39,WH-BLR,Metro
ORD102107,2025-12-30,Electronics,442.23,WH-DEL,Metro
ORD102108,2025-05-24,Fashion,1747.2,WH-DEL,Metro
ORD102109,2025-03-10,Grocery,4547.01,WH-MUM,Tier-3
ORD102110,2025-08-07,Grocery,1319.49,WH-BLR,Metro
ORD102111,2025-08-13,Appliances,1079.84,WH-KOL,Metro
ORD102112,2025-03-16,Electronics,530.22,WH-BLR,Metro
ORD102113,2025-09-15,Books,1075.88,WH-MUM,Metro
ORD102114,2025-01-06,Fashion,2065.26,WH-BLR,Tier-2
ORD102115,2025-12-13,Books,1332.62,WH-KOL,Tier-2
ORD102116,2025-04-22,Fashion,942.21,WH-DEL,Metro
ORD102117,2025-01-17,Electronics,2995.06,WH-KOL,Metro
ORD102118,2025-02-15,Beauty,1086.53,WH-HYD,Tier-3
ORD102119,2025-04-11,Books,951.2,WH-HYD,Tier-2
ORD102120,2025-04-26,Fashion,1499.62,WH-BLR,Tier-2
ORD102121,2025-01-14,Fashion,3810.8,WH-MUM,Metro
ORD102122,2025-04-28,Grocery,1183.66,WH-HYD,Remote
ORD102123,2025-03-23,Beauty,659.56,WH-KOL,Metro
ORD102124,2025-06-09,Fashion,2072.8,WH-KOL,Tier-2
ORD102125,2025-06-11,Beauty,1027.2,WH-KOL,Tier-3
ORD102126,2025-05-23,Fashion,2087.81,WH-DEL,Metro
ORD102127,2025-05-18,Appliances,260.09,WH-MUM,Metro
ORD102128,2025-02-07,Fashion,1379.47,WH-DEL,Tier-3
ORD102129,2025-01-11,Electronics,1097.85,WH-MUM,Tier-2
ORD102130,2025-03-26,Beauty,621.62,WH-BLR,Remote
ORD102131,2025-10-29,Electronics,507.57,WH-MUM,Tier-3
ORD102132,2025-12-29,Beauty,1070.58,WH-BLR,Remote
ORD102133,2025-12-13,Electronics,569.33,WH-BLR,Tier-2
ORD102134,2025-07-31,Fashion,124.88,WH-MUM,Tier-2
ORD102135,2025-08-12,Beauty,523.1,WH-DEL,Remote
ORD102136,2025-05-13,Furniture,505.29,WH-DEL,Tier-3
ORD102137,2025-11-02,Electronics,1371.15,WH-DEL,Metro
ORD102138,2025-10-31,Grocery,517.47,WH-HYD,Tier-2
ORD102139,2025-11-21,Electronics,1338.72,WH-MUM,Metro
ORD102140,2025-12-04,Books,624.83,WH-MUM,Remote
ORD102141,2025-07-02,Electronics,2504.89,WH-DEL,Tier-2
ORD102142,2025-10-31,Grocery,1807.54,WH-BLR,Tier-2
ORD102143,2025-11-11,Electronics,1053.53,WH-DEL,Remote
ORD102144,2025-05-10,Appliances,1502.89,WH-HYD,Metro
ORD102145,2025-12-13,Beauty,2121.34,WH-MUM,Tier-2
ORD102146,2025-02-09,Books,1406.58,WH-HYD,Metro
ORD102147,2025-12-30,Fashion,1499.58,WH-MUM,Metro
ORD102148,2025-11-01,Fashion,248.18,WH-DEL,Metro
ORD102149,2025-02-09,Electronics,884.76,WH-KOL,Tier-2
ORD102150,2025-10-02,Books,718.48,WH-HYD,Metro
ORD102151,2025-01-15,Electronics,3104.69,WH-DEL,Remote
ORD102152,2025-11-01,Furniture,980.11,WH-DEL,Metro
ORD102153,2025-11-09,Fashion,780.72,WH-BLR,Metro
ORD102154,2025-09-11,Beauty,2131.82,WH-DEL,Metro
ORD102155,2025-11-24,Grocery,397.35,WH-DEL,Metro
ORD102156,2025-02-11,Grocery,1250.2,WH-BLR,Tier-2
ORD102157,2025-04-26,Beauty,275.58,WH-BLR,Remote
ORD102158,2025-06-24,Beauty,752.79,WH-KOL,Metro
ORD102159,2025-01-18,Grocery,924.87,WH-BLR,Metro
ORD102160,2025-07-08,Books,4296.92,WH-KOL,Metro
ORD102161,2025-04-22,Furniture,1189.0,WH-MUM,Tier-2
ORD102162,2025-06-15,Fashion,656.95,WH-MUM,Metro
ORD102163,2025-06-28,Electronics,1203.77,WH-DEL,Metro
ORD102164,2025-11-30,Appliances,4240.8,WH-DEL,Tier-3
ORD102165,2025-04-24,Appliances,258.88,WH-MUM,Tier-3
ORD102166,2025-12-04,Electronics,2485.09,WH-MUM,Metro
ORD102167,2025-06-28,Fashion,1814.3,WH-MUM,Tier-2
ORD102168,2025-05-18,Appliances,1220.08,WH-DEL,Tier-3
ORD102169,2025-07-31,Electronics,1044.74,WH-MUM,Metro
ORD102170,2025-06-25,Appliances,4228.86,WH-DEL,Tier-2
ORD102171,2025-04-19,Appliances,2379.67,WH-MUM,Metro
ORD102172,2025-07-31,Fashion,583.99,WH-MUM,Tier-2
ORD102173,2025-03-05,Fashion,1363.58,WH-MUM,Metro
ORD102174,2025-05-28,Fashion,3627.08,WH-BLR,Tier-3
ORD102175,2025-08-26,Fashion,2059.68,WH-HYD,Tier-2
ORD102176,2025-06-23,Furniture,1652.24,WH-KOL,Tier-3
ORD102177,2025-11-15,Appliances,472.26,WH-BLR,Metro
ORD102178,2025-04-18,Books,8524.37,WH-BLR,Tier-2
ORD102179,2025-12-24,Electronics,2385.46,WH-KOL,Remote
ORD102180,2025-11-05,Appliances,5579.04,WH-MUM,Tier-2
ORD102181,2025-12-23,Fashion,1704.5,WH-MUM,Tier-2
ORD102182,2025-11-19,Books,1320.03,WH-DEL,Tier-2
ORD102183,2025-03-01,Electronics,799.91,WH-MUM,Remote
ORD102184,2025-08-10,Grocery,2922.46,WH-MUM,Tier-2
ORD102185,2025-03-13,Grocery,4438.5,WH-KOL,Tier-2
ORD102186,2025-11-14,Fashion,3081.16,WH-DEL,Tier-3
ORD102187,2025-09-03,Beauty,8139.91,WH-DEL,Remote
ORD102188,2025-04-21,Electronics,1487.49,WH-BLR,Tier-3
ORD102189,2025-12-13,Electronics,815.09,WH-MUM,Metro
ORD102190,2025-02-18,Furniture,1645.55,WH-KOL,Tier-2
ORD102191,2025-08-25,Grocery,2548.51,WH-KOL,Metro
ORD102192,2025-10-19,Fashion,1085.49,WH-HYD,Tier-2
ORD102193,2025-01-25,Fashion,1293.69,WH-BLR,Tier-2
ORD102194,2025-09-09,Electronics,1589.33,WH-HYD,Metro
ORD102195,2025-11-13,Books,1987.95,WH-BLR,Tier-2
ORD102196,2025-01-29,Grocery,1491.95,WH-DEL,Metro
ORD102197,2025-08-04,Fashion,1585.63,WH-DEL,Tier-3
ORD102198,2025-04-19,Fashion,2227.7,WH-MUM,Metro
ORD102199,2025-10-04,Beauty,2477.29,WH-MUM,Metro
ORD102200,2025-02-19,Books,901.44,WH-HYD,Tier-2
ORD102201,2025-12-15,Electronics,308.27,WH-KOL,Tier-3
ORD102202,2025-12-04,Furniture,583.72,WH-BLR,Tier-2
ORD102203,2025-03-20,Electronics,1936.88,WH-BLR,Tier-3
ORD102204,2025-05-16,Fashion,746.46,WH-DEL,Tier-3
ORD102205,2025-09-04,Books,1656.46,WH-BLR,Metro
ORD102206,2025-10-18,Books,1279.47,WH-BLR,Metro
ORD102207,2025-07-06,Electronics,1413.12,WH-BLR,Metro
ORD102208,2025-03-07,Books,1984.42,WH-BLR,Metro
ORD102209,2025-02-13,Appliances,3470.3,WH-MUM,Tier-2
ORD102210,2025-12-31,Appliances,1321.71,WH-KOL,Metro
ORD102211,2025-07-11,Books,581.91,WH-HYD,Metro
ORD102212,2025-11-28,Grocery,1717.77,WH-DEL,Tier-2
ORD102213,2025-07-22,Beauty,2369.33,WH-BLR,Tier-2
ORD102214,2025-12-11,Fashion,220.76,WH-DEL,Remote
ORD102215,2025-02-06,Grocery,751.55,WH-MUM,Tier-2
ORD102216,2025-02-17,Fashion,1371.13,WH-HYD,Metro
ORD102217,2025-12-13,Books,912.11,WH-MUM,Metro
ORD102218,2025-12-18,Electronics,1491.55,WH-DEL,Metro
ORD102219,2025-05-13,Fashion,813.0,WH-BLR,Tier-2
ORD102220,2025-05-30,Appliances,2834.62,WH-HYD,Tier-2
ORD102221,2025-07-10,Fashion,1395.64,WH-HYD,Remote
ORD102222,2025-06-24,Fashion,317.41,WH-MUM,Metro
ORD102223,2025-03-21,Fashion,2404.53,WH-KOL,Metro
ORD102224,2025-12-05,Appliances,2529.87,WH-BLR,Metro
ORD102225,2025-04-17,Fashion,1300.02,WH-BLR,Tier-2
ORD102226,2025-10-15,Fashion,307.51,WH-HYD,Remote
ORD102227,2025-01-29,Grocery,2756.08,WH-DEL,Metro
ORD102228,2025-01-17,Beauty,591.34,WH-BLR,Tier-2
ORD102229,2025-10-02,Books,1003.21,WH-BLR,Metro
ORD102230,2025-05-23,Electronics,846.13,WH-BLR,Tier-2
ORD102231,2025-10-02,Books,423.43,WH-BLR,Metro
ORD102232,2025-02-09,Books,1346.02,WH-MUM,Metro
ORD102233,2025-12-18,Appliances,1575.29,WH-BLR,Tier-2
ORD102234,2025-10-26,Grocery,1466.62,WH-DEL,Metro
ORD102235,2025-11-29,Electronics,1132.9,WH-DEL,Metro
ORD102236,2025-02-27,Appliances,738.06,WH-HYD,Metro
ORD102237,2025-05-15,Grocery,4338.48,WH-KOL,Metro
ORD102238,2025-06-04,Fashion,1553.51,WH-BLR,Tier-2
ORD102239,2025-08-14,Electronics,633.72,WH-BLR,Metro
ORD102240,2025-05-05,Fashion,1905.24,WH-BLR,Tier-2
ORD102241,2025-01-26,Furniture,1792.81,WH-MUM,Tier-2
ORD102242,2025-06-05,Electronics,2191.34,WH-DEL,Metro
ORD102243,2025-04-17,Furniture,1305.35,WH-BLR,Metro
ORD102244,2025-06-12,Books,813.95,WH-DEL,Tier-2
ORD102245,2025-03-24,Fashion,447.85,WH-KOL,Tier-2
ORD102246,2025-04-21,Electronics,876.35,WH-MUM,Tier-3
ORD102247,2025-09-21,Electronics,356.0,WH-BLR,Tier-2
ORD102248,2025-06-13,Fashion,1703.84,WH-HYD,Tier-3
ORD102249,2025-05-26,Books,370.58,WH-HYD,Tier-2
ORD102250,2025-08-13,Furniture,1007.91,WH-BLR,Tier-3
ORD102251,2025-11-02,Books,2399.87,WH-DEL,Tier-2
ORD102252,2025-06-09,Beauty,1103.6,WH-MUM,Remote
ORD102253,2025-09-04,Fashion,1277.58,WH-DEL,Tier-3
ORD102254,2025-12-23,Appliances,1909.85,WH-HYD,Metro
ORD102255,2025-08-08,Grocery,2019.58,WH-BLR,Tier-3
ORD102256,2025-12-08,Grocery,3072.74,WH-MUM,Metro
ORD102257,2025-11-07,Fashion,2102.05,WH-DEL,Remote
ORD102258,2025-01-25,Fashion,1783.36,WH-DEL,Metro
ORD102259,2025-06-30,Furniture,278.9,WH-KOL,Tier-2
ORD102260,2025-10-13,Furniture,1625.11,WH-DEL,Metro
ORD102261,2025-12-28,Fashion,5048.55,WH-HYD,Tier-3
ORD102262,2025-07-12,Electronics,2248.29,WH-HYD,Remote
ORD102263,2025-02-08,Grocery,2909.44,WH-DEL,Tier-2
ORD102264,2025-08-25,Appliances,781.0,WH-BLR,Metro
ORD102265,2025-02-23,Grocery,1267.64,WH-MUM,Tier-2
ORD102266,2025-10-27,Electronics,2104.13,WH-DEL,Metro
ORD102267,2025-08-02,Fashion,1909.16,WH-BLR,Remote
ORD102268,2025-10-20,Appliances,2520.17,WH-BLR,Metro
ORD102269,2025-11-27,Appliances,540.53,WH-BLR,Tier-2
ORD102270,2025-09-22,Electronics,710.18,WH-KOL,Metro
ORD102271,2025-09-15,Grocery,475.78,WH-DEL,Remote
ORD102272,2025-10-28,Fashion,1647.35,WH-HYD,Tier-2
ORD102273,2025-11-20,Furniture,1153.05,WH-KOL,Remote
ORD102274,2025-11-27,Electronics,1146.35,WH-DEL,Metro
ORD102275,2025-01-16,Furniture,777.03,WH-DEL,Tier-2
ORD102276,2025-08-22,Beauty,682.14,WH-MUM,Metro
ORD102277,2025-04-01,Fashion,1341.41,WH-HYD,Tier-3
ORD102278,2025-11-25,Fashion,3248.3,WH-HYD,Metro
ORD102279,2025-09-30,Electronics,4693.44,WH-HYD,Tier-2
ORD102280,2025-06-26,Electronics,4706.67,WH-MUM,Tier-2
ORD102281,2025-03-21,Beauty,920.82,WH-HYD,Metro
ORD102282,2025-05-23,Beauty,519.87,WH-MUM,Tier-3
ORD102283,2025-10-15,Electronics,2716.12,WH-MUM,Tier-3
ORD102284,2025-03-27,Beauty,3713.36,WH-MUM,Tier-2
ORD102285,2025-02-09,Electronics,1870.73,WH-BLR,Tier-2
ORD102286,2025-12-02,Grocery,1315.05,WH-BLR,Metro
ORD102287,2025-10-31,Furniture,811.19,WH-HYD,Tier-2
ORD102288,2025-03-25,Fashion,2174.25,WH-BLR,Tier-3
ORD102289,2025-05-03,Grocery,2122.97,WH-KOL,Metro
ORD102290,2025-12-24,Furniture,1679.73,WH-BLR,Remote
ORD102291,2025-10-16,Electronics,552.71,WH-BLR,Tier-2
ORD102292,2025-09-14,Beauty,604.94,WH-MUM,Metro
ORD102293,2025-05-10,Fashion,1242.49,WH-BLR,Metro
ORD102294,2025-05-06,Electronics,3082.52,WH-BLR,Tier-2
ORD102295,2025-01-17,Beauty,2773.16,WH-BLR,Remote
ORD102296,2025-10-21,Fashion,973.33,WH-DEL,Tier-3
ORD102297,2025-01-19,Fashion,310.6,WH-MUM,Tier-2
ORD102298,2025-01-03,Fashion,3897.94,WH-DEL,Remote
ORD102299,2025-10-21,Electronics,3614.56,WH-BLR,Metro
ORD102300,2025-12-18,Fashion,1479.03,WH-BLR,Metro
ORD102301,2025-10-29,Fashion,949.57,WH-BLR,Tier-3
ORD102302,2025-07-18,Grocery,1047.59,WH-BLR,Tier-2
ORD102303,2025-07-24,Grocery,2821.17,WH-HYD,Metro
ORD102304,2025-07-03,Books,2058.05,WH-MUM,Tier-3
ORD102305,2025-05-17,Beauty,951.07,WH-DEL,Metro
ORD102306,2025-08-08,Fashion,7795.43,WH-KOL,Tier-2
ORD102307,2025-07-01,Beauty,393.87,WH-BLR,Tier-3
ORD102308,2025-09-09,Books,827.77,WH-KOL,Metro
ORD102309,2025-12-05,Beauty,842.7,WH-HYD,Tier-3
ORD102310,2025-12-30,Appliances,1458.04,WH-HYD,Tier-3
ORD102311,2025-02-03,Electronics,3313.96,WH-KOL,Metro
ORD102312,2025-06-11,Electronics,2599.14,WH-BLR,Metro
ORD102313,2025-03-17,Beauty,1482.31,WH-DEL,Tier-3
ORD102314,2025-05-28,Grocery,463.27,WH-MUM,Tier-2
ORD102315,2025-05-01,Books,2875.91,WH-DEL,Metro
ORD102316,2025-03-15,Appliances,540.13,WH-BLR,Metro
ORD102317,2025-10-31,Fashion,971.21,WH-BLR,Metro
ORD102318,2025-07-28,Fashion,1260.88,WH-KOL,Tier-2
ORD102319,2025-12-10,Beauty,702.06,WH-MUM,Tier-3
ORD102320,2025-01-14,Electronics,691.2,WH-BLR,Tier-2
ORD102321,2025-01-29,Appliances,2722.86,WH-BLR,Metro
ORD102322,2025-06-19,Beauty,4287.09,WH-DEL,Remote
ORD102323,2025-02-03,Electronics,1262.46,WH-BLR,Metro
ORD102324,2025-04-21,Fashion,322.72,WH-BLR,Metro
ORD102325,2025-12-28,Grocery,1676.44,WH-KOL,Remote
ORD102326,2025-03-29,Books,767.46,WH-BLR,Metro
ORD102327,2025-03-25,Grocery,1787.31,WH-BLR,Tier-2
ORD102328,2025-08-30,Electronics,1696.62,WH-DEL,Tier-3
ORD102329,2025-07-29,Electronics,297.29,WH-BLR,Metro
ORD102330,2025-09-01,Fashion,980.14,WH-BLR,Tier-2
ORD102331,2025-06-08,Fashion,2193.13,WH-DEL,Tier-3
ORD102332,2025-11-16,Fashion,1243.21,WH-DEL,Metro
ORD102333,2025-02-28,Books,557.19,WH-MUM,Tier-3
ORD102334,2025-06-30,Electronics,2264.34,WH-HYD,Metro
ORD102335,2025-10-11,Books,353.41,WH-HYD,Tier-3
ORD102336,2025-11-27,Beauty,1615.22,WH-DEL,Metro
ORD102337,2025-06-05,Furniture,870.23,WH-DEL,Tier-2
ORD102338,2025-08-27,Furniture,1895.51,WH-HYD,Tier-2
ORD102339,2025-01-30,Electronics,1115.99,WH-BLR,Metro
ORD102340,2025-03-13,Grocery,1976.22,WH-DEL,Metro
ORD102341,2025-01-30,Fashion,3979.43,WH-BLR,Tier-3
ORD102342,2025-10-21,Fashion,2334.08,WH-BLR,Tier-3
ORD102343,2025-05-02,Grocery,2300.47,WH-KOL,Metro
ORD102344,2025-10-20,Electronics,2135.24,WH-BLR,Tier-3
ORD102345,2025-01-28,Fashion,339.2,WH-MUM,Metro
ORD102346,2025-11-25,Furniture,1428.56,WH-BLR,Tier-2
ORD102347,2025-11-18,Grocery,1662.0,WH-DEL,Tier-2
ORD102348,2025-02-07,Electronics,2084.53,WH-HYD,Tier-3
ORD102349,2025-01-10,Electronics,1251.85,WH-MUM,Tier-2
ORD102350,2025-01-24,Fashion,2374.28,WH-HYD,Metro
ORD102351,2025-11-23,Grocery,622.02,WH-MUM,Metro
ORD102352,2025-04-09,Grocery,6596.17,WH-KOL,Metro
ORD102353,2025-08-19,Electronics,2093.49,WH-HYD,Tier-2
ORD102354,2025-06-29,Furniture,641.45,WH-BLR,Metro
ORD102355,2025-11-08,Beauty,3961.49,WH-KOL,Metro
ORD102356,2025-07-25,Grocery,548.52,WH-BLR,Metro
ORD102357,2025-07-30,Grocery,1349.59,WH-MUM,Metro
ORD102358,2025-12-29,Furniture,1468.91,WH-BLR,Tier-2
ORD102359,2025-03-05,Books,964.95,WH-MUM,Remote
ORD102360,2025-11-17,Beauty,1214.79,WH-KOL,Metro
ORD102361,2025-01-22,Electronics,1408.95,WH-HYD,Metro
ORD102362,2025-07-20,Fashion,567.56,WH-DEL,Metro
ORD102363,2025-12-02,Electronics,1666.85,WH-KOL,Tier-2
ORD102364,2025-10-05,Appliances,1342.64,WH-MUM,Tier-2
ORD102365,2025-10-10,Electronics,6343.23,WH-BLR,Metro
ORD102366,2025-04-21,Beauty,4390.16,WH-HYD,Metro
ORD102367,2025-06-25,Electronics,745.06,WH-BLR,Remote
ORD102368,2025-06-04,Furniture,1196.53,WH-HYD,Tier-2
ORD102369,2025-08-08,Fashion,769.0,WH-BLR,Tier-3
ORD102370,2025-07-14,Grocery,1092.24,WH-MUM,Metro
ORD102371,2025-05-18,Fashion,2664.02,WH-MUM,Tier-3
ORD102372,2025-05-09,Appliances,1233.88,WH-MUM,Tier-3
ORD102373,2025-04-16,Grocery,898.57,WH-MUM,Metro
ORD102374,2025-06-03,Fashion,2174.02,WH-BLR,Metro
ORD102375,2025-03-05,Appliances,284.48,WH-BLR,Metro
ORD102376,2025-11-28,Beauty,983.29,WH-HYD,Tier-3
ORD102377,2025-09-11,Books,4007.76,WH-MUM,Metro
ORD102378,2025-02-26,Appliances,4163.32,WH-BLR,Metro
ORD102379,2025-10-12,Grocery,3805.77,WH-BLR,Tier-2
ORD102380,2025-11-21,Beauty,500.19,WH-MUM,Tier-2
ORD102381,2025-04-10,Grocery,497.2,WH-MUM,Tier-2
ORD102382,2025-03-05,Beauty,902.37,WH-MUM,Tier-2
ORD102383,2025-01-04,Books,1352.93,WH-BLR,Metro
ORD102384,2025-01-20,Electronics,745.13,WH-KOL,Metro
ORD102385,2025-10-30,Electronics,349.15,WH-MUM,Metro
ORD102386,2025-12-28,Appliances,2813.74,WH-MUM,Tier-3
ORD102387,2025-01-19,Appliances,2462.51,WH-DEL,Remote
ORD102388,2025-10-26,Furniture,834.98,WH-MUM,Tier-3
ORD102389,2025-01-31,Beauty,2367.48,WH-BLR,Metro
ORD102390,2025-09-06,Grocery,2849.15,WH-MUM,Metro
ORD102391,2025-10-28,Fashion,199.55,WH-DEL,Tier-2
ORD102392,2025-05-31,Grocery,2241.2,WH-HYD,Metro
ORD102393,2025-01-05,Electronics,1275.76,WH-MUM,Remote
ORD102394,2025-09-08,Grocery,179.37,WH-KOL,Tier-3
ORD102395,2025-12-29,Beauty,3024.62,WH-DEL,Remote
ORD102396,2025-04-19,Electronics,1427.31,WH-DEL,Tier-3
ORD102397,2025-03-21,Books,373.55,WH-BLR,Tier-2
ORD102398,2025-02-22,Books,1840.88,WH-KOL,Metro
ORD102399,2025-08-22,Electronics,1548.13,WH-BLR,Tier-3
ORD102400,2025-09-08,Books,2064.56,WH-MUM,Tier-2
ORD102401,2025-11-07,Appliances,285.06,WH-DEL,Tier-3
ORD102402,2025-10-28,Grocery,1053.23,WH-KOL,Metro
ORD102403,2025-12-03,Fashion,611.18,WH-MUM,Tier-2
ORD102404,2025-11-10,Fashion,1175.71,WH-BLR,Tier-2
ORD102405,2025-04-14,Furniture,344.27,WH-KOL,Metro
ORD102406,2025-08-22,Fashion,548.0,WH-HYD,Tier-2
ORD102407,2025-05-05,Fashion,4589.85,WH-DEL,Metro
ORD102408,2025-05-19,Beauty,3392.13,WH-MUM,Metro
ORD102409,2025-12-14,Appliances,2914.05,WH-MUM,Tier-2
ORD102410,2025-10-09,Appliances,4344.11,WH-KOL,Metro
ORD102411,2025-12-25,Beauty,300.17,WH-BLR,Tier-3
ORD102412,2025-06-25,Electronics,1280.11,WH-HYD,Metro
ORD102413,2025-08-14,Fashion,1628.07,WH-DEL,Tier-3
ORD102414,2025-07-24,Furniture,982.47,WH-KOL,Metro
ORD102415,2025-02-15,Fashion,302.27,WH-DEL,Tier-2
ORD102416,2025-04-10,Electronics,2715.98,WH-MUM,Tier-2
ORD102417,2025-08-10,Books,2195.71,WH-HYD,Tier-3
ORD102418,2025-01-29,Electronics,815.23,WH-KOL,Tier-2
ORD102419,2025-12-14,Grocery,2634.56,WH-KOL,Metro
ORD102420,2025-02-22,Grocery,1479.51,WH-MUM,Tier-2
ORD102421,2025-03-25,Furniture,2223.98,WH-MUM,Metro
ORD102422,2025-10-31,Fashion,644.5,WH-HYD,Metro
ORD102423,2025-02-10,Electronics,1621.21,WH-DEL,Tier-2
ORD102424,2025-12-05,Books,1634.99,WH-BLR,Tier-3
ORD102425,2025-10-20,Beauty,1112.97,WH-BLR,Tier-2
ORD102426,2025-01-29,Grocery,157.73,WH-BLR,Remote
ORD102427,2025-10-12,Electronics,1536.73,WH-BLR,Metro
ORD102428,2025-09-23,Grocery,1622.73,WH-MUM,Metro
ORD102429,2025-10-29,Fashion,628.6,WH-KOL,Tier-2
ORD102430,2025-11-16,Electronics,2117.12,WH-DEL,Tier-2
ORD102431,2025-10-19,Electronics,1629.02,WH-BLR,Metro
ORD102432,2025-09-04,Electronics,1858.65,WH-DEL,Metro
ORD102433,2025-05-16,Fashion,990.32,WH-MUM,Remote
ORD102434,2025-10-13,Fashion,341.38,WH-HYD,Metro
ORD102435,2025-12-20,Books,347.48,WH-KOL,Metro
ORD102436,2025-09-04,Grocery,2321.56,WH-BLR,Metro
ORD102437,2025-10-04,Fashion,558.3,WH-KOL,Metro
ORD102438,2025-07-03,Electronics,707.39,WH-BLR,Metro
ORD102439,2025-10-28,Books,2622.02,WH-HYD,Metro
ORD102440,2025-12-31,Electronics,242.47,WH-KOL,Metro
ORD102441,2025-03-09,Fashion,370.47,WH-HYD,Metro
ORD102442,2025-03-27,Furniture,2518.2,WH-BLR,Tier-2
ORD102443,2025-08-15,Appliances,1432.87,WH-BLR,Metro
ORD102444,2025-07-22,Books,271.84,WH-BLR,Remote
ORD102445,2025-08-29,Fashion,942.3,WH-BLR,Metro
ORD102446,2025-01-21,Fashion,1541.93,WH-BLR,Metro
ORD102447,2025-06-19,Fashion,554.72,WH-BLR,Tier-3
ORD102448,2025-09-02,Grocery,421.25,WH-DEL,Tier-3
ORD102449,2025-09-03,Fashion,346.92,WH-BLR,Tier-2
ORD102450,2025-10-03,Fashion,2636.19,WH-MUM,Metro
ORD102451,2025-10-19,Electronics,3086.02,WH-DEL,Tier-3
ORD102452,2025-09-27,Beauty,2449.79,WH-BLR,Tier-2
ORD102453,2025-11-06,Electronics,3589.77,WH-DEL,Metro
ORD102454,2025-09-20,Fashion,3730.65,WH-HYD,Metro
ORD102455,2025-08-14,Beauty,398.29,WH-DEL,Metro
ORD102456,2025-09-12,Appliances,2984.05,WH-MUM,Metro
ORD102457,2025-02-12,Grocery,1465.23,WH-HYD,Metro
ORD102458,2025-04-25,Furniture,6121.99,WH-DEL,Metro
ORD102459,2025-08-10,Electronics,20105.24,WH-DEL,Remote
ORD102460,2025-11-28,Books,1145.39,WH-HYD,Tier-3
ORD102461,2025-10-08,Fashion,1049.44,WH-HYD,Metro
ORD102462,2025-02-07,Beauty,985.39,WH-MUM,Metro
ORD102463,2025-09-06,Fashion,1418.76,WH-MUM,Tier-2
ORD102464,2025-04-04,Furniture,1612.55,WH-HYD,Metro
ORD102465,2025-10-23,Grocery,11053.07,WH-DEL,Tier-3
ORD102466,2025-11-16,Electronics,1501.97,WH-DEL,Remote
ORD102467,2025-09-07,Fashion,949.84,WH-BLR,Tier-2
ORD102468,2025-09-06,Books,1353.54,WH-BLR,Metro
ORD102469,2025-05-23,Fashion,692.31,WH-DEL,Tier-3
ORD102470,2025-07-07,Beauty,349.86,WH-HYD,Tier-2
ORD102471,2025-11-26,Fashion,1189.87,WH-MUM,Tier-2
ORD102472,2025-10-20,Furniture,8662.26,WH-KOL,Tier-3
ORD102473,2025-08-07,Furniture,2726.29,WH-HYD,Metro
ORD102474,2025-06-04,Grocery,912.56,WH-HYD,Metro
ORD102475,2025-01-22,Furniture,1773.53,WH-HYD,Tier-3
ORD102476,2025-03-02,Appliances,10009.95,WH-MUM,Metro
ORD102477,2025-03-23,Furniture,1570.47,WH-MUM,Metro
ORD102478,2025-06-06,Grocery,657.13,WH-BLR,Tier-2
ORD102479,2025-12-17,Furniture,1414.89,WH-MUM,Metro
ORD102480,2025-08-01,Fashion,2238.4,WH-BLR,Tier-3
ORD102481,2025-04-09,Electronics,1869.29,WH-HYD,Remote
ORD102482,2025-02-14,Electronics,4282.11,WH-HYD,Remote
ORD102483,2025-05-23,Furniture,1450.76,WH-BLR,Metro
ORD102484,2025-11-13,Beauty,205.53,WH-MUM,Remote
ORD102485,2025-06-11,Electronics,1953.58,WH-DEL,Metro
ORD102486,2025-11-02,Grocery,1850.2,WH-HYD,Metro
ORD102487,2025-11-10,Fashion,1756.31,WH-KOL,Metro
ORD102488,2025-02-16,Grocery,679.36,WH-BLR,Tier-3
ORD102489,2025-09-13,Appliances,6598.8,WH-MUM,Metro
ORD102490,2025-12-21,Appliances,561.17,WH-HYD,Tier-2
ORD102491,2025-06-18,Appliances,610.95,WH-BLR,Tier-3
ORD102492,2025-01-22,Appliances,1115.35,WH-HYD,Metro
ORD102493,2025-12-11,Electronics,3870.39,WH-BLR,Tier-3
ORD102494,2025-12-01,Grocery,4006.95,WH-MUM,Metro
ORD102495,2025-08-08,Fashion,2235.36,WH-DEL,Metro
ORD102496,2025-08-21,Beauty,2737.18,WH-HYD,Tier-2
ORD102497,2025-03-30,Books,472.48,WH-BLR,Tier-3
ORD102498,2025-11-14,Electronics,343.84,WH-HYD,Metro
ORD102499,2025-07-29,Fashion,994.67,WH-HYD,Tier-3
ORD102500,2025-01-15,Grocery,2720.33,WH-HYD,Metro
ORD102501,2025-10-09,Beauty,2777.56,WH-KOL,Tier-2
ORD102502,2025-12-18,Electronics,668.29,WH-KOL,Metro
ORD102503,2025-11-17,Grocery,612.93,WH-HYD,Metro
ORD102504,2025-04-27,Fashion,3411.5,WH-DEL,Tier-2
ORD102505,2025-01-23,Furniture,1559.58,WH-HYD,Tier-2
ORD102506,2025-12-16,Furniture,255.35,WH-KOL,Metro
ORD102507,2025-12-15,Fashion,544.94,WH-DEL,Tier-2
ORD102508,2025-08-12,Books,1974.58,WH-MUM,Metro
ORD102509,2025-09-27,Electronics,518.5,WH-MUM,Metro
ORD102510,2025-07-14,Books,609.44,WH-HYD,Metro
ORD102511,2025-06-26,Fashion,627.43,WH-KOL,Tier-3
ORD102512,2025-02-20,Grocery,2697.12,WH-BLR,Metro
ORD102513,2025-02-10,Fashion,1329.26,WH-KOL,Metro
ORD102514,2025-04-08,Furniture,5120.92,WH-MUM,Metro
ORD102515,2025-11-19,Fashion,950.36,WH-MUM,Tier-2
ORD102516,2025-03-03,Grocery,1131.46,WH-KOL,Metro
ORD102517,2025-04-06,Electronics,1750.5,WH-KOL,Metro
ORD102518,2025-08-19,Fashion,812.62,WH-DEL,Remote
ORD102519,2025-04-01,Books,372.86,WH-KOL,Remote
ORD102520,2025-03-10,Grocery,1010.25,WH-HYD,Metro
ORD102521,2025-08-25,Grocery,735.89,WH-HYD,Tier-2
ORD102522,2025-06-04,Furniture,1210.25,WH-HYD,Tier-3
ORD102523,2025-09-21,Fashion,830.03,WH-MUM,Remote
ORD102524,2025-12-08,Books,1920.94,WH-BLR,Metro
ORD102525,2025-03-05,Fashion,1010.76,WH-BLR,Tier-3
ORD102526,2025-12-09,Beauty,367.68,WH-BLR,Metro
ORD102527,2025-12-06,Books,813.95,WH-MUM,Tier-2
ORD102528,2025-11-17,Fashion,511.93,WH-BLR,Tier-2
ORD102529,2025-09-23,Fashion,6231.07,WH-MUM,Tier-3
ORD102530,2025-09-18,Furniture,1389.7,WH-DEL,Remote
ORD102531,2025-09-26,Appliances,2284.12,WH-BLR,Metro
ORD102532,2025-10-11,Electronics,1240.54,WH-MUM,Metro
ORD102533,2025-01-07,Fashion,5808.65,WH-BLR,Tier-2
ORD102534,2025-12-20,Electronics,488.46,WH-BLR,Metro
ORD102535,2025-09-04,Appliances,711.04,WH-DEL,Tier-2
ORD102536,2025-11-04,Appliances,3262.67,WH-KOL,Tier-3
ORD102537,2025-06-08,Electronics,885.25,WH-DEL,Tier-2
ORD102538,2025-01-06,Grocery,736.13,WH-DEL,Tier-3
ORD102539,2025-08-03,Appliances,854.78,WH-KOL,Metro
ORD102540,2025-08-02,Beauty,6282.1,WH-HYD,Metro
ORD102541,2025-07-03,Electronics,6875.0,WH-BLR,Tier-3
ORD102542,2025-05-23,Fashion,1858.98,WH-BLR,Tier-2
ORD102543,2025-04-15,Fashion,1567.69,WH-DEL,Tier-2
ORD102544,2025-08-10,Furniture,2506.79,WH-DEL,Metro
ORD102545,2025-06-07,Electronics,1833.52,WH-HYD,Tier-3
ORD102546,2025-12-24,Electronics,1541.6,WH-BLR,Metro
ORD102547,2025-03-14,Books,934.04,WH-KOL,Tier-3
ORD102548,2025-05-15,Grocery,818.49,WH-DEL,Metro
ORD102549,2025-05-04,Electronics,1992.05,WH-KOL,Metro
ORD102550,2025-08-17,Fashion,1497.12,WH-DEL,Metro
ORD102551,2025-07-29,Electronics,4336.41,WH-BLR,Metro
ORD102552,2025-09-28,Fashion,1088.76,WH-MUM,Remote
ORD102553,2025-12-18,Fashion,638.97,WH-BLR,Tier-2
ORD102554,2025-04-30,Electronics,416.18,WH-MUM,Tier-2
ORD102555,2025-10-12,Electronics,724.49,WH-KOL,Metro
ORD102556,2025-01-11,Books,423.94,WH-MUM,Tier-2
ORD102557,2025-04-21,Books,3354.54,WH-BLR,Metro
ORD102558,2025-07-14,Electronics,953.27,WH-MUM,Tier-2
ORD102559,2025-01-14,Furniture,724.69,WH-DEL,Remote
ORD102560,2025-09-17,Electronics,1966.11,WH-BLR,Metro
ORD102561,2025-10-08,Books,6369.35,WH-BLR,Tier-3
ORD102562,2025-10-26,Books,951.99,WH-KOL,Remote
ORD102563,2025-08-06,Furniture,540.64,WH-BLR,Remote
ORD102564,2025-09-11,Furniture,976.05,WH-KOL,Tier-3
ORD102565,2025-06-16,Fashion,302.78,WH-BLR,Tier-3
ORD102566,2025-01-18,Fashion,2021.79,WH-DEL,Metro
ORD102567,2025-02-11,Grocery,2125.03,WH-DEL,Tier-2
ORD102568,2025-10-02,Electronics,942.43,WH-BLR,Tier-2
ORD102569,2025-12-30,Furniture,546.57,WH-DEL,Metro
ORD102570,2025-01-07,Grocery,9138.42,WH-MUM,Metro
ORD102571,2025-08-23,Electronics,500.94,WH-MUM,Metro
ORD102572,2025-10-27,Grocery,734.98,WH-KOL,Metro
ORD102573,2025-11-16,Books,1376.49,WH-KOL,Tier-2
ORD102574,2025-08-18,Grocery,2666.84,WH-BLR,Tier-3
ORD102575,2025-09-18,Grocery,1187.32,WH-DEL,Tier-2
ORD102576,2025-10-13,Books,1377.87,WH-BLR,Tier-2
ORD102577,2025-11-24,Electronics,2185.48,WH-BLR,Tier-2
ORD102578,2025-02-21,Furniture,17405.75,WH-BLR,Metro
ORD102579,2025-12-12,Fashion,842.74,WH-DEL,Metro
ORD102580,2025-01-11,Electronics,890.75,WH-HYD,Metro
ORD102581,2025-11-18,Beauty,1228.92,WH-DEL,Remote
ORD102582,2025-02-02,Fashion,2305.84,WH-KOL,Tier-3
ORD102583,2025-03-23,Fashion,10098.58,WH-HYD,Tier-2
ORD102584,2025-01-02,Electronics,1225.9,WH-BLR,Metro
ORD102585,2025-07-07,Beauty,2087.54,WH-BLR,Remote
ORD102586,2025-05-21,Books,238.1,WH-DEL,Metro
ORD102587,2025-03-11,Electronics,1410.49,WH-MUM,Metro
ORD102588,2025-07-09,Grocery,1324.4,WH-BLR,Tier-2
ORD102589,2025-06-19,Electronics,3026.9,WH-BLR,Tier-2
ORD102590,2025-10-31,Appliances,885.49,WH-MUM,Remote
ORD102591,2025-12-03,Grocery,503.75,WH-DEL,Tier-3
ORD102592,2025-10-01,Electronics,1609.61,WH-DEL,Remote
ORD102593,2025-02-22,Grocery,384.81,WH-HYD,Tier-3
ORD102594,2025-05-05,Beauty,704.18,WH-KOL,Remote
ORD102595,2025-12-09,Fashion,1399.68,WH-HYD,Tier-2
ORD102596,2025-02-07,Electronics,196.89,WH-MUM,Tier-2
ORD102597,2025-06-20,Beauty,1091.64,WH-DEL,Tier-2
ORD102598,2025-12-16,Electronics,4742.84,WH-BLR,Remote
ORD102599,2025-12-19,Grocery,369.16,WH-KOL,Metro
ORD102600,2025-06-22,Grocery,775.32,WH-DEL,Tier-2
ORD102601,2025-10-05,Fashion,2144.73,WH-MUM,Metro
ORD102602,2025-07-11,Electronics,2571.76,WH-HYD,Tier-2
ORD102603,2025-10-28,Electronics,1402.98,WH-MUM,Tier-2
ORD102604,2025-01-14,Electronics,1153.97,WH-KOL,Metro
ORD102605,2025-03-02,Grocery,5027.91,WH-BLR,Tier-2
ORD102606,2025-09-16,Books,1587.94,WH-MUM,Tier-2
ORD102607,2025-04-08,Electronics,574.7,WH-KOL,Metro
ORD102608,2025-10-05,Appliances,1474.57,WH-MUM,Tier-2
ORD102609,2025-05-28,Fashion,1202.4,WH-MUM,Metro
ORD102610,2025-12-02,Electronics,943.01,WH-DEL,Tier-3
ORD102611,2025-11-14,Grocery,348.99,WH-DEL,Remote
ORD102612,2025-07-27,Fashion,1331.86,WH-BLR,Metro
ORD102613,2025-11-02,Furniture,2134.55,WH-MUM,Metro
ORD102614,2025-04-24,Fashion,2441.52,WH-MUM,Metro
ORD102615,2025-07-27,Furniture,1351.4,WH-MUM,Tier-3
ORD102616,2025-03-24,Beauty,1378.07,WH-MUM,Metro
ORD102617,2025-11-25,Fashion,855.81,WH-MUM,Tier-2
ORD102618,2025-11-15,Beauty,2905.55,WH-HYD,Metro
ORD102619,2025-12-06,Fashion,517.35,WH-DEL,Tier-3
ORD102620,2025-11-29,Electronics,882.87,WH-MUM,Tier-2
ORD102621,2025-12-21,Electronics,702.97,WH-BLR,Tier-2
ORD102622,2025-04-06,Books,1224.92,WH-MUM,Tier-2
ORD102623,2025-12-14,Furniture,3828.48,WH-BLR,Tier-3
ORD102624,2025-08-29,Beauty,517.92,WH-KOL,Tier-2
ORD102625,2025-06-27,Appliances,1674.73,WH-BLR,Tier-2
ORD102626,2025-08-24,Fashion,1704.85,WH-HYD,Metro
ORD102627,2025-05-24,Books,619.4,WH-DEL,Metro
ORD102628,2025-05-02,Beauty,1148.18,WH-HYD,Metro
ORD102629,2025-04-12,Books,653.67,WH-KOL,Tier-2
ORD102630,2025-02-04,Grocery,1451.8,WH-HYD,Tier-2
ORD102631,2025-07-28,Books,1218.54,WH-DEL,Remote
ORD102632,2025-12-02,Electronics,4464.22,WH-MUM,Metro
ORD102633,2025-09-22,Beauty,726.15,WH-DEL,Tier-2
ORD102634,2025-08-07,Beauty,1167.28,WH-BLR,Tier-3
ORD102635,2025-06-30,Furniture,993.37,WH-MUM,Metro
ORD102636,2025-07-15,Electronics,3965.45,WH-HYD,Tier-2
ORD102637,2025-03-29,Electronics,903.37,WH-DEL,Tier-2
ORD102638,2025-11-15,Beauty,656.59,WH-MUM,Metro
ORD102639,2025-03-25,Books,719.99,WH-KOL,Metro
ORD102640,2025-10-18,Appliances,710.53,WH-BLR,Metro
ORD102641,2025-10-29,Beauty,841.35,WH-KOL,Metro
ORD102642,2025-08-30,Grocery,675.46,WH-HYD,Remote
ORD102643,2025-11-26,Books,1356.12,WH-BLR,Metro
ORD102644,2025-05-03,Electronics,473.95,WH-BLR,Metro
ORD102645,2025-11-30,Electronics,2124.47,WH-KOL,Tier-2
ORD102646,2025-10-21,Grocery,1384.3,WH-BLR,Remote
ORD102647,2025-11-09,Fashion,4902.09,WH-KOL,Metro
ORD102648,2025-10-04,Fashion,1945.93,WH-MUM,Tier-3
ORD102649,2025-11-21,Books,1794.92,WH-MUM,Metro
ORD102650,2025-12-30,Electronics,6685.17,WH-DEL,Metro
ORD102651,2025-06-26,Appliances,1896.09,WH-MUM,Remote
ORD102652,2025-11-13,Electronics,1127.98,WH-MUM,Tier-3
ORD102653,2025-10-25,Books,668.23,WH-DEL,Tier-2
ORD102654,2025-07-10,Fashion,4282.59,WH-MUM,Metro
ORD102655,2025-12-12,Appliances,597.83,WH-BLR,Tier-2
ORD102656,2025-06-15,Grocery,538.27,WH-HYD,Metro
ORD102657,2025-08-26,Fashion,540.2,WH-DEL,Metro
ORD102658,2025-02-14,Fashion,733.65,WH-DEL,Tier-3
ORD102659,2025-04-05,Electronics,1386.78,WH-DEL,Tier-2
ORD102660,2025-11-20,Fashion,1086.07,WH-DEL,Tier-2
ORD102661,2025-06-16,Fashion,2039.17,WH-BLR,Metro
ORD102662,2025-06-15,Electronics,560.02,WH-KOL,Tier-3
ORD102663,2025-04-14,Appliances,666.86,WH-MUM,Remote
ORD102664,2025-07-26,Fashion,1514.49,WH-KOL,Remote
ORD102665,2025-11-11,Fashion,619.34,WH-HYD,Metro
ORD102666,2025-12-04,Fashion,450.46,WH-HYD,Metro
ORD102667,2025-01-30,Grocery,393.91,WH-MUM,Tier-2
ORD102668,2025-08-30,Grocery,1288.43,WH-BLR,Tier-2
ORD102669,2025-07-16,Furniture,1267.67,WH-MUM,Tier-3
ORD102670,2025-09-16,Grocery,1220.77,WH-DEL,Metro
ORD102671,2025-07-07,Grocery,3545.96,WH-MUM,Tier-2
ORD102672,2025-06-17,Fashion,1705.76,WH-BLR,Metro
ORD102673,2025-07-18,Fashion,1339.8,WH-DEL,Remote
ORD102674,2025-09-02,Appliances,3937.94,WH-BLR,Metro
ORD102675,2025-07-30,Fashion,2921.96,WH-MUM,Remote
ORD102676,2025-07-18,Books,747.0,WH-DEL,Tier-3
ORD102677,2025-11-14,Grocery,2611.39,WH-BLR,Metro
ORD102678,2025-10-26,Furniture,5532.32,WH-BLR,Tier-3
ORD102679,2025-05-24,Grocery,5548.73,WH-BLR,Metro
ORD102680,2025-11-09,Beauty,2925.99,WH-DEL,Metro
ORD102681,2025-11-23,Fashion,1826.92,WH-KOL,Tier-2
ORD102682,2025-03-06,Fashion,1689.5,WH-BLR,Remote
ORD102683,2025-09-02,Books,4297.36,WH-DEL,Metro
ORD102684,2025-04-30,Furniture,459.37,WH-BLR,Metro
ORD102685,2025-10-24,Fashion,3692.64,WH-DEL,Tier-2
ORD102686,2025-04-11,Fashion,1486.72,WH-BLR,Tier-2
ORD102687,2025-10-06,Fashion,640.24,WH-HYD,Metro
ORD102688,2025-04-18,Books,520.3,WH-HYD,Metro
ORD102689,2025-08-03,Fashion,342.24,WH-DEL,Metro
ORD102690,2025-12-18,Electronics,2103.99,WH-BLR,Tier-2
ORD102691,2025-06-10,Electronics,6235.19,WH-HYD,Tier-2
ORD102692,2025-11-29,Beauty,898.43,WH-BLR,Tier-3
ORD102693,2025-12-28,Grocery,676.42,WH-DEL,Metro
ORD102694,2025-11-29,Grocery,3521.96,WH-HYD,Tier-3
ORD102695,2025-03-11,Beauty,1466.74,WH-DEL,Tier-2
ORD102696,2025-11-14,Fashion,3653.68,WH-HYD,Metro
ORD102697,2025-01-14,Books,613.59,WH-DEL,Remote
ORD102698,2025-06-15,Appliances,2257.62,WH-HYD,Tier-2
ORD102699,2025-11-28,Grocery,5722.4,WH-MUM,Tier-2
ORD102700,2025-10-11,Appliances,578.28,WH-MUM,Metro
ORD102701,2025-08-12,Beauty,1036.28,WH-DEL,Metro
ORD102702,2025-06-12,Fashion,1002.98,WH-DEL,Tier-2
ORD102703,2025-11-12,Electronics,2439.68,WH-DEL,Tier-3
ORD102704,2025-10-16,Books,3672.1,WH-DEL,Tier-2
ORD102705,2025-07-16,Fashion,776.34,WH-DEL,Metro
ORD102706,2025-12-03,Grocery,9881.73,WH-BLR,Tier-2
ORD102707,2025-04-07,Fashion,1401.34,WH-MUM,Metro
ORD102708,2025-03-13,Books,850.55,WH-KOL,Metro
ORD102709,2025-09-28,Appliances,4197.05,WH-BLR,Tier-3
ORD102710,2025-12-24,Beauty,1498.25,WH-BLR,Tier-2
ORD102711,2025-04-14,Grocery,991.31,WH-HYD,Tier-3
ORD102712,2025-04-15,Beauty,867.93,WH-BLR,Metro
ORD102713,2025-02-28,Grocery,7199.49,WH-MUM,Metro
ORD102714,2025-11-25,Furniture,604.79,WH-DEL,Tier-2
ORD102715,2025-04-06,Furniture,3296.65,WH-MUM,Tier-2
ORD102716,2025-07-31,Grocery,699.73,WH-KOL,Tier-2
ORD102717,2025-12-29,Grocery,813.88,WH-KOL,Tier-3
ORD102718,2025-01-06,Fashion,1254.44,WH-DEL,Tier-2
ORD102719,2025-08-22,Fashion,1943.68,WH-KOL,Tier-2
ORD102720,2025-08-04,Appliances,359.32,WH-MUM,Metro
ORD102721,2025-11-11,Electronics,866.49,WH-BLR,Tier-2
ORD102722,2025-05-30,Appliances,3051.14,WH-DEL,Tier-2
ORD102723,2025-06-22,Fashion,3040.1,WH-DEL,Tier-2
ORD102724,2025-03-12,Fashion,1061.82,WH-MUM,Metro
ORD102725,2025-10-24,Appliances,523.09,WH-MUM,Remote
ORD102726,2025-11-05,Fashion,1591.49,WH-BLR,Metro
ORD102727,2025-02-27,Beauty,2609.27,WH-BLR,Remote
ORD102728,2025-06-15,Beauty,1548.81,WH-MUM,Tier-3
ORD102729,2025-12-03,Grocery,4122.87,WH-KOL,Tier-2
ORD102730,2025-01-02,Fashion,1079.43,WH-HYD,Metro
ORD102731,2025-05-06,Electronics,466.67,WH-DEL,Tier-2
ORD102732,2025-08-22,Appliances,832.28,WH-MUM,Metro
ORD102733,2025-05-21,Electronics,1341.08,WH-BLR,Remote
ORD102734,2025-04-25,Beauty,762.99,WH-MUM,Metro
ORD102735,2025-07-13,Beauty,883.88,WH-DEL,Metro
ORD102736,2025-03-18,Electronics,2891.04,WH-HYD,Tier-2
ORD102737,2025-08-11,Appliances,699.33,WH-MUM,Metro
ORD102738,2025-10-15,Grocery,461.05,WH-KOL,Tier-2
ORD102739,2025-08-30,Grocery,2560.54,WH-HYD,Tier-3
ORD102740,2025-02-09,Electronics,2244.67,WH-BLR,Metro
ORD102741,2025-11-21,Appliances,584.21,WH-KOL,Metro
ORD102742,2025-03-15,Electronics,2358.89,WH-BLR,Tier-2
ORD102743,2025-10-31,Books,542.14,WH-KOL,Tier-2
ORD102744,2025-06-01,Grocery,750.83,WH-DEL,Tier-2
ORD102745,2025-11-04,Furniture,553.61,WH-MUM,Metro
ORD102746,2025-03-28,Beauty,928.23,WH-MUM,Tier-2
ORD102747,2025-03-20,Appliances,2103.27,WH-DEL,Metro
ORD102748,2025-07-28,Grocery,1662.19,WH-HYD,Metro
ORD102749,2025-01-14,Fashion,698.56,WH-HYD,Tier-2
ORD102750,2025-04-05,Grocery,1558.63,WH-MUM,Metro
ORD102751,2025-10-20,Fashion,1818.34,WH-HYD,Tier-2
ORD102752,2025-11-19,Beauty,2876.59,WH-MUM,Metro
ORD102753,2025-02-03,Fashion,1785.44,WH-MUM,Tier-2
ORD102754,2025-12-01,Fashion,2416.7,WH-MUM,Metro
ORD102755,2025-11-08,Appliances,1410.7,WH-HYD,Metro
ORD102756,2025-11-27,Fashion,697.92,WH-DEL,Tier-3
ORD102757,2025-10-13,Books,1524.55,WH-MUM,Remote
ORD102758,2025-10-07,Fashion,3542.14,WH-DEL,Remote
ORD102759,2025-08-09,Electronics,3693.25,WH-HYD,Tier-2
ORD102760,2025-10-01,Furniture,169.84,WH-BLR,Metro
ORD102761,2025-12-10,Grocery,2215.3,WH-MUM,Tier-3
ORD102762,2025-02-12,Beauty,902.01,WH-MUM,Tier-2
ORD102763,2025-05-13,Fashion,1845.47,WH-BLR,Remote
ORD102764,2025-01-31,Electronics,449.11,WH-MUM,Tier-2
ORD102765,2025-12-17,Fashion,949.45,WH-HYD,Tier-2
ORD102766,2025-07-07,Fashion,371.18,WH-MUM,Metro
ORD102767,2025-10-07,Grocery,947.56,WH-HYD,Metro
ORD102768,2025-11-20,Fashion,2177.79,WH-KOL,Tier-2
ORD102769,2025-12-29,Grocery,1912.25,WH-BLR,Remote
ORD102770,2025-03-09,Beauty,7455.69,WH-MUM,Tier-2
ORD102771,2025-11-09,Fashion,887.11,WH-BLR,Metro
ORD102772,2025-12-02,Furniture,663.38,WH-DEL,Metro
ORD102773,2025-01-21,Fashion,4059.18,WH-MUM,Metro
ORD102774,2025-10-28,Books,339.32,WH-DEL,Remote
ORD102775,2025-05-30,Fashion,1563.3,WH-HYD,Metro
ORD102776,2025-09-30,Grocery,2002.8,WH-HYD,Metro
ORD102777,2025-08-05,Fashion,211.0,WH-DEL,Tier-2
ORD102778,2025-04-20,Electronics,559.9,WH-KOL,Tier-2
ORD102779,2025-02-26,Fashion,449.35,WH-KOL,Tier-3
ORD102780,2025-02-19,Fashion,2608.52,WH-DEL,Metro
ORD102781,2025-02-13,Books,801.13,WH-BLR,Tier-3
ORD102782,2025-09-25,Fashion,1087.57,WH-HYD,Tier-2
ORD102783,2025-05-28,Beauty,368.4,WH-KOL,Metro
ORD102784,2025-04-02,Grocery,700.71,WH-DEL,Metro
ORD102785,2025-10-12,Fashion,711.88,WH-DEL,Tier-2
ORD102786,2025-10-10,Fashion,1124.94,WH-MUM,Tier-2
ORD102787,2025-08-15,Electronics,1048.66,WH-DEL,Tier-2
ORD102788,2025-12-14,Books,4342.3,WH-HYD,Metro
ORD102789,2025-06-11,Electronics,2329.36,WH-KOL,Metro
ORD102790,2025-11-18,Books,323.39,WH-BLR,Metro
ORD102791,2025-02-01,Electronics,3023.07,WH-BLR,Tier-3
ORD102792,2025-10-24,Fashion,2708.25,WH-MUM,Tier-2
ORD102793,2025-12-28,Electronics,1414.46,WH-MUM,Metro
ORD102794,2025-11-21,Appliances,2947.14,WH-HYD,Tier-2
ORD102795,2025-09-01,Grocery,3505.35,WH-BLR,Remote
ORD102796,2025-09-21,Beauty,908.11,WH-HYD,Metro
ORD102797,2025-05-29,Fashion,504.81,WH-DEL,Metro
ORD102798,2025-10-08,Electronics,2104.59,WH-DEL,Metro
ORD102799,2025-11-01,Appliances,697.57,WH-DEL,Metro
ORD102800,2025-12-31,Grocery,1654.83,WH-HYD,Metro
ORD102801,2025-07-26,Books,583.82,WH-MUM,Remote
ORD102802,2025-01-26,Fashion,2919.68,WH-MUM,Tier-3
ORD102803,2025-09-08,Appliances,729.57,WH-DEL,Tier-3
ORD102804,2025-02-20,Electronics,1131.43,WH-MUM,Remote
ORD102805,2025-04-13,Beauty,1074.76,WH-MUM,Metro
ORD102806,2025-05-19,Electronics,431.38,WH-KOL,Tier-3
ORD102807,2025-10-22,Books,3176.75,WH-HYD,Remote
ORD102808,2025-03-19,Fashion,3744.68,WH-BLR,Tier-2
ORD102809,2025-03-11,Books,1194.22,WH-HYD,Remote
ORD102810,2025-01-19,Books,729.5,WH-MUM,Tier-3
ORD102811,2025-11-28,Books,1110.76,WH-MUM,Metro
ORD102812,2025-10-12,Grocery,893.53,WH-BLR,Metro
ORD102813,2025-01-17,Fashion,1315.29,WH-BLR,Tier-2
ORD102814,2025-01-12,Books,1043.81,WH-MUM,Tier-2
ORD102815,2025-08-23,Grocery,648.23,WH-DEL,Metro
ORD102816,2025-04-29,Furniture,3311.39,WH-MUM,Metro
ORD102817,2025-09-08,Fashion,1128.59,WH-BLR,Metro
ORD102818,2025-07-02,Fashion,6281.22,WH-MUM,Metro
ORD102819,2025-12-11,Fashion,1455.93,WH-MUM,Tier-2
ORD102820,2025-05-01,Furniture,968.9,WH-DEL,Metro
ORD102821,2025-10-08,Electronics,1068.8,WH-MUM,Metro
ORD102822,2025-01-23,Fashion,998.44,WH-DEL,Remote
ORD102823,2025-12-20,Books,1230.39,WH-MUM,Tier-2
ORD102824,2025-12-26,Grocery,1602.29,WH-MUM,Remote
ORD102825,2025-10-24,Books,545.9,WH-HYD,Metro
ORD102826,2025-07-15,Fashion,591.65,WH-DEL,Metro
ORD102827,2025-04-03,Fashion,2500.23,WH-DEL,Tier-2
ORD102828,2025-11-12,Grocery,2018.55,WH-MUM,Remote
ORD102829,2025-10-23,Fashion,379.92,WH-MUM,Tier-2
ORD102830,2025-04-04,Appliances,2034.62,WH-DEL,Remote
ORD102831,2025-07-09,Electronics,2623.61,WH-KOL,Metro
ORD102832,2025-07-14,Grocery,1639.18,WH-MUM,Metro
ORD102833,2025-11-16,Electronics,356.64,WH-DEL,Tier-3
ORD102834,2025-10-09,Furniture,459.58,WH-MUM,Tier-2
ORD102835,2025-09-28,Books,1290.0,WH-KOL,Metro
ORD102836,2025-10-01,Electronics,6038.32,WH-MUM,Metro
ORD102837,2025-04-24,Grocery,870.7,WH-MUM,Tier-3
ORD102838,2025-06-06,Grocery,2174.12,WH-MUM,Metro
ORD102839,2025-01-20,Appliances,800.17,WH-HYD,Tier-2
ORD102840,2025-11-06,Electronics,5218.44,WH-HYD,Metro
ORD102841,2025-07-01,Fashion,1384.62,WH-HYD,Metro
ORD102842,2025-07-04,Books,507.7,WH-HYD,Metro
ORD102843,2025-04-14,Grocery,697.54,WH-MUM,Metro
ORD102844,2025-03-30,Appliances,653.91,WH-BLR,Tier-2
ORD102845,2025-09-05,Fashion,1470.08,WH-KOL,Metro
ORD102846,2025-04-08,Beauty,767.35,WH-MUM,Tier-3
ORD102847,2025-01-27,Electronics,901.3,WH-BLR,Tier-2
ORD102848,2025-10-31,Electronics,6355.27,WH-BLR,Metro
ORD102849,2025-06-08,Grocery,837.89,WH-MUM,Tier-2
ORD102850,2025-06-09,Grocery,1542.51,WH-MUM,Tier-2
ORD102851,2025-07-01,Furniture,1076.67,WH-DEL,Metro
ORD102852,2025-11-13,Fashion,1287.74,WH-DEL,Metro
ORD102853,2025-05-15,Fashion,2283.53,WH-BLR,Tier-2
ORD102854,2025-10-29,Appliances,230.77,WH-MUM,Metro
ORD102855,2025-12-16,Fashion,1510.58,WH-KOL,Tier-3
ORD102856,2025-10-03,Appliances,991.35,WH-HYD,Metro
ORD102857,2025-07-01,Furniture,1541.36,WH-KOL,Metro
ORD102858,2025-10-26,Electronics,1138.3,WH-BLR,Metro
ORD102859,2025-07-12,Appliances,1146.51,WH-KOL,Metro
ORD102860,2025-06-24,Books,1696.7,WH-HYD,Metro
ORD102861,2025-08-09,Books,862.51,WH-MUM,Metro
ORD102862,2025-05-14,Electronics,6461.87,WH-DEL,Metro
ORD102863,2025-02-13,Grocery,620.38,WH-MUM,Tier-2
ORD102864,2025-06-24,Beauty,4235.76,WH-DEL,Metro
ORD102865,2025-02-22,Grocery,496.21,WH-HYD,Remote
ORD102866,2025-06-22,Fashion,1084.78,WH-MUM,Tier-2
ORD102867,2025-08-23,Electronics,1717.48,WH-BLR,Tier-3
ORD102868,2025-12-13,Appliances,635.09,WH-MUM,Tier-2
ORD102869,2025-01-16,Appliances,600.99,WH-HYD,Metro
ORD102870,2025-09-19,Beauty,1069.88,WH-DEL,Tier-2
ORD102871,2025-07-12,Beauty,2742.49,WH-MUM,Tier-2
ORD102872,2025-01-09,Fashion,1430.2,WH-KOL,Tier-2
ORD102873,2025-04-15,Furniture,6098.49,WH-BLR,Remote
ORD102874,2025-02-19,Electronics,2104.3,WH-BLR,Metro
ORD102875,2025-04-02,Electronics,929.04,WH-MUM,Metro
ORD102876,2025-04-26,Electronics,155.2,WH-HYD,Tier-3
ORD102877,2025-06-18,Beauty,387.35,WH-HYD,Metro
ORD102878,2025-08-11,Electronics,1083.24,WH-HYD,Tier-3
ORD102879,2025-01-01,Grocery,383.01,WH-KOL,Tier-3
ORD102880,2025-03-10,Fashion,1148.15,WH-MUM,Tier-3
ORD102881,2025-02-09,Fashion,1601.43,WH-MUM,Metro
ORD102882,2025-08-19,Grocery,1059.86,WH-DEL,Metro
ORD102883,2025-05-19,Electronics,1078.1,WH-MUM,Tier-2
ORD102884,2025-08-19,Fashion,6413.17,WH-DEL,Metro
ORD102885,2025-04-04,Grocery,1411.77,WH-BLR,Tier-3
ORD102886,2025-01-11,Books,1199.66,WH-MUM,Tier-2
ORD102887,2025-12-16,Appliances,604.6,WH-MUM,Tier-2
ORD102888,2025-02-15,Books,1335.95,WH-BLR,Metro
ORD102889,2025-02-23,Fashion,913.41,WH-KOL,Tier-2
ORD102890,2025-03-03,Electronics,5661.1,WH-BLR,Metro
ORD102891,2025-12-27,Fashion,2112.22,WH-KOL,Tier-2
ORD102892,2025-09-17,Beauty,4172.69,WH-BLR,Metro
ORD102893,2025-09-14,Fashion,1582.53,WH-HYD,Tier-2
ORD102894,2025-12-28,Electronics,3628.93,WH-DEL,Tier-3
ORD102895,2025-02-07,Beauty,601.5,WH-BLR,Metro
ORD102896,2025-12-25,Beauty,1635.47,WH-BLR,Metro
ORD102897,2025-03-27,Electronics,668.22,WH-MUM,Tier-2
ORD102898,2025-09-19,Appliances,942.28,WH-HYD,Tier-3
ORD102899,2025-06-26,Fashion,1384.79,WH-BLR,Metro
ORD102900,2025-06-11,Grocery,622.82,WH-MUM,Metro
ORD102901,2025-12-13,Grocery,415.83,WH-DEL,Tier-3
ORD102902,2025-03-04,Beauty,2942.3,WH-DEL,Tier-2
ORD102903,2025-12-31,Electronics,349.16,WH-MUM,Metro
ORD102904,2025-06-09,Appliances,5177.45,WH-BLR,Metro
ORD102905,2025-09-30,Electronics,697.48,WH-DEL,Tier-2
ORD102906,2025-12-23,Furniture,2107.39,WH-BLR,Metro
ORD102907,2025-01-25,Furniture,2208.48,WH-DEL,Tier-2
ORD102908,2025-12-11,Appliances,553.08,WH-MUM,Tier-3
ORD102909,2025-08-27,Beauty,1935.44,WH-KOL,Tier-2
ORD102910,2025-10-15,Appliances,1536.59,WH-DEL,Metro
ORD102911,2025-03-04,Appliances,2219.44,WH-DEL,Metro
ORD102912,2025-08-13,Fashion,3525.09,WH-HYD,Tier-3
ORD102913,2025-10-07,Beauty,2568.17,WH-KOL,Tier-3
ORD102914,2025-07-11,Grocery,668.68,WH-HYD,Remote
ORD102915,2025-03-07,Fashion,1201.33,WH-DEL,Tier-3
ORD102916,2025-04-13,Grocery,692.83,WH-HYD,Tier-2
ORD102917,2025-11-23,Fashion,845.0,WH-BLR,Tier-3
ORD102918,2025-01-15,Grocery,1979.03,WH-HYD,Metro
ORD102919,2025-10-16,Fashion,2173.45,WH-DEL,Tier-3
ORD102920,2025-12-31,Fashion,2133.73,WH-DEL,Tier-2
ORD102921,2025-01-04,Beauty,1686.22,WH-HYD,Tier-2
ORD102922,2025-03-09,Beauty,1905.51,WH-DEL,Metro
ORD102923,2025-10-07,Grocery,930.96,WH-DEL,Tier-2
ORD102924,2025-01-26,Beauty,3947.79,WH-KOL,Metro
ORD102925,2025-09-05,Fashion,2285.72,WH-DEL,Metro
ORD102926,2025-10-10,Fashion,1317.09,WH-MUM,Tier-2
ORD102927,2025-09-05,Beauty,3297.8,WH-BLR,Tier-3
ORD102928,2025-06-03,Furniture,887.01,WH-DEL,Tier-3
ORD102929,2025-10-13,Appliances,1473.89,WH-BLR,Metro
ORD102930,2025-09-07,Fashion,2740.55,WH-DEL,Tier-3
ORD102931,2025-03-29,Fashion,505.49,WH-HYD,Tier-2
ORD102932,2025-08-25,Electronics,7927.9,WH-MUM,Metro
ORD102933,2025-11-30,Beauty,836.24,WH-KOL,Remote
ORD102934,2025-10-05,Fashion,932.61,WH-HYD,Metro
ORD102935,2025-07-18,Grocery,1361.15,WH-KOL,Tier-3
ORD102936,2025-05-16,Electronics,2421.22,WH-BLR,Metro
ORD102937,2025-02-06,Furniture,2613.6,WH-MUM,Tier-3
ORD102938,2025-04-13,Fashion,4444.06,WH-DEL,Tier-3
ORD102939,2025-01-05,Appliances,1272.72,WH-HYD,Tier-2
ORD102940,2025-12-28,Grocery,1744.21,WH-KOL,Metro
ORD102941,2025-04-04,Electronics,391.29,WH-KOL,Metro
ORD102942,2025-11-13,Electronics,568.72,WH-BLR,Metro
ORD102943,2025-03-12,Fashion,1245.07,WH-MUM,Tier-3
ORD102944,2025-04-30,Appliances,1783.42,WH-DEL,Tier-2
ORD102945,2025-06-25,Books,1290.87,WH-BLR,Metro
ORD102946,2025-05-17,Fashion,2037.34,WH-KOL,Metro
ORD102947,2025-11-09,Grocery,1279.96,WH-HYD,Metro
ORD102948,2025-12-20,Fashion,1110.79,WH-HYD,Tier-2
ORD102949,2025-11-29,Books,9138.0,WH-KOL,Metro
ORD102950,2025-03-06,Beauty,1085.12,WH-BLR,Tier-3
ORD102951,2025-11-03,Appliances,3010.78,WH-MUM,Tier-2
ORD102952,2025-03-04,Electronics,471.27,WH-DEL,Metro
ORD102953,2025-12-09,Fashion,1478.26,WH-HYD,Metro
ORD102954,2025-08-06,Beauty,780.85,WH-HYD,Tier-2
ORD102955,2025-05-22,Fashion,6529.0,WH-BLR,Remote
ORD102956,2025-03-07,Furniture,857.41,WH-DEL,Metro
ORD102957,2025-01-05,Beauty,1306.73,WH-MUM,Metro
ORD102958,2025-04-15,Appliances,693.12,WH-MUM,Tier-2
ORD102959,2025-12-09,Furniture,660.56,WH-KOL,Metro
ORD102960,2025-11-08,Grocery,1260.24,WH-BLR,Metro
ORD102961,2025-12-24,Beauty,1790.14,WH-BLR,Tier-2
ORD102962,2025-02-12,Fashion,3121.59,WH-MUM,Metro
ORD102963,2025-09-06,Beauty,842.82,WH-HYD,Tier-2
ORD102964,2025-04-19,Fashion,831.61,WH-BLR,Tier-3
ORD102965,2025-08-17,Appliances,3744.69,WH-BLR,Remote
ORD102966,2025-05-15,Beauty,4794.0,WH-MUM,Tier-2
ORD102967,2025-04-30,Grocery,1252.22,WH-DEL,Metro
ORD102968,2025-08-30,Fashion,1944.11,WH-BLR,Metro
ORD102969,2025-03-19,Electronics,5093.19,WH-HYD,Metro
ORD102970,2025-07-17,Books,11148.52,WH-HYD,Tier-2
ORD102971,2025-10-01,Furniture,1872.61,WH-DEL,Metro
ORD102972,2025-02-23,Fashion,2447.09,WH-BLR,Metro
ORD102973,2025-12-13,Books,1489.66,WH-DEL,Metro
ORD102974,2025-08-01,Beauty,409.89,WH-BLR,Metro
ORD102975,2025-11-14,Books,1767.31,WH-MUM,Tier-2
ORD102976,2025-10-02,Furniture,4011.61,WH-HYD,Remote
ORD102977,2025-10-16,Beauty,733.24,WH-BLR,Tier-2
ORD102978,2025-10-18,Books,303.82,WH-BLR,Metro
ORD102979,2025-11-29,Electronics,2148.82,WH-BLR,Tier-2
ORD102980,2025-09-15,Beauty,328.64,WH-BLR,Tier-2
ORD102981,2025-04-27,Grocery,380.82,WH-MUM,Tier-3
ORD102982,2025-02-11,Beauty,362.26,WH-MUM,Tier-3
ORD102983,2025-09-12,Appliances,269.8,WH-HYD,Metro
ORD102984,2025-01-28,Furniture,3120.96,WH-BLR,Tier-2
ORD102985,2025-04-12,Fashion,1496.14,WH-MUM,Metro
ORD102986,2025-01-26,Electronics,6942.02,WH-KOL,Metro
ORD102987,2025-08-19,Fashion,2410.87,WH-DEL,Remote
ORD102988,2025-03-09,Appliances,6968.46,WH-HYD,Tier-3
ORD102989,2025-09-14,Books,800.16,WH-MUM,Metro
ORD102990,2025-11-07,Electronics,1789.94,WH-BLR,Tier-3
ORD102991,2025-11-15,Fashion,483.32,WH-BLR,Metro
ORD102992,2025-05-11,Furniture,1072.92,WH-HYD,Metro
ORD102993,2025-08-19,Fashion,4220.33,WH-HYD,Tier-3
ORD102994,2025-08-25,Electronics,1296.7,WH-MUM,Tier-3
ORD102995,2025-07-18,Electronics,1110.02,WH-MUM,Metro
ORD102996,2025-10-02,Furniture,1315.89,WH-MUM,Tier-3
ORD102997,2025-03-30,Grocery,1502.44,WH-BLR,Metro
ORD102998,2025-12-26,Books,1503.97,WH-BLR,Tier-2
ORD102999,2025-02-11,Fashion,3891.11,WH-KOL,Remote
ORD103000,2025-11-17,Electronics,752.32,WH-BLR,Tier-3
ORD103001,2025-09-07,Books,1135.27,WH-MUM,Tier-2
ORD103002,2025-04-13,Beauty,1448.59,WH-DEL,Metro
ORD103003,2025-10-26,Fashion,650.15,WH-MUM,Tier-3
ORD103004,2025-02-05,Books,936.95,WH-KOL,Remote
ORD103005,2025-11-02,Appliances,2472.88,WH-BLR,Metro
ORD103006,2025-09-05,Beauty,692.78,WH-KOL,Metro
ORD103007,2025-02-16,Fashion,12320.45,WH-BLR,Metro
ORD103008,2025-02-03,Electronics,4960.65,WH-BLR,Tier-2
ORD103009,2025-10-27,Electronics,1543.08,WH-DEL,Metro
ORD103010,2025-05-04,Appliances,2122.82,WH-KOL,Tier-2
ORD103011,2025-12-02,Books,2481.03,WH-MUM,Metro
ORD103012,2025-10-30,Grocery,2096.49,WH-MUM,Remote
ORD103013,2025-10-13,Electronics,1445.7,WH-MUM,Metro
ORD103014,2025-04-28,Electronics,12106.37,WH-BLR,Tier-3
ORD103015,2025-10-16,Grocery,753.95,WH-HYD,Remote
ORD103016,2025-12-18,Beauty,982.8,WH-KOL,Tier-2
ORD103017,2025-02-08,Fashion,1419.59,WH-DEL,Metro
ORD103018,2025-05-18,Furniture,2244.02,WH-MUM,Tier-3
ORD103019,2025-04-09,Grocery,6697.11,WH-DEL,Tier-2
ORD103020,2025-06-15,Books,1337.67,WH-DEL,Tier-2
ORD103021,2025-10-25,Books,2127.77,WH-BLR,Metro
ORD103022,2025-07-19,Electronics,1823.44,WH-MUM,Metro
ORD103023,2025-08-28,Furniture,1253.71,WH-DEL,Tier-2
ORD103024,2025-05-13,Books,3617.0,WH-HYD,Tier-2
ORD103025,2025-03-01,Beauty,1886.98,WH-MUM,Remote
ORD103026,2025-04-23,Grocery,2953.99,WH-HYD,Tier-2
ORD103027,2025-11-25,Electronics,1059.46,WH-HYD,Metro
ORD103028,2025-09-11,Grocery,869.1,WH-KOL,Tier-2
ORD103029,2025-06-08,Furniture,1017.86,WH-KOL,Metro
ORD103030,2025-11-06,Fashion,1701.33,WH-BLR,Metro
ORD103031,2025-01-28,Beauty,3275.26,WH-MUM,Metro
ORD103032,2025-04-17,Fashion,7167.85,WH-HYD,Metro
ORD103033,2025-04-07,Beauty,1540.7,WH-HYD,Metro
ORD103034,2025-12-28,Fashion,5946.92,WH-BLR,Metro
ORD103035,2025-10-15,Electronics,2210.49,WH-DEL,Metro
ORD103036,2025-09-17,Grocery,784.68,WH-KOL,Tier-3
ORD103037,2025-01-03,Furniture,1473.1,WH-BLR,Metro
ORD103038,2025-03-19,Books,2478.52,WH-MUM,Remote
ORD103039,2025-09-25,Grocery,2636.74,WH-MUM,Tier-3
ORD103040,2025-06-09,Electronics,912.61,WH-MUM,Tier-3
ORD103041,2025-12-12,Beauty,1007.41,WH-DEL,Metro
ORD103042,2025-10-31,Grocery,1024.4,WH-BLR,Metro
ORD103043,2025-07-07,Fashion,1143.56,WH-HYD,Tier-2
ORD103044,2025-10-27,Books,1710.09,WH-BLR,Tier-2
ORD103045,2025-12-25,Electronics,6066.01,WH-HYD,Metro
ORD103046,2025-07-13,Electronics,956.3,WH-BLR,Metro
ORD103047,2025-09-27,Grocery,360.8,WH-HYD,Tier-2
ORD103048,2025-12-10,Furniture,342.7,WH-MUM,Tier-2
ORD103049,2025-04-15,Grocery,2574.61,WH-DEL,Metro
ORD103050,2025-12-02,Beauty,866.01,WH-BLR,Metro
ORD103051,2025-02-10,Fashion,1661.86,WH-DEL,Tier-2
ORD103052,2025-09-30,Beauty,760.48,WH-MUM,Tier-2
ORD103053,2025-11-04,Electronics,1189.65,WH-BLR,Tier-3
ORD103054,2025-09-16,Electronics,1032.73,WH-HYD,Tier-3
ORD103055,2025-07-28,Electronics,773.2,WH-BLR,Tier-2
ORD103056,2025-09-17,Electronics,3601.45,WH-KOL,Metro
ORD103057,2025-03-05,Fashion,3819.63,WH-DEL,Metro
ORD103058,2025-04-01,Books,2234.65,WH-BLR,Metro
ORD103059,2025-04-24,Books,6871.15,WH-KOL,Tier-2
ORD103060,2025-09-09,Appliances,467.57,WH-BLR,Tier-3
ORD103061,2025-07-05,Electronics,1131.42,WH-HYD,Tier-2
ORD103062,2025-04-13,Books,1013.0,WH-MUM,Tier-2
ORD103063,2025-12-01,Fashion,2362.58,WH-DEL,Metro
ORD103064,2025-06-07,Appliances,488.59,WH-HYD,Tier-2
ORD103065,2025-07-07,Appliances,2284.6,WH-BLR,Metro
ORD103066,2025-06-22,Electronics,422.27,WH-DEL,Metro
ORD103067,2025-03-18,Grocery,2436.43,WH-BLR,Tier-2
ORD103068,2025-10-22,Beauty,3374.22,WH-DEL,Metro
ORD103069,2025-07-08,Fashion,541.56,WH-BLR,Metro
ORD103070,2025-01-07,Appliances,998.52,WH-BLR,Metro
ORD103071,2025-12-22,Beauty,3470.96,WH-BLR,Metro
ORD103072,2025-11-13,Fashion,4078.58,WH-DEL,Metro
ORD103073,2025-10-20,Fashion,427.46,WH-KOL,Tier-2
ORD103074,2025-11-27,Grocery,1810.38,WH-KOL,Metro
ORD103075,2025-12-07,Books,2259.5,WH-HYD,Metro
ORD103076,2025-05-22,Fashion,1329.56,WH-HYD,Metro
ORD103077,2025-09-14,Grocery,4225.37,WH-KOL,Metro
ORD103078,2025-09-13,Fashion,864.76,WH-DEL,Tier-3
ORD103079,2025-04-23,Beauty,961.11,WH-BLR,Tier-3
ORD103080,2025-04-04,Books,790.5,WH-DEL,Tier-2
ORD103081,2025-02-17,Furniture,1630.18,WH-BLR,Tier-2
ORD103082,2025-10-03,Beauty,1080.42,WH-HYD,Tier-3
ORD103083,2025-11-04,Appliances,2691.45,WH-MUM,Metro
ORD103084,2025-10-30,Beauty,1014.33,WH-MUM,Tier-2
ORD103085,2025-05-13,Electronics,1173.06,WH-HYD,Tier-2
ORD103086,2025-03-28,Fashion,1639.72,WH-BLR,Tier-2
ORD103087,2025-07-10,Books,719.12,WH-KOL,Tier-3
ORD103088,2025-08-18,Fashion,3151.42,WH-KOL,Tier-3
ORD103089,2025-12-10,Fashion,2419.15,WH-DEL,Tier-2
ORD103090,2025-11-29,Appliances,2356.87,WH-DEL,Remote
ORD103091,2025-12-09,Furniture,617.91,WH-BLR,Tier-2
ORD103092,2025-11-22,Fashion,4814.39,WH-MUM,Tier-2
ORD103093,2025-12-22,Fashion,317.86,WH-KOL,Tier-2
ORD103094,2025-07-15,Fashion,2528.47,WH-BLR,Tier-3
ORD103095,2025-01-20,Electronics,1564.45,WH-MUM,Remote
ORD103096,2025-02-05,Fashion,2386.52,WH-MUM,Tier-2
ORD103097,2025-06-13,Grocery,1178.09,WH-DEL,Metro
ORD103098,2025-04-19,Books,1497.77,WH-DEL,Tier-2
ORD103099,2025-03-13,Fashion,2450.58,WH-BLR,Metro
ORD103100,2025-12-19,Fashion,1399.16,WH-BLR,Tier-2
ORD103101,2025-03-24,Furniture,1663.93,WH-HYD,Remote
ORD103102,2025-12-21,Electronics,1707.79,WH-BLR,Tier-3
ORD103103,2025-10-30,Fashion,8103.9,WH-MUM,Tier-2
ORD103104,2025-09-27,Fashion,390.26,WH-BLR,Metro
ORD103105,2025-10-07,Furniture,3952.17,WH-HYD,Tier-2
ORD103106,2025-05-20,Electronics,2012.48,WH-BLR,Metro
ORD103107,2025-09-29,Fashion,1822.22,WH-MUM,Remote
ORD103108,2025-03-20,Grocery,506.47,WH-DEL,Metro
ORD103109,2025-12-15,Books,3523.05,WH-BLR,Tier-3
ORD103110,2025-05-07,Appliances,565.76,WH-KOL,Tier-2
ORD103111,2025-04-18,Beauty,4550.69,WH-HYD,Tier-2
ORD103112,2025-10-17,Furniture,906.77,WH-DEL,Remote
ORD103113,2025-10-02,Fashion,4550.53,WH-MUM,Tier-2
ORD103114,2025-07-09,Fashion,794.12,WH-BLR,Tier-2
ORD103115,2025-09-23,Electronics,663.66,WH-DEL,Metro
ORD103116,2025-03-09,Fashion,1294.7,WH-BLR,Metro
ORD103117,2025-10-07,Electronics,772.28,WH-DEL,Tier-2
ORD103118,2025-04-24,Fashion,1157.39,WH-BLR,Metro
ORD103119,2025-04-25,Appliances,5388.26,WH-DEL,Tier-2
ORD103120,2025-03-10,Appliances,897.82,WH-MUM,Metro
ORD103121,2025-05-20,Fashion,1606.75,WH-DEL,Metro
ORD103122,2025-05-20,Grocery,4994.11,WH-BLR,Tier-3
ORD103123,2025-07-10,Fashion,1691.43,WH-MUM,Tier-3
ORD103124,2025-03-22,Grocery,3440.06,WH-MUM,Remote
ORD103125,2025-03-23,Grocery,2181.31,WH-MUM,Metro
ORD103126,2025-08-16,Fashion,3108.01,WH-KOL,Metro
ORD103127,2025-02-24,Fashion,1324.35,WH-MUM,Metro
ORD103128,2025-10-11,Beauty,2225.64,WH-BLR,Remote
ORD103129,2025-12-17,Grocery,5936.04,WH-DEL,Tier-2
ORD103130,2025-06-29,Grocery,1072.32,WH-MUM,Remote
ORD103131,2025-12-06,Electronics,1952.49,WH-KOL,Tier-3
ORD103132,2025-02-11,Electronics,811.75,WH-BLR,Metro
ORD103133,2025-01-19,Fashion,3201.83,WH-HYD,Tier-2
ORD103134,2025-10-19,Beauty,367.09,WH-DEL,Tier-2
ORD103135,2025-10-30,Electronics,1101.8,WH-BLR,Tier-2
ORD103136,2025-11-20,Fashion,3123.35,WH-MUM,Remote
ORD103137,2025-01-24,Beauty,1235.79,WH-MUM,Metro
ORD103138,2025-11-03,Grocery,333.17,WH-DEL,Tier-3
ORD103139,2025-06-08,Fashion,753.51,WH-MUM,Metro
ORD103140,2025-05-08,Furniture,807.24,WH-DEL,Tier-3
ORD103141,2025-03-14,Grocery,4913.4,WH-DEL,Metro
ORD103142,2025-12-30,Beauty,2625.42,WH-DEL,Tier-2
ORD103143,2025-01-27,Electronics,2848.85,WH-DEL,Tier-2
ORD103144,2025-11-16,Books,520.64,WH-HYD,Tier-2
ORD103145,2025-09-26,Fashion,1398.29,WH-MUM,Remote
ORD103146,2025-10-23,Books,4839.4,WH-MUM,Tier-3
ORD103147,2025-10-17,Books,2853.59,WH-MUM,Metro
ORD103148,2025-11-24,Books,928.09,WH-BLR,Metro
ORD103149,2025-03-19,Books,2612.37,WH-MUM,Metro
ORD103150,2025-01-01,Appliances,498.65,WH-MUM,Metro
ORD103151,2025-09-09,Electronics,701.69,WH-HYD,Metro
ORD103152,2025-05-29,Electronics,308.8,WH-BLR,Metro
ORD103153,2025-02-22,Fashion,1273.35,WH-DEL,Tier-3
ORD103154,2025-03-20,Grocery,2312.17,WH-BLR,Remote
ORD103155,2025-05-20,Fashion,644.3,WH-BLR,Metro
ORD103156,2025-01-30,Appliances,1294.21,WH-MUM,Tier-3
ORD103157,2025-01-24,Appliances,711.65,WH-MUM,Metro
ORD103158,2025-12-09,Beauty,867.87,WH-BLR,Tier-2
ORD103159,2025-05-12,Fashion,603.06,WH-BLR,Metro
ORD103160,2025-12-27,Books,3759.36,WH-DEL,Metro
ORD103161,2025-12-22,Appliances,801.18,WH-MUM,Tier-2
ORD103162,2025-03-01,Beauty,1140.87,WH-MUM,Tier-3
ORD103163,2025-10-18,Appliances,914.87,WH-MUM,Tier-2
ORD103164,2025-09-10,Fashion,1792.12,WH-MUM,Tier-3
ORD103165,2025-10-11,Electronics,10212.56,WH-BLR,Metro
ORD103166,2025-02-10,Beauty,12938.61,WH-MUM,Tier-2
ORD103167,2025-03-21,Appliances,1169.14,WH-DEL,Metro
ORD103168,2025-02-02,Books,1945.97,WH-DEL,Metro
ORD103169,2025-09-11,Books,3009.15,WH-KOL,Metro
ORD103170,2025-12-28,Appliances,3807.85,WH-HYD,Metro
ORD103171,2025-10-06,Appliances,2319.88,WH-BLR,Tier-3
ORD103172,2025-10-17,Beauty,3380.05,WH-BLR,Tier-2
ORD103173,2025-12-27,Beauty,1940.94,WH-KOL,Tier-2
ORD103174,2025-10-08,Fashion,843.4,WH-MUM,Metro
ORD103175,2025-01-17,Electronics,3363.29,WH-MUM,Metro
ORD103176,2025-11-27,Electronics,1559.56,WH-DEL,Tier-2
ORD103177,2025-06-03,Fashion,1824.66,WH-DEL,Metro
ORD103178,2025-01-02,Books,472.36,WH-BLR,Metro
ORD103179,2025-08-02,Books,754.87,WH-BLR,Metro
ORD103180,2025-12-15,Fashion,1027.04,WH-BLR,Remote
ORD103181,2025-04-19,Fashion,2130.18,WH-BLR,Tier-2
ORD103182,2025-07-26,Grocery,5876.64,WH-BLR,Metro
ORD103183,2025-03-15,Books,2605.58,WH-DEL,Tier-2
ORD103184,2025-01-25,Furniture,1207.17,WH-MUM,Tier-3
ORD103185,2025-02-03,Electronics,633.67,WH-BLR,Metro
ORD103186,2025-10-21,Fashion,3789.27,WH-BLR,Metro
ORD103187,2025-11-26,Grocery,1802.5,WH-KOL,Remote
ORD103188,2025-03-02,Grocery,107.93,WH-BLR,Tier-3
ORD103189,2025-05-02,Books,3215.14,WH-MUM,Tier-2
ORD103190,2025-03-23,Beauty,1883.16,WH-DEL,Metro
ORD103191,2025-01-12,Electronics,250.16,WH-BLR,Metro
ORD103192,2025-08-21,Fashion,2296.8,WH-BLR,Tier-3
ORD103193,2025-10-14,Fashion,1493.96,WH-BLR,Tier-2
ORD103194,2025-09-30,Fashion,487.19,WH-KOL,Metro
ORD103195,2025-06-13,Fashion,7132.2,WH-DEL,Metro
ORD103196,2025-08-22,Electronics,1982.55,WH-DEL,Metro
ORD103197,2025-02-09,Electronics,947.09,WH-KOL,Tier-3
ORD103198,2025-03-06,Books,745.45,WH-DEL,Tier-2
ORD103199,2025-12-14,Electronics,1196.5,WH-MUM,Metro
ORD103200,2025-10-30,Books,1228.13,WH-MUM,Tier-2
ORD103201,2025-12-11,Fashion,2210.72,WH-MUM,Tier-3
ORD103202,2025-12-10,Fashion,1151.02,WH-MUM,Tier-2
ORD103203,2025-09-30,Electronics,1001.2,WH-HYD,Metro
ORD103204,2025-12-13,Electronics,1581.72,WH-BLR,Remote
ORD103205,2025-06-25,Fashion,982.7,WH-BLR,Metro
ORD103206,2025-01-02,Books,1269.9,WH-MUM,Tier-2
ORD103207,2025-01-27,Beauty,4207.67,WH-BLR,Metro
ORD103208,2025-02-16,Electronics,946.0,WH-KOL,Tier-3
ORD103209,2025-02-10,Electronics,1210.68,WH-MUM,Tier-2
ORD103210,2025-05-28,Electronics,727.15,WH-BLR,Metro
ORD103211,2025-10-14,Appliances,3242.65,WH-DEL,Tier-2
ORD103212,2025-11-07,Fashion,346.67,WH-HYD,Tier-2
ORD103213,2025-09-06,Fashion,689.23,WH-MUM,Tier-2
ORD103214,2025-03-03,Books,2370.92,WH-MUM,Metro
ORD103215,2025-10-26,Books,1187.6,WH-DEL,Metro
ORD103216,2025-05-30,Furniture,2714.18,WH-BLR,Remote
ORD103217,2025-01-06,Electronics,1147.67,WH-DEL,Metro
ORD103218,2025-04-28,Fashion,782.34,WH-DEL,Tier-2
ORD103219,2025-05-19,Fashion,1214.57,WH-HYD,Metro
ORD103220,2025-04-26,Furniture,476.59,WH-KOL,Tier-3
ORD103221,2025-11-12,Appliances,691.87,WH-KOL,Tier-2
ORD103222,2025-10-29,Electronics,2779.54,WH-BLR,Tier-3
ORD103223,2025-10-13,Books,1088.97,WH-HYD,Tier-2
ORD103224,2025-02-28,Grocery,1307.42,WH-DEL,Tier-2
ORD103225,2025-11-11,Books,1479.84,WH-MUM,Remote
ORD103226,2025-10-08,Electronics,381.94,WH-KOL,Tier-3
ORD103227,2025-03-23,Fashion,384.91,WH-HYD,Tier-2
ORD103228,2025-09-30,Electronics,1817.6,WH-HYD,Tier-2
ORD103229,2025-07-23,Appliances,964.57,WH-BLR,Tier-2
ORD103230,2025-07-04,Electronics,1123.13,WH-BLR,Tier-2
ORD103231,2025-02-17,Fashion,2191.26,WH-KOL,Tier-2
ORD103232,2025-08-06,Books,634.15,WH-KOL,Tier-3
ORD103233,2025-02-11,Appliances,851.15,WH-MUM,Remote
ORD103234,2025-03-11,Furniture,1010.21,WH-MUM,Tier-2
ORD103235,2025-02-25,Appliances,1753.33,WH-DEL,Tier-2
ORD103236,2025-12-19,Furniture,1004.69,WH-BLR,Metro
ORD103237,2025-04-30,Furniture,807.32,WH-DEL,Tier-3
ORD103238,2025-05-30,Fashion,5191.87,WH-KOL,Tier-3
ORD103239,2025-05-16,Electronics,1382.92,WH-MUM,Remote
ORD103240,2025-12-05,Fashion,2261.53,WH-HYD,Tier-2
ORD103241,2025-08-25,Electronics,314.99,WH-DEL,Tier-3
ORD103242,2025-12-10,Grocery,477.94,WH-MUM,Metro
ORD103243,2025-05-07,Grocery,2140.0,WH-MUM,Tier-2
ORD103244,2025-02-18,Electronics,1104.62,WH-DEL,Metro
ORD103245,2025-08-22,Books,983.33,WH-HYD,Tier-2
ORD103246,2025-05-26,Appliances,626.19,WH-DEL,Metro
ORD103247,2025-11-09,Grocery,2920.23,WH-KOL,Metro
ORD103248,2025-11-30,Beauty,2260.91,WH-BLR,Tier-3
ORD103249,2025-07-18,Fashion,1271.35,WH-KOL,Tier-2
ORD103250,2025-12-24,Fashion,1630.53,WH-DEL,Metro
ORD103251,2025-08-21,Electronics,1049.46,WH-MUM,Tier-3
ORD103252,2025-04-24,Grocery,775.04,WH-BLR,Metro
ORD103253,2025-07-25,Fashion,884.45,WH-MUM,Metro
ORD103254,2025-01-16,Books,2468.91,WH-MUM,Metro
ORD103255,2025-11-10,Fashion,976.84,WH-KOL,Metro
ORD103256,2025-02-12,Grocery,1402.38,WH-HYD,Tier-3
ORD103257,2025-05-10,Grocery,949.92,WH-BLR,Tier-2
ORD103258,2025-08-26,Fashion,2840.52,WH-MUM,Tier-2
ORD103259,2025-01-19,Appliances,796.22,WH-MUM,Tier-2
ORD103260,2025-02-03,Appliances,4544.5,WH-HYD,Metro
ORD103261,2025-10-13,Appliances,846.61,WH-HYD,Tier-2
ORD103262,2025-01-31,Furniture,847.4,WH-BLR,Tier-3
ORD103263,2025-07-20,Grocery,6652.36,WH-BLR,Tier-2
ORD103264,2025-05-23,Fashion,570.65,WH-BLR,Tier-2
ORD103265,2025-04-06,Appliances,1299.98,WH-DEL,Metro
ORD103266,2025-03-21,Fashion,3008.92,WH-BLR,Metro
ORD103267,2025-10-30,Fashion,389.64,WH-MUM,Metro
ORD103268,2025-12-19,Electronics,1646.75,WH-HYD,Tier-3
ORD103269,2025-02-28,Furniture,391.03,WH-MUM,Metro
ORD103270,2025-12-21,Electronics,1379.27,WH-KOL,Tier-3
ORD103271,2025-09-07,Beauty,6827.62,WH-HYD,Tier-2
ORD103272,2025-09-27,Electronics,204.2,WH-MUM,Tier-2
ORD103273,2025-10-16,Fashion,1260.89,WH-BLR,Tier-2
ORD103274,2025-10-15,Fashion,930.9,WH-DEL,Metro
ORD103275,2025-11-14,Fashion,598.34,WH-DEL,Remote
ORD103276,2025-07-23,Fashion,393.87,WH-MUM,Metro
ORD103277,2025-08-13,Appliances,3226.66,WH-KOL,Tier-3
ORD103278,2025-05-17,Electronics,1569.01,WH-HYD,Metro
ORD103279,2025-02-14,Fashion,302.75,WH-DEL,Tier-2
ORD103280,2025-10-04,Electronics,630.68,WH-BLR,Tier-2
ORD103281,2025-01-15,Fashion,863.46,WH-MUM,Metro
ORD103282,2025-04-26,Beauty,381.06,WH-MUM,Metro
ORD103283,2025-02-09,Fashion,1436.75,WH-MUM,Tier-2
ORD103284,2025-03-22,Appliances,1642.64,WH-HYD,Tier-3
ORD103285,2025-09-26,Grocery,1624.06,WH-MUM,Tier-2
ORD103286,2025-09-22,Fashion,6745.24,WH-BLR,Metro
ORD103287,2025-06-26,Books,631.03,WH-HYD,Metro
ORD103288,2025-02-07,Electronics,917.47,WH-DEL,Remote
ORD103289,2025-07-02,Books,878.62,WH-BLR,Metro
ORD103290,2025-05-29,Grocery,2653.68,WH-DEL,Tier-2
ORD103291,2025-10-19,Fashion,2431.18,WH-DEL,Metro
ORD103292,2025-09-01,Beauty,542.09,WH-MUM,Tier-2
ORD103293,2025-07-26,Fashion,4256.2,WH-MUM,Metro
ORD103294,2025-07-24,Beauty,647.81,WH-DEL,Remote
ORD103295,2025-12-23,Beauty,2652.12,WH-DEL,Tier-2
ORD103296,2025-10-28,Fashion,2527.18,WH-BLR,Metro
ORD103297,2025-07-28,Fashion,1841.61,WH-BLR,Tier-2
ORD103298,2025-07-21,Books,1029.16,WH-DEL,Metro
ORD103299,2025-01-12,Electronics,1044.45,WH-BLR,Remote
ORD103300,2025-12-16,Appliances,1968.47,WH-KOL,Metro
ORD103301,2025-05-15,Electronics,2040.75,WH-BLR,Tier-3
ORD103302,2025-04-18,Fashion,2362.89,WH-HYD,Tier-3
ORD103303,2025-12-31,Grocery,2363.62,WH-KOL,Metro
ORD103304,2025-10-19,Appliances,1761.54,WH-MUM,Remote
ORD103305,2025-01-20,Appliances,4149.23,WH-DEL,Remote
ORD103306,2025-01-27,Furniture,828.68,WH-BLR,Tier-3
ORD103307,2025-01-11,Fashion,1385.71,WH-DEL,Tier-2
ORD103308,2025-09-09,Fashion,856.98,WH-KOL,Tier-2
ORD103309,2025-01-31,Fashion,9460.58,WH-KOL,Metro
ORD103310,2025-12-14,Fashion,2468.69,WH-MUM,Remote
ORD103311,2025-12-15,Fashion,3013.0,WH-HYD,Metro
ORD103312,2025-08-18,Grocery,1914.26,WH-HYD,Tier-3
ORD103313,2025-09-17,Fashion,1280.29,WH-MUM,Tier-3
ORD103314,2025-05-03,Electronics,11345.78,WH-HYD,Remote
ORD103315,2025-01-27,Appliances,3541.83,WH-BLR,Tier-3
ORD103316,2025-10-24,Electronics,1036.29,WH-KOL,Tier-3
ORD103317,2025-02-12,Beauty,1077.48,WH-HYD,Tier-3
ORD103318,2025-02-05,Fashion,1599.73,WH-DEL,Tier-2
ORD103319,2025-05-11,Electronics,869.0,WH-MUM,Metro
ORD103320,2025-01-06,Books,1014.25,WH-KOL,Remote
ORD103321,2025-07-02,Grocery,397.11,WH-BLR,Tier-2
ORD103322,2025-10-16,Books,197.09,WH-MUM,Tier-3
ORD103323,2025-11-09,Fashion,6512.89,WH-MUM,Metro
ORD103324,2025-09-11,Fashion,893.33,WH-MUM,Tier-2
ORD103325,2025-11-21,Furniture,1050.27,WH-BLR,Tier-2
ORD103326,2025-06-20,Fashion,1415.49,WH-MUM,Remote
ORD103327,2025-11-22,Grocery,2337.4,WH-KOL,Metro
ORD103328,2025-08-01,Fashion,2491.7,WH-HYD,Tier-2
ORD103329,2025-04-04,Fashion,3051.21,WH-HYD,Metro
ORD103330,2025-12-17,Electronics,2121.56,WH-DEL,Tier-2
ORD103331,2025-04-26,Books,1080.98,WH-DEL,Tier-2
ORD103332,2025-01-12,Fashion,3683.75,WH-DEL,Metro
ORD103333,2025-04-12,Beauty,1161.13,WH-DEL,Tier-2
ORD103334,2025-06-04,Fashion,3057.36,WH-HYD,Tier-3
ORD103335,2025-05-28,Grocery,390.78,WH-MUM,Tier-3
ORD103336,2025-08-09,Fashion,3793.74,WH-KOL,Tier-3
ORD103337,2025-12-01,Appliances,656.4,WH-KOL,Metro
ORD103338,2025-05-03,Books,419.88,WH-MUM,Tier-2
ORD103339,2025-08-07,Grocery,473.78,WH-KOL,Tier-2
ORD103340,2025-05-23,Fashion,1575.43,WH-KOL,Tier-3
ORD103341,2025-11-15,Appliances,8339.4,WH-BLR,Tier-3
ORD103342,2025-03-08,Electronics,1144.98,WH-BLR,Tier-2
ORD103343,2025-02-13,Grocery,1224.33,WH-DEL,Tier-3
ORD103344,2025-07-31,Appliances,2476.83,WH-HYD,Tier-3
ORD103345,2025-10-06,Fashion,845.02,WH-MUM,Tier-2
ORD103346,2025-11-08,Furniture,1188.33,WH-MUM,Metro
ORD103347,2025-09-05,Appliances,1013.51,WH-DEL,Tier-3
ORD103348,2025-11-02,Electronics,6462.79,WH-MUM,Tier-2
ORD103349,2025-06-15,Fashion,1422.97,WH-BLR,Tier-2
ORD103350,2025-01-14,Fashion,2437.96,WH-BLR,Metro
ORD103351,2025-02-18,Appliances,757.66,WH-HYD,Metro
ORD103352,2025-01-17,Grocery,538.52,WH-BLR,Tier-3
ORD103353,2025-05-19,Fashion,2278.14,WH-DEL,Metro
ORD103354,2025-07-28,Fashion,1639.7,WH-DEL,Tier-2
ORD103355,2025-05-30,Electronics,3053.56,WH-KOL,Tier-2
ORD103356,2025-08-24,Electronics,658.91,WH-KOL,Metro
ORD103357,2025-07-21,Fashion,1243.96,WH-KOL,Tier-2
ORD103358,2025-10-08,Electronics,477.88,WH-DEL,Metro
ORD103359,2025-10-05,Electronics,901.86,WH-BLR,Metro
ORD103360,2025-05-14,Furniture,421.45,WH-MUM,Remote
ORD103361,2025-05-26,Furniture,1066.9,WH-MUM,Tier-2
ORD103362,2025-09-03,Electronics,3813.39,WH-BLR,Remote
ORD103363,2025-09-08,Grocery,674.16,WH-BLR,Tier-2
ORD103364,2025-05-13,Electronics,667.42,WH-MUM,Tier-3
ORD103365,2025-05-19,Fashion,1171.95,WH-MUM,Metro
ORD103366,2025-10-12,Beauty,1156.0,WH-DEL,Metro
ORD103367,2025-09-30,Grocery,2480.11,WH-KOL,Metro
ORD103368,2025-02-26,Electronics,473.8,WH-MUM,Metro
ORD103369,2025-07-05,Fashion,180.72,WH-BLR,Remote
ORD103370,2025-12-03,Furniture,1409.25,WH-DEL,Tier-2
ORD103371,2025-01-16,Fashion,5179.87,WH-MUM,Tier-2
ORD103372,2025-11-23,Beauty,1146.99,WH-KOL,Tier-2
ORD103373,2025-03-10,Fashion,1838.66,WH-MUM,Metro
ORD103374,2025-08-02,Electronics,1256.85,WH-MUM,Remote
ORD103375,2025-06-28,Grocery,2431.9,WH-HYD,Tier-2
ORD103376,2025-01-05,Furniture,1058.38,WH-MUM,Metro
ORD103377,2025-12-09,Grocery,1262.76,WH-DEL,Tier-2
ORD103378,2025-07-11,Beauty,4966.78,WH-BLR,Metro
ORD103379,2025-12-19,Beauty,3345.12,WH-MUM,Tier-2
ORD103380,2025-05-01,Electronics,770.16,WH-BLR,Tier-2
ORD103381,2025-11-26,Electronics,786.42,WH-HYD,Remote
ORD103382,2025-12-11,Fashion,831.44,WH-MUM,Remote
ORD103383,2025-08-22,Furniture,545.07,WH-BLR,Metro
ORD103384,2025-03-27,Furniture,861.04,WH-DEL,Metro
ORD103385,2025-10-10,Fashion,1215.37,WH-DEL,Tier-3
ORD103386,2025-08-19,Beauty,721.45,WH-MUM,Tier-2
ORD103387,2025-12-17,Fashion,2016.58,WH-KOL,Tier-2
ORD103388,2025-07-04,Books,351.13,WH-DEL,Tier-2
ORD103389,2025-04-23,Books,521.17,WH-KOL,Tier-2
ORD103390,2025-02-28,Electronics,2269.46,WH-MUM,Tier-2
ORD103391,2025-10-13,Fashion,6128.7,WH-DEL,Remote
ORD103392,2025-12-25,Fashion,1639.75,WH-MUM,Tier-2
ORD103393,2025-01-12,Beauty,687.2,WH-MUM,Metro
ORD103394,2025-10-24,Fashion,549.78,WH-BLR,Metro
ORD103395,2025-12-12,Books,992.08,WH-BLR,Remote
ORD103396,2025-02-01,Grocery,3689.55,WH-HYD,Tier-2
ORD103397,2025-02-16,Grocery,2021.07,WH-HYD,Tier-2
ORD103398,2025-10-12,Beauty,497.89,WH-BLR,Metro
ORD103399,2025-09-30,Fashion,1789.83,WH-BLR,Remote
ORD103400,2025-01-29,Appliances,4220.77,WH-BLR,Tier-2
ORD103401,2025-11-18,Fashion,3444.94,WH-DEL,Remote
ORD103402,2025-08-08,Electronics,3883.3,WH-BLR,Metro
ORD103403,2025-12-07,Electronics,2540.76,WH-HYD,Metro
ORD103404,2025-11-29,Fashion,480.21,WH-BLR,Metro
ORD103405,2025-11-12,Appliances,702.12,WH-DEL,Metro
ORD103406,2025-08-05,Fashion,5386.44,WH-KOL,Remote
ORD103407,2025-04-16,Grocery,1020.37,WH-BLR,Tier-2
ORD103408,2025-08-01,Electronics,293.76,WH-HYD,Tier-3
ORD103409,2025-02-12,Furniture,2175.68,WH-KOL,Tier-3
ORD103410,2025-10-03,Books,3132.71,WH-DEL,Metro
ORD103411,2025-02-26,Furniture,1255.99,WH-MUM,Tier-2
ORD103412,2025-08-03,Beauty,2079.35,WH-DEL,Tier-3
ORD103413,2025-01-23,Electronics,690.52,WH-MUM,Tier-2
ORD103414,2025-05-06,Electronics,923.85,WH-KOL,Metro
ORD103415,2025-04-08,Grocery,315.1,WH-DEL,Tier-3
ORD103416,2025-09-18,Fashion,567.46,WH-HYD,Tier-2
ORD103417,2025-11-06,Appliances,4227.5,WH-DEL,Remote
ORD103418,2025-01-25,Books,94.46,WH-MUM,Tier-2
ORD103419,2025-11-22,Electronics,982.52,WH-DEL,Tier-2
ORD103420,2025-11-25,Beauty,873.93,WH-KOL,Tier-2
ORD103421,2025-05-24,Electronics,2155.08,WH-MUM,Tier-3
ORD103422,2025-10-03,Appliances,243.06,WH-MUM,Remote
ORD103423,2025-06-19,Fashion,727.23,WH-KOL,Tier-2
ORD103424,2025-03-06,Furniture,836.52,WH-MUM,Metro
ORD103425,2025-08-11,Electronics,1852.33,WH-HYD,Metro
ORD103426,2025-02-06,Beauty,1329.13,WH-BLR,Metro
ORD103427,2025-11-30,Beauty,356.09,WH-HYD,Metro
ORD103428,2025-12-12,Grocery,1021.46,WH-DEL,Tier-2
ORD103429,2025-11-15,Grocery,719.14,WH-BLR,Metro
ORD103430,2025-08-25,Furniture,1940.7,WH-BLR,Tier-2
ORD103431,2025-08-23,Grocery,1100.02,WH-MUM,Remote
ORD103432,2025-12-27,Grocery,5425.48,WH-DEL,Metro
ORD103433,2025-04-15,Grocery,787.49,WH-MUM,Tier-2
ORD103434,2025-02-01,Books,850.4,WH-MUM,Metro
ORD103435,2025-08-25,Furniture,875.1,WH-DEL,Tier-2
ORD103436,2025-05-19,Electronics,1147.79,WH-KOL,Remote
ORD103437,2025-05-16,Beauty,2626.56,WH-BLR,Metro
ORD103438,2025-01-03,Fashion,940.34,WH-DEL,Tier-3
ORD103439,2025-09-08,Electronics,976.16,WH-KOL,Metro
ORD103440,2025-04-21,Beauty,1782.24,WH-DEL,Metro
ORD103441,2025-03-20,Fashion,628.24,WH-KOL,Metro
ORD103442,2025-01-17,Electronics,2218.46,WH-DEL,Metro
ORD103443,2025-06-03,Grocery,989.95,WH-DEL,Metro
ORD103444,2025-11-30,Books,650.51,WH-HYD,Tier-2
ORD103445,2025-05-22,Electronics,307.56,WH-BLR,Metro
ORD103446,2025-10-08,Grocery,554.65,WH-DEL,Tier-3
ORD103447,2025-10-29,Electronics,1135.36,WH-DEL,Metro
ORD103448,2025-05-18,Fashion,1244.01,WH-BLR,Metro
ORD103449,2025-11-15,Fashion,1067.05,WH-MUM,Tier-2
ORD103450,2025-10-12,Electronics,409.98,WH-HYD,Tier-2
ORD103451,2025-08-23,Beauty,1130.65,WH-BLR,Tier-3
ORD103452,2025-01-01,Furniture,386.67,WH-MUM,Tier-3
ORD103453,2025-01-15,Books,484.97,WH-BLR,Tier-2
ORD103454,2025-12-29,Beauty,3191.0,WH-BLR,Remote
ORD103455,2025-11-04,Beauty,1202.17,WH-DEL,Metro
ORD103456,2025-12-15,Appliances,1877.29,WH-BLR,Remote
ORD103457,2025-12-06,Fashion,4105.95,WH-MUM,Metro
ORD103458,2025-01-09,Books,1246.97,WH-BLR,Metro
ORD103459,2025-11-07,Grocery,2815.57,WH-KOL,Metro
ORD103460,2025-07-09,Fashion,1779.54,WH-KOL,Tier-2
ORD103461,2025-11-06,Fashion,734.14,WH-BLR,Tier-2
ORD103462,2025-01-03,Fashion,1162.69,WH-BLR,Metro
ORD103463,2025-05-02,Grocery,715.42,WH-MUM,Metro
ORD103464,2025-10-27,Books,2128.01,WH-BLR,Tier-2
ORD103465,2025-11-07,Grocery,2897.06,WH-HYD,Tier-2
ORD103466,2025-09-18,Fashion,436.98,WH-DEL,Remote
ORD103467,2025-05-07,Electronics,645.61,WH-DEL,Remote
ORD103468,2025-05-11,Books,979.81,WH-HYD,Tier-2
ORD103469,2025-12-23,Fashion,679.41,WH-HYD,Tier-2
ORD103470,2025-07-04,Fashion,1081.24,WH-MUM,Tier-2
ORD103471,2025-07-07,Appliances,1743.64,WH-DEL,Tier-3
ORD103472,2025-08-21,Books,3649.01,WH-MUM,Tier-3
ORD103473,2025-06-22,Grocery,870.32,WH-DEL,Tier-3
ORD103474,2025-08-21,Furniture,838.44,WH-BLR,Tier-2
ORD103475,2025-07-01,Fashion,1756.09,WH-MUM,Tier-3
ORD103476,2025-11-16,Beauty,1251.04,WH-MUM,Tier-2
ORD103477,2025-12-08,Grocery,374.55,WH-BLR,Metro
ORD103478,2025-12-14,Appliances,653.66,WH-MUM,Tier-2
ORD103479,2025-08-26,Electronics,984.32,WH-HYD,Metro
ORD103480,2025-07-05,Furniture,2424.22,WH-MUM,Metro
ORD103481,2025-10-15,Fashion,3161.36,WH-KOL,Tier-2
ORD103482,2025-11-19,Grocery,556.4,WH-MUM,Tier-2
ORD103483,2025-08-25,Appliances,701.89,WH-KOL,Remote
ORD103484,2025-10-14,Books,2591.17,WH-BLR,Remote
ORD103485,2025-10-27,Fashion,897.63,WH-MUM,Tier-2
ORD103486,2025-10-08,Books,1728.18,WH-BLR,Metro
ORD103487,2025-10-26,Fashion,1114.31,WH-BLR,Metro
ORD103488,2025-03-29,Grocery,1331.19,WH-BLR,Remote
ORD103489,2025-07-29,Electronics,931.39,WH-DEL,Metro
ORD103490,2025-09-05,Fashion,3169.17,WH-BLR,Metro
ORD103491,2025-01-02,Books,374.9,WH-BLR,Tier-2
ORD103492,2025-11-24,Electronics,944.29,WH-MUM,Metro
ORD103493,2025-09-14,Beauty,2941.77,WH-DEL,Tier-2
ORD103494,2025-02-24,Fashion,1093.2,WH-MUM,Tier-3
ORD103495,2025-11-13,Appliances,1181.34,WH-BLR,Tier-3
ORD103496,2025-10-18,Electronics,2777.43,WH-BLR,Tier-2
ORD103497,2025-10-29,Furniture,1866.33,WH-HYD,Metro
ORD103498,2025-06-14,Beauty,2531.81,WH-DEL,Metro
ORD103499,2025-11-23,Grocery,3352.04,WH-MUM,Metro
ORD103500,2025-06-23,Fashion,405.3,WH-DEL,Metro
ORD103501,2025-08-28,Books,891.38,WH-MUM,Metro
ORD103502,2025-01-01,Appliances,664.46,WH-MUM,Tier-2
ORD103503,2025-09-28,Electronics,1662.14,WH-HYD,Metro
ORD103504,2025-10-18,Furniture,2943.68,WH-HYD,Tier-2
ORD103505,2025-08-27,Furniture,173.21,WH-MUM,Metro
ORD103506,2025-07-28,Appliances,360.64,WH-DEL,Tier-2
ORD103507,2025-11-12,Fashion,243.51,WH-MUM,Tier-3
ORD103508,2025-10-09,Fashion,639.62,WH-HYD,Metro
ORD103509,2025-04-27,Beauty,1304.43,WH-DEL,Tier-2
ORD103510,2025-12-21,Grocery,4589.62,WH-HYD,Tier-2
ORD103511,2025-10-16,Grocery,440.39,WH-BLR,Tier-2
ORD103512,2025-12-28,Beauty,8493.21,WH-MUM,Remote
ORD103513,2025-12-24,Fashion,1900.51,WH-MUM,Tier-3
ORD103514,2025-12-10,Fashion,1956.86,WH-MUM,Tier-3
ORD103515,2025-10-28,Appliances,2209.7,WH-MUM,Tier-3
ORD103516,2025-09-14,Appliances,402.2,WH-DEL,Remote
ORD103517,2025-03-14,Beauty,776.03,WH-DEL,Tier-3
ORD103518,2025-08-17,Furniture,549.13,WH-DEL,Tier-2
ORD103519,2025-10-31,Fashion,2081.76,WH-DEL,Tier-3
ORD103520,2025-08-07,Fashion,600.82,WH-MUM,Metro
ORD103521,2025-11-27,Electronics,1043.31,WH-BLR,Remote
ORD103522,2025-02-16,Beauty,726.14,WH-BLR,Metro
ORD103523,2025-06-10,Electronics,3878.26,WH-HYD,Metro
ORD103524,2025-08-01,Grocery,759.54,WH-BLR,Metro
ORD103525,2025-07-01,Fashion,512.37,WH-MUM,Tier-3
ORD103526,2025-02-15,Electronics,1815.8,WH-MUM,Tier-2
ORD103527,2025-03-06,Fashion,1175.13,WH-DEL,Tier-3
ORD103528,2025-11-19,Furniture,3798.03,WH-KOL,Tier-2
ORD103529,2025-07-23,Electronics,1579.85,WH-KOL,Tier-2
ORD103530,2025-01-21,Beauty,1538.2,WH-BLR,Tier-3
ORD103531,2025-01-07,Beauty,2495.96,WH-DEL,Tier-2
ORD103532,2025-07-18,Electronics,1786.22,WH-BLR,Tier-2
ORD103533,2025-03-11,Books,2329.9,WH-HYD,Tier-3
ORD103534,2025-10-15,Fashion,2178.8,WH-MUM,Metro
ORD103535,2025-11-08,Electronics,951.15,WH-BLR,Tier-2
ORD103536,2025-04-06,Fashion,473.11,WH-MUM,Metro
ORD103537,2025-09-06,Books,1073.3,WH-MUM,Tier-2
ORD103538,2025-03-06,Furniture,248.38,WH-KOL,Tier-3
ORD103539,2025-05-08,Fashion,685.77,WH-BLR,Metro
ORD103540,2025-12-02,Appliances,901.72,WH-KOL,Metro
ORD103541,2025-08-17,Appliances,3493.44,WH-BLR,Tier-3
ORD103542,2025-12-02,Appliances,1095.81,WH-BLR,Tier-3
ORD103543,2025-04-05,Grocery,5032.67,WH-HYD,Tier-2
ORD103544,2025-05-19,Books,1804.06,WH-DEL,Metro
ORD103545,2025-07-17,Furniture,335.94,WH-KOL,Metro
ORD103546,2025-07-21,Electronics,3098.62,WH-DEL,Metro
ORD103547,2025-12-31,Books,2851.47,WH-DEL,Tier-2
ORD103548,2025-02-18,Fashion,323.57,WH-BLR,Tier-2
ORD103549,2025-11-23,Appliances,2213.2,WH-KOL,Tier-3
ORD103550,2025-11-26,Furniture,3932.89,WH-DEL,Tier-2
ORD103551,2025-08-21,Fashion,223.04,WH-DEL,Metro
ORD103552,2025-05-25,Electronics,523.25,WH-HYD,Metro
ORD103553,2025-08-07,Appliances,2650.48,WH-BLR,Tier-3
ORD103554,2025-05-03,Books,1076.39,WH-HYD,Tier-2
ORD103555,2025-11-09,Books,4064.05,WH-DEL,Tier-3
ORD103556,2025-07-29,Furniture,2659.13,WH-HYD,Tier-2
ORD103557,2025-12-12,Fashion,2431.28,WH-DEL,Metro
ORD103558,2025-09-19,Fashion,3188.41,WH-MUM,Tier-3
ORD103559,2025-08-05,Appliances,650.78,WH-HYD,Metro
ORD103560,2025-10-17,Fashion,978.07,WH-HYD,Metro
ORD103561,2025-07-31,Appliances,5945.7,WH-BLR,Tier-2
ORD103562,2025-12-06,Fashion,947.01,WH-DEL,Tier-3
ORD103563,2025-03-19,Electronics,3008.01,WH-DEL,Tier-2
ORD103564,2025-12-25,Furniture,1069.94,WH-HYD,Tier-2
ORD103565,2025-11-12,Furniture,679.06,WH-HYD,Tier-2
ORD103566,2025-11-25,Furniture,569.1,WH-BLR,Tier-3
ORD103567,2025-07-22,Fashion,1951.22,WH-BLR,Tier-3
ORD103568,2025-11-19,Books,3558.69,WH-BLR,Tier-3
ORD103569,2025-05-09,Grocery,1854.53,WH-HYD,Metro
ORD103570,2025-10-30,Appliances,1536.95,WH-KOL,Tier-2
ORD103571,2025-03-01,Furniture,500.44,WH-DEL,Tier-3
ORD103572,2025-05-10,Fashion,1255.26,WH-HYD,Metro
ORD103573,2025-07-07,Furniture,1449.17,WH-DEL,Metro
ORD103574,2025-05-16,Grocery,620.5,WH-DEL,Remote
ORD103575,2025-06-12,Grocery,1775.48,WH-KOL,Tier-3
ORD103576,2025-11-14,Furniture,723.01,WH-BLR,Remote
ORD103577,2025-04-18,Electronics,916.62,WH-MUM,Tier-2
ORD103578,2025-10-26,Beauty,2330.18,WH-MUM,Metro
ORD103579,2025-01-31,Fashion,4510.88,WH-BLR,Metro
ORD103580,2025-10-31,Fashion,4207.19,WH-DEL,Tier-3
ORD103581,2025-11-07,Appliances,1121.47,WH-MUM,Tier-3
ORD103582,2025-06-18,Fashion,1949.15,WH-MUM,Tier-2
ORD103583,2025-10-20,Beauty,2088.86,WH-BLR,Tier-2
ORD103584,2025-12-09,Fashion,2079.06,WH-MUM,Tier-3
ORD103585,2025-11-09,Fashion,1393.21,WH-BLR,Metro
ORD103586,2025-06-14,Electronics,3550.47,WH-KOL,Metro
ORD103587,2025-07-23,Electronics,771.15,WH-DEL,Remote
ORD103588,2025-11-04,Electronics,505.6,WH-HYD,Tier-2
ORD103589,2025-05-03,Electronics,1672.34,WH-MUM,Tier-3
ORD103590,2025-11-10,Fashion,982.32,WH-BLR,Remote
ORD103591,2025-05-18,Fashion,5841.94,WH-DEL,Tier-3
ORD103592,2025-11-11,Fashion,868.76,WH-BLR,Tier-2
ORD103593,2025-02-06,Fashion,2883.19,WH-MUM,Tier-2
ORD103594,2025-01-19,Electronics,1841.68,WH-DEL,Tier-2
ORD103595,2025-12-31,Electronics,411.76,WH-HYD,Remote
ORD103596,2025-11-27,Electronics,2027.94,WH-KOL,Metro
ORD103597,2025-12-01,Fashion,748.98,WH-BLR,Tier-2
ORD103598,2025-12-19,Electronics,8624.18,WH-DEL,Tier-3
ORD103599,2025-07-04,Fashion,671.07,WH-MUM,Metro
ORD103600,2025-05-01,Beauty,603.25,WH-HYD,Tier-3
ORD103601,2025-02-24,Fashion,220.24,WH-KOL,Metro
ORD103602,2025-07-30,Electronics,683.97,WH-DEL,Metro
ORD103603,2025-04-03,Furniture,2256.83,WH-MUM,Metro
ORD103604,2025-12-15,Grocery,553.07,WH-HYD,Tier-2
ORD103605,2025-01-02,Electronics,1905.67,WH-DEL,Metro
ORD103606,2025-03-02,Books,1551.85,WH-KOL,Tier-2
ORD103607,2025-04-14,Appliances,578.42,WH-DEL,Metro
ORD103608,2025-03-25,Beauty,1147.8,WH-KOL,Metro
ORD103609,2025-04-05,Beauty,594.41,WH-BLR,Metro
ORD103610,2025-10-02,Grocery,2509.81,WH-HYD,Tier-3
ORD103611,2025-05-18,Appliances,293.91,WH-MUM,Metro
ORD103612,2025-09-16,Fashion,2276.78,WH-DEL,Tier-3
ORD103613,2025-12-03,Books,708.59,WH-KOL,Tier-3
ORD103614,2025-09-11,Grocery,1385.83,WH-DEL,Tier-3
ORD103615,2025-10-12,Fashion,1832.59,WH-HYD,Tier-2
ORD103616,2025-06-03,Electronics,1413.32,WH-BLR,Tier-3
ORD103617,2025-03-09,Grocery,6569.58,WH-BLR,Tier-2
ORD103618,2025-05-15,Grocery,903.79,WH-DEL,Tier-2
ORD103619,2025-12-22,Books,422.39,WH-MUM,Metro
ORD103620,2025-09-19,Electronics,7180.12,WH-BLR,Remote
ORD103621,2025-04-27,Books,1699.24,WH-HYD,Tier-3
ORD103622,2025-07-09,Electronics,1428.22,WH-DEL,Tier-2
ORD103623,2025-11-18,Grocery,7597.93,WH-BLR,Tier-2
ORD103624,2025-10-05,Fashion,444.61,WH-BLR,Tier-2
ORD103625,2025-08-24,Fashion,1185.84,WH-MUM,Metro
ORD103626,2025-12-01,Fashion,532.34,WH-DEL,Metro
ORD103627,2025-10-06,Fashion,1163.37,WH-KOL,Metro
ORD103628,2025-09-28,Electronics,404.21,WH-MUM,Tier-3
ORD103629,2025-03-21,Books,1366.82,WH-BLR,Tier-2
ORD103630,2025-02-14,Fashion,1290.27,WH-HYD,Metro
ORD103631,2025-12-22,Appliances,1238.91,WH-BLR,Metro
ORD103632,2025-09-09,Appliances,207.48,WH-DEL,Tier-3
ORD103633,2025-06-24,Electronics,2356.91,WH-MUM,Tier-3
ORD103634,2025-09-05,Books,1061.0,WH-KOL,Tier-3
ORD103635,2025-01-26,Books,10453.46,WH-DEL,Metro
ORD103636,2025-11-15,Books,877.19,WH-BLR,Tier-2
ORD103637,2025-04-02,Books,768.88,WH-MUM,Tier-2
ORD103638,2025-11-10,Grocery,1455.94,WH-BLR,Metro
ORD103639,2025-08-13,Beauty,477.09,WH-MUM,Metro
ORD103640,2025-04-27,Electronics,3414.51,WH-MUM,Tier-2
ORD103641,2025-01-13,Electronics,607.15,WH-DEL,Tier-2
ORD103642,2025-11-13,Appliances,661.96,WH-HYD,Tier-2
ORD103643,2025-03-16,Fashion,2518.86,WH-BLR,Metro
ORD103644,2025-01-22,Furniture,1586.8,WH-MUM,Tier-2
ORD103645,2025-10-28,Fashion,1562.72,WH-HYD,Tier-2
ORD103646,2025-05-28,Fashion,451.33,WH-MUM,Tier-2
ORD103647,2025-06-13,Books,2913.33,WH-DEL,Tier-3
ORD103648,2025-04-14,Electronics,586.97,WH-HYD,Metro
ORD103649,2025-11-25,Electronics,336.96,WH-DEL,Tier-2
ORD103650,2025-05-05,Furniture,1800.36,WH-DEL,Tier-2
ORD103651,2025-03-30,Books,1127.88,WH-KOL,Tier-2
ORD103652,2025-05-10,Books,1106.17,WH-BLR,Tier-3
ORD103653,2025-03-27,Fashion,2287.73,WH-BLR,Tier-2
ORD103654,2025-05-14,Books,1037.15,WH-MUM,Tier-3
ORD103655,2025-02-04,Furniture,330.51,WH-BLR,Metro
ORD103656,2025-03-08,Books,1020.69,WH-BLR,Remote
ORD103657,2025-06-25,Electronics,1686.3,WH-BLR,Tier-3
ORD103658,2025-11-30,Fashion,1544.72,WH-DEL,Metro
ORD103659,2025-01-25,Grocery,1160.64,WH-MUM,Tier-2
ORD103660,2025-03-31,Grocery,9217.29,WH-HYD,Tier-2
ORD103661,2025-12-07,Electronics,5052.94,WH-MUM,Remote
ORD103662,2025-12-03,Grocery,512.53,WH-DEL,Metro
ORD103663,2025-10-08,Furniture,447.86,WH-BLR,Tier-2
ORD103664,2025-04-12,Fashion,3869.27,WH-BLR,Tier-2
ORD103665,2025-06-26,Grocery,3141.01,WH-DEL,Metro
ORD103666,2025-03-30,Fashion,4374.84,WH-BLR,Tier-3
ORD103667,2025-02-24,Books,938.86,WH-DEL,Tier-3
ORD103668,2025-06-09,Grocery,1178.16,WH-DEL,Tier-2
ORD103669,2025-08-30,Grocery,322.91,WH-DEL,Remote
ORD103670,2025-06-01,Beauty,1502.89,WH-DEL,Remote
ORD103671,2025-09-14,Furniture,803.53,WH-KOL,Tier-3
ORD103672,2025-05-05,Fashion,717.29,WH-BLR,Metro
ORD103673,2025-05-26,Furniture,2804.54,WH-KOL,Tier-3
ORD103674,2025-11-07,Beauty,1182.35,WH-BLR,Metro
ORD103675,2025-11-30,Electronics,2591.12,WH-MUM,Tier-2
ORD103676,2025-05-16,Furniture,1228.65,WH-KOL,Remote
ORD103677,2025-08-29,Electronics,2076.7,WH-MUM,Metro
ORD103678,2025-04-27,Books,468.71,WH-HYD,Metro
ORD103679,2025-01-23,Furniture,608.14,WH-DEL,Tier-3
ORD103680,2025-10-24,Beauty,1925.01,WH-HYD,Metro
ORD103681,2025-03-13,Furniture,5187.37,WH-BLR,Metro
ORD103682,2025-06-28,Electronics,1945.09,WH-DEL,Metro
ORD103683,2025-07-24,Grocery,1356.06,WH-BLR,Tier-3
ORD103684,2025-03-19,Beauty,4455.27,WH-BLR,Tier-2
ORD103685,2025-02-09,Fashion,1125.0,WH-DEL,Metro
ORD103686,2025-05-27,Electronics,708.22,WH-HYD,Remote
ORD103687,2025-12-19,Appliances,1346.83,WH-HYD,Tier-3
ORD103688,2025-09-16,Grocery,1804.81,WH-HYD,Tier-2
ORD103689,2025-06-10,Electronics,486.39,WH-HYD,Metro
ORD103690,2025-01-17,Fashion,1485.15,WH-MUM,Tier-3
ORD103691,2025-09-10,Fashion,337.16,WH-MUM,Metro
ORD103692,2025-02-08,Furniture,1053.21,WH-HYD,Remote
ORD103693,2025-08-16,Grocery,1181.69,WH-DEL,Metro
ORD103694,2025-10-27,Grocery,1305.33,WH-BLR,Tier-3
ORD103695,2025-06-27,Books,279.66,WH-MUM,Remote
ORD103696,2025-05-06,Fashion,1451.57,WH-BLR,Metro
ORD103697,2025-01-20,Furniture,2694.96,WH-HYD,Metro
ORD103698,2025-01-11,Fashion,4131.74,WH-MUM,Metro
ORD103699,2025-06-30,Fashion,4282.76,WH-DEL,Metro
ORD103700,2025-12-01,Grocery,1366.91,WH-HYD,Tier-2
ORD103701,2025-04-13,Appliances,9728.72,WH-KOL,Metro
ORD103702,2025-08-30,Beauty,729.19,WH-MUM,Metro
ORD103703,2025-10-10,Fashion,747.92,WH-KOL,Tier-2
ORD103704,2025-01-26,Electronics,1358.95,WH-DEL,Metro
ORD103705,2025-03-06,Fashion,2596.05,WH-BLR,Tier-3
ORD103706,2025-05-20,Grocery,2240.87,WH-MUM,Metro
ORD103707,2025-10-06,Fashion,201.41,WH-MUM,Metro
ORD103708,2025-07-04,Books,619.29,WH-BLR,Metro
ORD103709,2025-10-23,Books,2474.39,WH-MUM,Metro
ORD103710,2025-11-27,Grocery,657.92,WH-BLR,Metro
ORD103711,2025-10-29,Grocery,1208.35,WH-HYD,Metro
ORD103712,2025-12-29,Electronics,1785.19,WH-MUM,Metro
ORD103713,2025-10-28,Grocery,1972.23,WH-BLR,Tier-2
ORD103714,2025-11-23,Grocery,2666.56,WH-DEL,Tier-2
ORD103715,2025-11-17,Books,3702.99,WH-HYD,Tier-2
ORD103716,2025-10-22,Grocery,2221.76,WH-KOL,Remote
ORD103717,2025-11-09,Electronics,501.72,WH-KOL,Tier-2
ORD103718,2025-12-14,Electronics,2141.26,WH-KOL,Metro
ORD103719,2025-07-19,Electronics,3182.43,WH-MUM,Tier-2
ORD103720,2025-09-26,Beauty,1925.22,WH-DEL,Tier-3
ORD103721,2025-08-05,Books,3758.53,WH-MUM,Tier-2
ORD103722,2025-11-22,Books,1619.77,WH-KOL,Metro
ORD103723,2025-07-01,Books,1210.04,WH-BLR,Tier-3
ORD103724,2025-11-14,Electronics,680.2,WH-DEL,Metro
ORD103725,2025-11-09,Appliances,6819.04,WH-MUM,Metro
ORD103726,2025-12-21,Appliances,580.42,WH-HYD,Tier-3
ORD103727,2025-04-15,Fashion,1334.31,WH-MUM,Remote
ORD103728,2025-10-16,Grocery,1007.24,WH-HYD,Tier-3
ORD103729,2025-10-29,Furniture,460.65,WH-KOL,Remote
ORD103730,2025-12-15,Books,2725.85,WH-BLR,Metro
ORD103731,2025-12-07,Electronics,1996.52,WH-HYD,Tier-2
ORD103732,2025-08-29,Books,1628.12,WH-MUM,Metro
ORD103733,2025-09-01,Beauty,810.86,WH-MUM,Tier-2
ORD103734,2025-03-12,Beauty,2102.13,WH-MUM,Tier-3
ORD103735,2025-12-25,Electronics,1086.93,WH-DEL,Metro
ORD103736,2025-04-18,Fashion,1968.1,WH-MUM,Metro
ORD103737,2025-10-20,Appliances,4225.57,WH-HYD,Remote
ORD103738,2025-11-08,Fashion,189.64,WH-HYD,Metro
ORD103739,2025-07-05,Electronics,2986.04,WH-MUM,Metro
ORD103740,2025-03-30,Appliances,8944.33,WH-BLR,Remote
ORD103741,2025-03-21,Electronics,5306.43,WH-BLR,Metro
ORD103742,2025-11-24,Fashion,2485.9,WH-MUM,Tier-3
ORD103743,2025-08-03,Beauty,3564.39,WH-KOL,Metro
ORD103744,2025-02-07,Fashion,678.79,WH-MUM,Metro
ORD103745,2025-10-18,Beauty,1623.38,WH-HYD,Metro
ORD103746,2025-04-16,Fashion,1187.99,WH-KOL,Metro
ORD103747,2025-11-29,Fashion,921.75,WH-MUM,Tier-2
ORD103748,2025-05-11,Electronics,2953.18,WH-DEL,Tier-3
ORD103749,2025-03-26,Fashion,1143.68,WH-HYD,Tier-2
ORD103750,2025-02-05,Fashion,303.85,WH-DEL,Tier-2
ORD103751,2025-08-03,Books,1902.21,WH-BLR,Metro
ORD103752,2025-07-09,Beauty,1310.04,WH-HYD,Tier-2
ORD103753,2025-10-27,Electronics,2332.06,WH-KOL,Metro
ORD103754,2025-07-15,Electronics,965.1,WH-HYD,Metro
ORD103755,2025-05-25,Furniture,337.56,WH-HYD,Remote
ORD103756,2025-04-20,Grocery,614.32,WH-HYD,Remote
ORD103757,2025-04-27,Fashion,644.03,WH-DEL,Metro
ORD103758,2025-12-13,Fashion,588.68,WH-MUM,Metro
ORD103759,2025-03-11,Fashion,853.95,WH-KOL,Tier-2
ORD103760,2025-12-28,Grocery,2396.57,WH-BLR,Tier-2
ORD103761,2025-05-18,Electronics,443.64,WH-HYD,Tier-3
ORD103762,2025-02-07,Appliances,2714.67,WH-MUM,Tier-2
ORD103763,2025-04-15,Fashion,485.03,WH-DEL,Metro
ORD103764,2025-01-25,Fashion,987.43,WH-HYD,Tier-2
ORD103765,2025-11-06,Grocery,1301.79,WH-HYD,Metro
ORD103766,2025-08-04,Fashion,1053.9,WH-BLR,Tier-2
ORD103767,2025-05-22,Books,2202.83,WH-DEL,Tier-2
ORD103768,2025-10-04,Appliances,1228.16,WH-BLR,Remote
ORD103769,2025-09-22,Books,1181.43,WH-BLR,Metro
ORD103770,2025-12-16,Grocery,200.11,WH-DEL,Tier-2
ORD103771,2025-12-21,Fashion,1845.68,WH-KOL,Metro
ORD103772,2025-10-09,Fashion,6020.5,WH-KOL,Tier-3
ORD103773,2025-11-14,Grocery,903.66,WH-DEL,Metro
ORD103774,2025-11-07,Grocery,2271.94,WH-HYD,Metro
ORD103775,2025-07-26,Fashion,692.94,WH-MUM,Metro
ORD103776,2025-10-15,Electronics,2946.34,WH-BLR,Tier-3
ORD103777,2025-02-02,Fashion,2028.72,WH-DEL,Metro
ORD103778,2025-10-29,Electronics,998.98,WH-HYD,Tier-2
ORD103779,2025-12-21,Fashion,947.69,WH-HYD,Metro
ORD103780,2025-02-05,Grocery,2244.59,WH-BLR,Tier-3
ORD103781,2025-11-18,Beauty,1384.0,WH-MUM,Remote
ORD103782,2025-12-14,Electronics,500.15,WH-BLR,Metro
ORD103783,2025-04-06,Electronics,394.48,WH-HYD,Tier-2
ORD103784,2025-08-09,Fashion,2144.36,WH-MUM,Metro
ORD103785,2025-12-13,Electronics,727.44,WH-MUM,Tier-2
ORD103786,2025-12-21,Appliances,1377.77,WH-DEL,Metro
ORD103787,2025-02-23,Electronics,2144.1,WH-BLR,Metro
ORD103788,2025-05-27,Beauty,511.85,WH-MUM,Tier-3
ORD103789,2025-10-13,Books,595.04,WH-HYD,Metro
ORD103790,2025-04-04,Grocery,4905.48,WH-MUM,Metro
ORD103791,2025-05-17,Beauty,963.11,WH-DEL,Metro
ORD103792,2025-01-10,Furniture,3026.62,WH-KOL,Tier-2
ORD103793,2025-03-06,Beauty,9954.85,WH-BLR,Remote
ORD103794,2025-08-25,Fashion,1621.9,WH-MUM,Tier-3
ORD103795,2025-10-01,Beauty,672.08,WH-DEL,Tier-3
ORD103796,2025-09-30,Electronics,1482.71,WH-DEL,Remote
ORD103797,2025-11-03,Fashion,1151.68,WH-KOL,Tier-2
ORD103798,2025-06-24,Beauty,1413.34,WH-BLR,Tier-2
ORD103799,2025-04-25,Fashion,2377.18,WH-KOL,Tier-2
ORD103800,2025-01-07,Fashion,2605.26,WH-MUM,Remote
ORD103801,2025-03-28,Electronics,269.4,WH-BLR,Metro
ORD103802,2025-05-12,Electronics,3470.18,WH-DEL,Tier-2
ORD103803,2025-03-16,Fashion,1667.22,WH-MUM,Tier-3
ORD103804,2025-01-09,Fashion,846.54,WH-BLR,Metro
ORD103805,2025-03-08,Grocery,2409.85,WH-BLR,Tier-3
ORD103806,2025-10-05,Books,578.03,WH-MUM,Tier-3
ORD103807,2025-09-22,Electronics,599.99,WH-DEL,Tier-2
ORD103808,2025-12-15,Books,3124.97,WH-BLR,Tier-3
ORD103809,2025-11-08,Grocery,1413.21,WH-BLR,Metro
ORD103810,2025-08-27,Appliances,4694.52,WH-MUM,Remote
ORD103811,2025-02-27,Appliances,773.62,WH-DEL,Metro
ORD103812,2025-08-26,Beauty,1690.99,WH-KOL,Metro
ORD103813,2025-01-26,Electronics,1826.08,WH-BLR,Tier-2
ORD103814,2025-07-01,Grocery,1853.28,WH-KOL,Tier-3
ORD103815,2025-06-13,Beauty,2200.86,WH-DEL,Tier-3
ORD103816,2025-06-29,Appliances,1934.67,WH-KOL,Tier-2
ORD103817,2025-04-28,Electronics,1360.14,WH-DEL,Tier-3
ORD103818,2025-10-10,Furniture,283.36,WH-MUM,Tier-2
ORD103819,2025-11-20,Books,2674.02,WH-HYD,Tier-3
ORD103820,2025-11-01,Fashion,200.53,WH-DEL,Metro
ORD103821,2025-09-21,Furniture,499.21,WH-KOL,Remote
ORD103822,2025-08-15,Books,762.23,WH-KOL,Tier-3
ORD103823,2025-01-14,Grocery,2758.81,WH-DEL,Tier-3
ORD103824,2025-10-20,Electronics,1121.28,WH-DEL,Metro
ORD103825,2025-08-18,Grocery,6002.68,WH-MUM,Remote
ORD103826,2025-04-24,Grocery,441.67,WH-DEL,Metro
ORD103827,2025-05-18,Fashion,555.73,WH-DEL,Metro
ORD103828,2025-12-15,Furniture,221.33,WH-DEL,Metro
ORD103829,2025-09-20,Fashion,535.17,WH-BLR,Remote
ORD103830,2025-07-19,Books,807.46,WH-KOL,Remote
ORD103831,2025-09-18,Books,4324.06,WH-MUM,Tier-2
ORD103832,2025-06-23,Books,3092.16,WH-MUM,Tier-3
ORD103833,2025-07-17,Grocery,1620.94,WH-BLR,Tier-2
ORD103834,2025-05-02,Electronics,1044.2,WH-BLR,Metro
ORD103835,2025-07-04,Appliances,2469.52,WH-MUM,Tier-2
ORD103836,2025-10-10,Electronics,3707.85,WH-BLR,Metro
ORD103837,2025-01-17,Grocery,798.4,WH-BLR,Tier-2
ORD103838,2025-11-08,Electronics,864.56,WH-BLR,Metro
ORD103839,2025-04-29,Grocery,948.45,WH-BLR,Metro
ORD103840,2025-10-09,Appliances,334.42,WH-KOL,Tier-2
ORD103841,2025-09-28,Fashion,3528.92,WH-DEL,Tier-2
ORD103842,2025-10-01,Fashion,839.89,WH-BLR,Tier-3
ORD103843,2025-09-13,Electronics,1062.65,WH-DEL,Tier-2
ORD103844,2025-12-21,Fashion,4293.19,WH-DEL,Metro
ORD103845,2025-08-02,Fashion,869.85,WH-DEL,Tier-3
ORD103846,2025-10-22,Books,3688.06,WH-MUM,Metro
ORD103847,2025-10-15,Books,330.78,WH-DEL,Tier-3
ORD103848,2025-04-10,Beauty,2098.87,WH-BLR,Metro
ORD103849,2025-04-30,Electronics,937.88,WH-BLR,Metro
ORD103850,2025-06-28,Fashion,378.6,WH-KOL,Tier-2
ORD103851,2025-04-27,Grocery,540.01,WH-MUM,Remote
ORD103852,2025-06-04,Furniture,1498.65,WH-BLR,Metro
ORD103853,2025-06-14,Appliances,621.43,WH-BLR,Remote
ORD103854,2025-09-11,Books,1819.66,WH-HYD,Tier-2
ORD103855,2025-04-03,Grocery,737.84,WH-BLR,Metro
ORD103856,2025-11-10,Grocery,366.67,WH-MUM,Tier-2
ORD103857,2025-07-03,Beauty,2909.82,WH-MUM,Tier-3
ORD103858,2025-10-15,Fashion,1695.13,WH-BLR,Tier-2
ORD103859,2025-02-04,Books,316.59,WH-MUM,Metro
ORD103860,2025-07-17,Appliances,2258.46,WH-BLR,Tier-3
ORD103861,2025-01-12,Electronics,1476.98,WH-MUM,Tier-3
ORD103862,2025-10-07,Beauty,948.36,WH-BLR,Tier-3
ORD103863,2025-05-25,Books,978.93,WH-KOL,Tier-3
ORD103864,2025-12-18,Appliances,3914.09,WH-DEL,Metro
ORD103865,2025-05-17,Electronics,1728.99,WH-BLR,Tier-2
ORD103866,2025-08-25,Electronics,4069.71,WH-BLR,Tier-2
ORD103867,2025-04-19,Appliances,1959.85,WH-HYD,Metro
ORD103868,2025-09-18,Electronics,1616.26,WH-HYD,Tier-2
ORD103869,2025-07-16,Electronics,730.82,WH-MUM,Metro
ORD103870,2025-06-05,Fashion,1519.65,WH-BLR,Tier-3
ORD103871,2025-03-27,Electronics,3031.46,WH-DEL,Metro
ORD103872,2025-02-16,Appliances,1429.35,WH-MUM,Tier-3
ORD103873,2025-02-20,Grocery,6305.09,WH-BLR,Metro
ORD103874,2025-12-31,Electronics,3027.84,WH-MUM,Remote
ORD103875,2025-06-23,Grocery,513.58,WH-HYD,Tier-2
ORD103876,2025-01-01,Electronics,908.76,WH-MUM,Tier-2
ORD103877,2025-12-19,Electronics,2295.41,WH-BLR,Metro
ORD103878,2025-01-09,Grocery,394.83,WH-BLR,Tier-2
ORD103879,2025-06-25,Grocery,1220.28,WH-DEL,Metro
ORD103880,2025-10-18,Fashion,635.16,WH-DEL,Tier-3
ORD103881,2025-12-09,Furniture,1383.76,WH-DEL,Tier-3
ORD103882,2025-10-17,Fashion,639.25,WH-DEL,Tier-2
ORD103883,2025-07-14,Grocery,3111.11,WH-MUM,Metro
ORD103884,2025-12-25,Fashion,891.27,WH-MUM,Metro
ORD103885,2025-01-17,Appliances,2279.51,WH-KOL,Tier-2
ORD103886,2025-12-28,Grocery,405.52,WH-HYD,Tier-2
ORD103887,2025-11-22,Electronics,1049.69,WH-MUM,Tier-2
ORD103888,2025-12-13,Appliances,481.24,WH-DEL,Tier-2
ORD103889,2025-04-18,Books,3479.7,WH-BLR,Tier-2
ORD103890,2025-03-01,Electronics,720.89,WH-BLR,Tier-2
ORD103891,2025-10-04,Furniture,1249.12,WH-MUM,Tier-2
ORD103892,2025-08-05,Books,1774.95,WH-HYD,Tier-3
ORD103893,2025-08-08,Electronics,737.18,WH-KOL,Metro
ORD103894,2025-12-12,Beauty,512.73,WH-DEL,Metro
ORD103895,2025-09-18,Fashion,1553.83,WH-DEL,Metro
ORD103896,2025-05-11,Appliances,285.48,WH-BLR,Metro
ORD103897,2025-06-18,Books,3918.38,WH-KOL,Tier-2
ORD103898,2025-02-26,Beauty,1200.69,WH-BLR,Tier-3
ORD103899,2025-03-22,Grocery,411.86,WH-KOL,Tier-3
ORD103900,2025-03-02,Appliances,1083.86,WH-BLR,Remote
ORD103901,2025-11-12,Fashion,2126.51,WH-BLR,Metro
ORD103902,2025-10-15,Fashion,696.7,WH-DEL,Metro
ORD103903,2025-08-11,Books,283.27,WH-BLR,Metro
ORD103904,2025-06-07,Fashion,1213.55,WH-BLR,Tier-2
ORD103905,2025-10-05,Books,2462.53,WH-DEL,Tier-2
ORD103906,2025-11-12,Electronics,1613.94,WH-HYD,Metro
ORD103907,2025-11-30,Fashion,1848.67,WH-MUM,Metro
ORD103908,2025-08-18,Electronics,2879.52,WH-DEL,Tier-3
ORD103909,2025-11-14,Grocery,4752.17,WH-DEL,Metro
ORD103910,2025-08-03,Electronics,155.29,WH-BLR,Metro
ORD103911,2025-07-19,Fashion,464.15,WH-MUM,Tier-2
ORD103912,2025-11-26,Beauty,1531.96,WH-DEL,Tier-2
ORD103913,2025-06-12,Books,1671.78,WH-KOL,Tier-2
ORD103914,2025-06-16,Appliances,387.97,WH-MUM,Tier-2
ORD103915,2025-05-09,Electronics,716.41,WH-DEL,Tier-3
ORD103916,2025-08-06,Fashion,5311.62,WH-DEL,Tier-3
ORD103917,2025-08-17,Appliances,1009.03,WH-DEL,Metro
ORD103918,2025-10-03,Electronics,1584.87,WH-HYD,Tier-3
ORD103919,2025-06-30,Fashion,5612.01,WH-DEL,Tier-2
ORD103920,2025-04-02,Beauty,1444.25,WH-BLR,Tier-3
ORD103921,2025-11-27,Electronics,2514.68,WH-KOL,Tier-2
ORD103922,2025-05-26,Beauty,2115.05,WH-DEL,Metro
ORD103923,2025-12-11,Electronics,1023.77,WH-DEL,Tier-2
ORD103924,2025-03-29,Electronics,978.02,WH-DEL,Remote
ORD103925,2025-08-24,Electronics,3447.09,WH-BLR,Remote
ORD103926,2025-08-14,Beauty,1330.83,WH-MUM,Metro
ORD103927,2025-11-16,Furniture,597.6,WH-DEL,Tier-2
ORD103928,2025-02-28,Appliances,3183.87,WH-MUM,Tier-3
ORD103929,2025-12-08,Fashion,136.47,WH-BLR,Tier-2
ORD103930,2025-08-12,Books,4734.51,WH-HYD,Tier-2
ORD103931,2025-09-04,Grocery,1153.73,WH-MUM,Remote
ORD103932,2025-08-03,Grocery,1348.01,WH-DEL,Tier-2
ORD103933,2025-01-16,Appliances,1431.42,WH-BLR,Metro
ORD103934,2025-07-28,Appliances,3883.73,WH-DEL,Metro
ORD103935,2025-04-21,Appliances,1539.69,WH-BLR,Tier-2
ORD103936,2025-05-24,Electronics,1315.34,WH-HYD,Tier-2
ORD103937,2025-09-30,Books,625.24,WH-DEL,Remote
ORD103938,2025-07-29,Fashion,756.8,WH-MUM,Tier-3
ORD103939,2025-02-09,Beauty,2238.71,WH-KOL,Metro
ORD103940,2025-01-31,Fashion,1600.62,WH-MUM,Tier-3
ORD103941,2025-03-20,Electronics,5165.17,WH-MUM,Metro
ORD103942,2025-03-22,Fashion,697.94,WH-HYD,Metro
ORD103943,2025-09-13,Grocery,532.14,WH-DEL,Tier-2
ORD103944,2025-03-16,Fashion,1702.45,WH-DEL,Tier-2
ORD103945,2025-11-30,Books,1250.96,WH-KOL,Metro
ORD103946,2025-03-30,Appliances,513.47,WH-DEL,Tier-2
ORD103947,2025-02-08,Fashion,884.29,WH-BLR,Remote
ORD103948,2025-11-29,Grocery,2353.87,WH-BLR,Tier-2
ORD103949,2025-05-05,Books,465.82,WH-HYD,Metro
ORD103950,2025-06-28,Books,539.13,WH-BLR,Remote
ORD103951,2025-12-21,Fashion,747.99,WH-DEL,Metro
ORD103952,2025-12-17,Beauty,760.39,WH-KOL,Metro
ORD103953,2025-10-18,Electronics,2526.11,WH-HYD,Metro
ORD103954,2025-01-29,Furniture,859.05,WH-BLR,Metro
ORD103955,2025-09-07,Books,4939.99,WH-HYD,Metro
ORD103956,2025-12-29,Fashion,581.48,WH-MUM,Metro
ORD103957,2025-12-18,Electronics,1793.41,WH-KOL,Tier-2
ORD103958,2025-02-14,Appliances,1297.12,WH-DEL,Metro
ORD103959,2025-06-16,Fashion,1342.87,WH-DEL,Metro
ORD103960,2025-05-13,Electronics,186.89,WH-BLR,Tier-2
ORD103961,2025-02-24,Electronics,556.72,WH-MUM,Tier-2
ORD103962,2025-10-12,Appliances,1171.53,WH-MUM,Tier-2
ORD103963,2025-04-26,Electronics,277.09,WH-HYD,Metro
ORD103964,2025-05-25,Grocery,129.22,WH-DEL,Tier-3
ORD103965,2025-02-07,Beauty,498.82,WH-HYD,Remote
ORD103966,2025-07-29,Appliances,1754.35,WH-BLR,Metro
ORD103967,2025-03-08,Grocery,1962.12,WH-MUM,Tier-2
ORD103968,2025-07-01,Grocery,503.28,WH-DEL,Tier-3
ORD103969,2025-03-02,Electronics,1140.15,WH-DEL,Tier-2
ORD103970,2025-12-19,Fashion,1879.87,WH-DEL,Metro
ORD103971,2025-03-02,Electronics,3866.34,WH-MUM,Metro
ORD103972,2025-08-08,Electronics,3747.85,WH-BLR,Tier-2
ORD103973,2025-03-24,Electronics,2776.73,WH-DEL,Tier-2
ORD103974,2025-02-02,Furniture,870.07,WH-KOL,Tier-3
ORD103975,2025-03-27,Electronics,1287.65,WH-HYD,Metro
ORD103976,2025-01-24,Electronics,1418.02,WH-DEL,Metro
ORD103977,2025-02-28,Books,1126.34,WH-DEL,Metro
ORD103978,2025-07-27,Electronics,445.3,WH-HYD,Tier-2
ORD103979,2025-10-01,Appliances,4242.36,WH-HYD,Tier-2
ORD103980,2025-02-06,Fashion,1893.59,WH-BLR,Metro
ORD103981,2025-07-05,Grocery,2686.55,WH-MUM,Tier-2
ORD103982,2025-09-02,Electronics,2271.95,WH-HYD,Tier-3
ORD103983,2025-04-09,Electronics,946.96,WH-HYD,Remote
ORD103984,2025-06-06,Books,403.73,WH-DEL,Tier-3
ORD103985,2025-01-31,Grocery,2442.1,WH-MUM,Tier-2
ORD103986,2025-04-03,Electronics,2319.56,WH-HYD,Tier-3
ORD103987,2025-07-16,Fashion,1688.74,WH-BLR,Tier-2
ORD103988,2025-12-29,Grocery,7494.69,WH-BLR,Metro
ORD103989,2025-12-31,Electronics,851.49,WH-DEL,Remote
ORD103990,2025-12-26,Grocery,1041.35,WH-DEL,Metro
ORD103991,2025-06-27,Grocery,1580.25,WH-MUM,Metro
ORD103992,2025-02-03,Furniture,899.84,WH-DEL,Metro
ORD103993,2025-05-16,Books,1110.08,WH-DEL,Tier-2
ORD103994,2025-04-10,Fashion,3059.59,WH-BLR,Tier-2
ORD103995,2025-01-06,Books,797.92,WH-MUM,Tier-2
ORD103996,2025-02-10,Grocery,842.62,WH-DEL,Metro
ORD103997,2025-07-10,Grocery,2126.12,WH-KOL,Metro
ORD103998,2025-05-23,Furniture,466.0,WH-KOL,Metro
ORD103999,2025-03-17,Furniture,1254.46,WH-BLR,Metro
ORD104000,2025-10-18,Electronics,1202.93,WH-DEL,Metro
ORD104001,2025-05-31,Beauty,2211.27,WH-HYD,Metro
ORD104002,2025-11-23,Beauty,2546.91,WH-BLR,Remote
ORD104003,2025-04-12,Fashion,1178.64,WH-DEL,Tier-3
ORD104004,2025-08-15,Grocery,1250.46,WH-MUM,Metro
ORD104005,2025-03-19,Appliances,1302.25,WH-DEL,Metro
ORD104006,2025-07-28,Beauty,1046.95,WH-BLR,Remote
ORD104007,2025-03-06,Grocery,3765.31,WH-MUM,Tier-2
ORD104008,2025-03-09,Electronics,2001.02,WH-MUM,Tier-3
ORD104009,2025-09-15,Appliances,3688.51,WH-MUM,Tier-3
ORD104010,2025-04-21,Electronics,664.19,WH-BLR,Metro
ORD104011,2025-03-14,Furniture,3644.46,WH-MUM,Metro
ORD104012,2025-12-13,Grocery,1473.83,WH-DEL,Metro
ORD104013,2025-01-19,Furniture,2315.43,WH-BLR,Tier-2
ORD104014,2025-08-26,Electronics,290.84,WH-MUM,Remote
ORD104015,2025-08-19,Grocery,4920.13,WH-BLR,Metro
ORD104016,2025-04-16,Furniture,1905.29,WH-KOL,Tier-3
ORD104017,2025-07-10,Fashion,5949.14,WH-BLR,Tier-2
ORD104018,2025-02-06,Electronics,3259.92,WH-DEL,Tier-2
ORD104019,2025-10-19,Fashion,260.39,WH-MUM,Tier-3
ORD104020,2025-04-04,Books,4524.52,WH-MUM,Tier-2
ORD104021,2025-03-23,Grocery,1555.44,WH-HYD,Tier-2
ORD104022,2025-05-13,Furniture,2238.44,WH-DEL,Tier-3
ORD104023,2025-12-06,Grocery,2066.34,WH-DEL,Tier-2
ORD104024,2025-11-08,Books,1237.72,WH-BLR,Metro
ORD104025,2025-12-18,Grocery,969.16,WH-MUM,Tier-2
ORD104026,2025-10-01,Electronics,2355.51,WH-MUM,Tier-2
ORD104027,2025-10-04,Electronics,688.31,WH-MUM,Tier-3
ORD104028,2025-07-21,Electronics,1370.05,WH-KOL,Metro
ORD104029,2025-12-07,Books,4111.24,WH-MUM,Metro
ORD104030,2025-08-03,Furniture,504.93,WH-MUM,Metro
ORD104031,2025-05-30,Appliances,1142.38,WH-BLR,Tier-3
ORD104032,2025-09-27,Appliances,3410.05,WH-MUM,Tier-2
ORD104033,2025-08-18,Books,696.12,WH-BLR,Metro
ORD104034,2025-02-22,Beauty,291.05,WH-MUM,Tier-2
ORD104035,2025-06-15,Furniture,274.38,WH-KOL,Tier-2
ORD104036,2025-05-12,Fashion,919.53,WH-DEL,Tier-2
ORD104037,2025-11-21,Electronics,5153.09,WH-BLR,Tier-2
ORD104038,2025-06-09,Grocery,727.64,WH-MUM,Tier-3
ORD104039,2025-11-15,Appliances,1063.83,WH-DEL,Metro
ORD104040,2025-07-05,Grocery,1397.54,WH-BLR,Metro
ORD104041,2025-10-28,Fashion,3245.07,WH-KOL,Tier-2
ORD104042,2025-02-26,Appliances,2658.76,WH-DEL,Metro
ORD104043,2025-12-12,Fashion,1184.73,WH-MUM,Metro
ORD104044,2025-07-21,Fashion,2163.69,WH-DEL,Metro
ORD104045,2025-04-20,Books,3129.94,WH-BLR,Tier-2
ORD104046,2025-04-12,Grocery,359.11,WH-BLR,Tier-3
ORD104047,2025-04-22,Fashion,990.85,WH-DEL,Tier-3
ORD104048,2025-06-04,Fashion,512.58,WH-BLR,Metro
ORD104049,2025-10-18,Grocery,748.99,WH-BLR,Metro
ORD104050,2025-12-18,Fashion,2253.12,WH-KOL,Remote
ORD104051,2025-10-06,Electronics,512.74,WH-HYD,Metro
ORD104052,2025-08-18,Furniture,8497.65,WH-BLR,Tier-3
ORD104053,2025-07-08,Appliances,2269.29,WH-KOL,Metro
ORD104054,2025-11-16,Electronics,839.08,WH-BLR,Tier-2
ORD104055,2025-11-22,Grocery,1205.68,WH-HYD,Tier-2
ORD104056,2025-05-04,Grocery,477.9,WH-MUM,Tier-2
ORD104057,2025-12-19,Fashion,411.73,WH-DEL,Tier-2
ORD104058,2025-06-16,Fashion,984.03,WH-DEL,Metro
ORD104059,2025-11-09,Fashion,3815.49,WH-BLR,Metro
ORD104060,2025-12-23,Fashion,434.63,WH-KOL,Tier-2
ORD104061,2025-10-15,Books,3591.84,WH-BLR,Tier-3
ORD104062,2025-03-09,Grocery,1154.53,WH-KOL,Tier-2
ORD104063,2025-09-04,Beauty,1621.2,WH-BLR,Tier-2
ORD104064,2025-02-19,Fashion,1420.03,WH-BLR,Remote
ORD104065,2025-11-06,Appliances,2488.82,WH-BLR,Metro
ORD104066,2025-04-29,Grocery,3223.22,WH-MUM,Metro
ORD104067,2025-10-12,Appliances,1128.17,WH-DEL,Metro
ORD104068,2025-12-08,Books,2014.0,WH-DEL,Tier-3
ORD104069,2025-03-18,Grocery,3791.84,WH-HYD,Metro
ORD104070,2025-06-15,Grocery,2568.99,WH-DEL,Metro
ORD104071,2025-09-29,Beauty,962.43,WH-DEL,Metro
ORD104072,2025-06-26,Beauty,1145.88,WH-MUM,Metro
ORD104073,2025-03-15,Beauty,608.37,WH-DEL,Tier-2
ORD104074,2025-01-13,Electronics,5734.16,WH-KOL,Metro
ORD104075,2025-06-20,Electronics,1711.59,WH-MUM,Tier-2
ORD104076,2025-09-30,Fashion,435.84,WH-MUM,Tier-2
ORD104077,2025-08-30,Appliances,684.13,WH-MUM,Metro
ORD104078,2025-03-07,Electronics,1184.58,WH-BLR,Metro
ORD104079,2025-07-09,Fashion,3919.25,WH-DEL,Metro
ORD104080,2025-06-05,Grocery,1149.64,WH-BLR,Tier-2
ORD104081,2025-04-26,Fashion,2171.48,WH-HYD,Tier-2
ORD104082,2025-10-21,Appliances,756.2,WH-BLR,Metro
ORD104083,2025-05-11,Fashion,2242.8,WH-BLR,Metro
ORD104084,2025-08-15,Books,3793.21,WH-BLR,Metro
ORD104085,2025-12-11,Fashion,2519.36,WH-MUM,Tier-3
ORD104086,2025-08-15,Grocery,187.62,WH-HYD,Remote
ORD104087,2025-09-17,Grocery,1185.53,WH-KOL,Tier-2
ORD104088,2025-01-31,Fashion,574.69,WH-MUM,Remote
ORD104089,2025-03-16,Fashion,2291.59,WH-BLR,Metro
ORD104090,2025-02-12,Books,1416.86,WH-HYD,Tier-2
ORD104091,2025-10-31,Grocery,5267.62,WH-DEL,Tier-2
ORD104092,2025-11-18,Electronics,1026.71,WH-DEL,Tier-2
ORD104093,2025-03-20,Appliances,1419.79,WH-MUM,Tier-3
ORD104094,2025-04-03,Electronics,1213.73,WH-DEL,Tier-2
ORD104095,2025-05-16,Grocery,2380.28,WH-BLR,Tier-3
ORD104096,2025-09-06,Grocery,615.68,WH-MUM,Metro
ORD104097,2025-09-19,Grocery,601.79,WH-KOL,Metro
ORD104098,2025-10-10,Electronics,853.52,WH-BLR,Metro
ORD104099,2025-12-07,Fashion,2138.39,WH-MUM,Metro
ORD104100,2025-05-04,Electronics,3075.7,WH-BLR,Metro
ORD104101,2025-10-03,Fashion,1243.37,WH-BLR,Metro
ORD104102,2025-08-24,Furniture,2150.03,WH-KOL,Tier-2
ORD104103,2025-05-09,Furniture,2010.96,WH-BLR,Tier-3
ORD104104,2025-12-07,Electronics,1279.19,WH-MUM,Tier-2
ORD104105,2025-02-10,Electronics,1255.1,WH-HYD,Metro
ORD104106,2025-10-17,Furniture,2465.19,WH-BLR,Metro
ORD104107,2025-10-21,Grocery,6201.18,WH-BLR,Tier-2
ORD104108,2025-12-09,Books,2952.52,WH-MUM,Metro
ORD104109,2025-08-06,Fashion,3506.22,WH-BLR,Metro
ORD104110,2025-05-16,Electronics,6845.08,WH-BLR,Tier-2
ORD104111,2025-11-16,Fashion,766.27,WH-DEL,Metro
ORD104112,2025-11-01,Furniture,2347.62,WH-BLR,Metro
ORD104113,2025-07-30,Grocery,4294.2,WH-DEL,Remote
ORD104114,2025-11-01,Electronics,2839.43,WH-KOL,Tier-2
ORD104115,2025-04-23,Electronics,829.44,WH-BLR,Remote
ORD104116,2025-09-05,Furniture,708.08,WH-BLR,Tier-2
ORD104117,2025-11-26,Fashion,4946.52,WH-BLR,Metro
ORD104118,2025-05-14,Furniture,1867.87,WH-BLR,Tier-2
ORD104119,2025-07-23,Fashion,1710.36,WH-MUM,Tier-3
ORD104120,2025-12-19,Fashion,1360.48,WH-MUM,Remote
ORD104121,2025-11-09,Fashion,4483.06,WH-BLR,Tier-2
ORD104122,2025-12-02,Beauty,2919.88,WH-MUM,Metro
ORD104123,2025-06-11,Electronics,1154.2,WH-BLR,Tier-2
ORD104124,2025-12-31,Electronics,2777.03,WH-DEL,Metro
ORD104125,2025-03-06,Books,1544.66,WH-MUM,Metro
ORD104126,2025-08-06,Electronics,2690.48,WH-HYD,Metro
ORD104127,2025-07-21,Fashion,3963.82,WH-DEL,Metro
ORD104128,2025-11-09,Fashion,3601.47,WH-MUM,Tier-2
ORD104129,2025-12-08,Appliances,336.77,WH-DEL,Remote
ORD104130,2025-10-22,Fashion,2020.15,WH-BLR,Tier-2
ORD104131,2025-09-21,Books,4369.82,WH-DEL,Tier-2
ORD104132,2025-06-29,Appliances,753.66,WH-MUM,Tier-3
ORD104133,2025-08-03,Grocery,6577.43,WH-DEL,Metro
ORD104134,2025-08-03,Fashion,2200.76,WH-DEL,Tier-2
ORD104135,2025-01-09,Books,2883.56,WH-DEL,Tier-3
ORD104136,2025-07-31,Books,2881.48,WH-DEL,Metro
ORD104137,2025-11-24,Books,456.89,WH-BLR,Metro
ORD104138,2025-10-16,Electronics,2970.05,WH-MUM,Tier-3
ORD104139,2025-11-08,Appliances,1987.32,WH-BLR,Tier-3
ORD104140,2025-06-14,Appliances,936.01,WH-BLR,Metro
ORD104141,2025-08-11,Beauty,4908.91,WH-BLR,Tier-2
ORD104142,2025-01-15,Fashion,294.17,WH-DEL,Tier-2
ORD104143,2025-06-10,Books,820.55,WH-DEL,Remote
ORD104144,2025-07-19,Appliances,4284.41,WH-HYD,Tier-3
ORD104145,2025-04-18,Books,3002.56,WH-DEL,Metro
ORD104146,2025-01-14,Appliances,871.22,WH-HYD,Tier-2
ORD104147,2025-10-11,Books,757.72,WH-KOL,Remote
ORD104148,2025-07-02,Fashion,1176.73,WH-BLR,Metro
ORD104149,2025-06-24,Electronics,1832.39,WH-HYD,Tier-3
ORD104150,2025-04-16,Fashion,1017.57,WH-MUM,Tier-2
ORD104151,2025-08-14,Books,1354.45,WH-MUM,Tier-2
ORD104152,2025-07-04,Electronics,1562.67,WH-KOL,Tier-2
ORD104153,2025-07-19,Furniture,1121.28,WH-BLR,Tier-2
ORD104154,2025-09-02,Beauty,1030.54,WH-KOL,Metro
ORD104155,2025-01-03,Books,578.48,WH-HYD,Tier-3
ORD104156,2025-12-07,Furniture,1451.93,WH-KOL,Tier-2
ORD104157,2025-01-30,Books,1429.05,WH-DEL,Remote
ORD104158,2025-07-09,Electronics,700.82,WH-DEL,Metro
ORD104159,2025-03-29,Grocery,1858.35,WH-MUM,Tier-3
ORD104160,2025-08-09,Grocery,3803.2,WH-MUM,Metro
ORD104161,2025-04-28,Books,1559.92,WH-HYD,Tier-3
ORD104162,2025-11-25,Fashion,2090.35,WH-MUM,Tier-3
ORD104163,2025-06-16,Electronics,3265.87,WH-MUM,Tier-3
ORD104164,2025-09-26,Appliances,1441.67,WH-KOL,Tier-2
ORD104165,2025-04-15,Grocery,3026.4,WH-MUM,Metro
ORD104166,2025-01-09,Books,234.73,WH-HYD,Remote
ORD104167,2025-06-19,Grocery,840.95,WH-MUM,Metro
ORD104168,2025-08-14,Books,613.63,WH-BLR,Metro
ORD104169,2025-07-13,Grocery,4577.47,WH-DEL,Metro
ORD104170,2025-12-22,Books,2455.51,WH-MUM,Tier-3
ORD104171,2025-10-16,Appliances,563.02,WH-HYD,Tier-3
ORD104172,2025-12-30,Fashion,678.29,WH-BLR,Tier-3
ORD104173,2025-05-04,Fashion,494.33,WH-BLR,Tier-2
ORD104174,2025-11-06,Books,1923.64,WH-HYD,Tier-2
ORD104175,2025-08-22,Fashion,1728.7,WH-MUM,Remote
ORD104176,2025-09-15,Appliances,1055.64,WH-DEL,Tier-2
ORD104177,2025-12-28,Electronics,734.06,WH-BLR,Metro
ORD104178,2025-10-02,Appliances,1443.61,WH-KOL,Remote
ORD104179,2025-12-05,Fashion,11629.76,WH-KOL,Remote
ORD104180,2025-10-20,Grocery,1088.73,WH-DEL,Tier-2
ORD104181,2025-02-23,Grocery,3694.75,WH-BLR,Tier-2
ORD104182,2025-10-14,Fashion,1164.44,WH-KOL,Remote
ORD104183,2025-07-23,Grocery,3211.15,WH-KOL,Tier-3
ORD104184,2025-12-10,Books,2395.13,WH-DEL,Metro
ORD104185,2025-11-11,Appliances,1439.66,WH-DEL,Remote
ORD104186,2025-02-13,Beauty,2463.98,WH-MUM,Tier-3
ORD104187,2025-02-26,Books,3854.28,WH-BLR,Tier-3
ORD104188,2025-01-30,Furniture,1559.45,WH-DEL,Tier-2
ORD104189,2025-07-27,Grocery,1278.08,WH-DEL,Metro
ORD104190,2025-02-03,Beauty,2515.13,WH-DEL,Metro
ORD104191,2025-10-20,Grocery,5445.55,WH-HYD,Metro
ORD104192,2025-08-21,Fashion,485.64,WH-MUM,Tier-2
ORD104193,2025-11-18,Books,535.92,WH-HYD,Tier-3
ORD104194,2025-04-28,Beauty,4580.32,WH-BLR,Tier-2
ORD104195,2025-08-07,Grocery,957.82,WH-KOL,Metro
ORD104196,2025-02-19,Electronics,3997.59,WH-BLR,Metro
ORD104197,2025-12-01,Furniture,861.6,WH-BLR,Tier-3
ORD104198,2025-03-15,Appliances,1015.26,WH-DEL,Tier-3
ORD104199,2025-02-13,Fashion,3393.84,WH-BLR,Metro
ORD104200,2025-03-28,Appliances,2656.57,WH-BLR,Metro
ORD104201,2025-11-11,Grocery,596.07,WH-HYD,Metro
ORD104202,2025-02-14,Fashion,2380.61,WH-MUM,Tier-2
ORD104203,2025-09-16,Furniture,865.42,WH-HYD,Tier-3
ORD104204,2025-10-26,Fashion,2093.02,WH-BLR,Tier-3
ORD104205,2025-10-27,Books,1551.0,WH-MUM,Tier-3
ORD104206,2025-03-21,Electronics,1288.25,WH-MUM,Tier-3
ORD104207,2025-01-26,Books,901.87,WH-MUM,Tier-2
ORD104208,2025-07-08,Fashion,388.21,WH-MUM,Metro
ORD104209,2025-03-27,Beauty,892.07,WH-MUM,Metro
ORD104210,2025-10-14,Appliances,2576.12,WH-MUM,Metro
ORD104211,2025-05-30,Fashion,2129.05,WH-BLR,Metro
ORD104212,2025-07-08,Beauty,759.25,WH-DEL,Metro
ORD104213,2025-02-17,Grocery,3583.3,WH-MUM,Metro
ORD104214,2025-08-27,Grocery,1985.58,WH-MUM,Metro
ORD104215,2025-03-19,Beauty,2437.7,WH-BLR,Tier-3
ORD104216,2025-10-08,Beauty,649.71,WH-KOL,Tier-2
ORD104217,2025-01-30,Appliances,6325.87,WH-BLR,Metro
ORD104218,2025-12-25,Beauty,2197.21,WH-KOL,Metro
ORD104219,2025-10-10,Fashion,5126.1,WH-BLR,Tier-2
ORD104220,2025-03-18,Fashion,906.71,WH-KOL,Remote
ORD104221,2025-01-06,Electronics,347.76,WH-MUM,Metro
ORD104222,2025-05-21,Fashion,706.08,WH-DEL,Tier-3
ORD104223,2025-03-06,Furniture,3460.59,WH-MUM,Remote
ORD104224,2025-04-02,Fashion,609.48,WH-KOL,Tier-3
ORD104225,2025-11-28,Grocery,4966.51,WH-MUM,Tier-2
ORD104226,2025-09-11,Electronics,843.63,WH-HYD,Metro
ORD104227,2025-03-16,Fashion,2054.33,WH-BLR,Metro
ORD104228,2025-08-22,Appliances,1817.37,WH-DEL,Tier-3
ORD104229,2025-04-18,Electronics,1175.31,WH-HYD,Remote
ORD104230,2025-12-25,Appliances,1181.01,WH-MUM,Tier-2
ORD104231,2025-01-14,Appliances,684.68,WH-DEL,Metro
ORD104232,2025-10-22,Grocery,7219.14,WH-HYD,Metro
ORD104233,2025-11-02,Books,2277.57,WH-DEL,Metro
ORD104234,2025-01-29,Beauty,410.33,WH-BLR,Remote
ORD104235,2025-03-14,Electronics,508.23,WH-MUM,Metro
ORD104236,2025-06-11,Furniture,2300.65,WH-HYD,Metro
ORD104237,2025-11-27,Fashion,1491.06,WH-MUM,Tier-2
ORD104238,2025-08-14,Fashion,351.84,WH-DEL,Metro
ORD104239,2025-10-02,Furniture,11461.87,WH-BLR,Metro
ORD104240,2025-11-05,Appliances,161.51,WH-KOL,Metro
ORD104241,2025-11-16,Books,1037.86,WH-DEL,Tier-2
ORD104242,2025-07-20,Appliances,1525.18,WH-MUM,Metro
ORD104243,2025-08-02,Appliances,870.55,WH-HYD,Metro
ORD104244,2025-10-18,Grocery,2972.89,WH-HYD,Tier-2
ORD104245,2025-04-21,Electronics,2264.05,WH-BLR,Tier-3
ORD104246,2025-11-23,Electronics,1682.62,WH-MUM,Tier-2
ORD104247,2025-01-09,Grocery,1418.28,WH-MUM,Tier-2
ORD104248,2025-03-24,Appliances,2308.66,WH-MUM,Tier-2
ORD104249,2025-11-09,Electronics,1270.31,WH-MUM,Tier-3
ORD104250,2025-05-23,Fashion,448.37,WH-MUM,Metro
ORD104251,2025-03-04,Fashion,3257.44,WH-BLR,Metro
ORD104252,2025-03-20,Grocery,6092.28,WH-BLR,Tier-3
ORD104253,2025-08-12,Fashion,1607.33,WH-MUM,Metro
ORD104254,2025-11-21,Fashion,1634.12,WH-BLR,Metro
ORD104255,2025-01-30,Electronics,1460.32,WH-DEL,Metro
ORD104256,2025-01-13,Fashion,523.58,WH-BLR,Tier-3
ORD104257,2025-07-15,Grocery,973.04,WH-BLR,Tier-3
ORD104258,2025-12-20,Beauty,2842.55,WH-HYD,Metro
ORD104259,2025-04-28,Fashion,1843.09,WH-DEL,Metro
ORD104260,2025-12-21,Grocery,5940.08,WH-KOL,Metro
ORD104261,2025-12-02,Grocery,2736.47,WH-KOL,Metro
ORD104262,2025-04-29,Furniture,1087.34,WH-DEL,Metro
ORD104263,2025-11-13,Fashion,2584.18,WH-HYD,Metro
ORD104264,2025-10-10,Electronics,1288.07,WH-BLR,Tier-3
ORD104265,2025-08-04,Beauty,404.3,WH-DEL,Remote
ORD104266,2025-06-27,Beauty,3485.46,WH-DEL,Metro
ORD104267,2025-11-13,Fashion,2266.91,WH-DEL,Metro
ORD104268,2025-11-07,Grocery,15889.81,WH-BLR,Tier-2
ORD104269,2025-10-29,Electronics,983.91,WH-KOL,Metro
ORD104270,2025-12-31,Electronics,2719.07,WH-MUM,Metro
ORD104271,2025-07-21,Electronics,836.07,WH-HYD,Metro
ORD104272,2025-11-11,Appliances,755.52,WH-KOL,Tier-2
ORD104273,2025-11-25,Fashion,9763.82,WH-KOL,Metro
ORD104274,2025-03-30,Electronics,290.36,WH-MUM,Metro
ORD104275,2025-01-18,Electronics,1464.7,WH-MUM,Tier-3
ORD104276,2025-06-20,Electronics,6066.09,WH-DEL,Metro
ORD104277,2025-11-24,Fashion,437.49,WH-DEL,Tier-3
ORD104278,2025-05-02,Grocery,1000.32,WH-MUM,Tier-2
ORD104279,2025-10-14,Grocery,3106.1,WH-DEL,Metro
ORD104280,2025-01-04,Grocery,573.87,WH-KOL,Metro
ORD104281,2025-05-30,Grocery,1954.29,WH-MUM,Tier-3
ORD104282,2025-09-16,Appliances,797.69,WH-BLR,Metro
ORD104283,2025-02-24,Fashion,4380.36,WH-DEL,Metro
ORD104284,2025-12-04,Fashion,4257.11,WH-DEL,Metro
ORD104285,2025-03-07,Books,1022.72,WH-KOL,Remote
ORD104286,2025-12-08,Appliances,150.9,WH-HYD,Remote
ORD104287,2025-04-01,Grocery,2267.94,WH-MUM,Tier-2
ORD104288,2025-12-30,Fashion,3402.5,WH-DEL,Metro
ORD104289,2025-09-12,Electronics,2283.45,WH-HYD,Metro
ORD104290,2025-02-05,Electronics,2062.74,WH-MUM,Metro
ORD104291,2025-01-28,Books,1854.55,WH-BLR,Metro
ORD104292,2025-02-01,Grocery,1141.41,WH-DEL,Remote
ORD104293,2025-09-05,Electronics,812.97,WH-BLR,Tier-2
ORD104294,2025-11-11,Electronics,1541.53,WH-KOL,Metro
ORD104295,2025-06-19,Fashion,1232.22,WH-BLR,Tier-3
ORD104296,2025-07-06,Fashion,2568.73,WH-MUM,Metro
ORD104297,2025-09-05,Grocery,747.22,WH-KOL,Tier-2
ORD104298,2025-08-12,Fashion,1044.69,WH-BLR,Metro
ORD104299,2025-10-11,Books,1569.38,WH-BLR,Tier-2
ORD104300,2025-07-18,Appliances,797.24,WH-BLR,Metro
ORD104301,2025-10-17,Beauty,479.64,WH-KOL,Metro
ORD104302,2025-12-31,Books,2440.36,WH-KOL,Remote
ORD104303,2025-05-28,Beauty,512.27,WH-MUM,Remote
ORD104304,2025-01-06,Beauty,1690.16,WH-HYD,Tier-2
ORD104305,2025-02-22,Fashion,2228.07,WH-HYD,Tier-3
ORD104306,2025-08-21,Fashion,4533.63,WH-BLR,Metro
ORD104307,2025-05-25,Electronics,9198.35,WH-BLR,Metro
ORD104308,2025-12-16,Furniture,4170.49,WH-KOL,Metro
ORD104309,2025-09-21,Appliances,825.33,WH-BLR,Metro
ORD104310,2025-08-07,Electronics,1144.6,WH-DEL,Tier-2
ORD104311,2025-11-08,Books,1848.66,WH-MUM,Tier-3
ORD104312,2025-04-19,Books,1381.49,WH-DEL,Tier-3
ORD104313,2025-11-14,Furniture,1641.06,WH-BLR,Tier-2
ORD104314,2025-01-02,Fashion,3931.93,WH-BLR,Tier-2
ORD104315,2025-09-18,Electronics,1607.7,WH-BLR,Tier-2
ORD104316,2025-12-14,Grocery,3011.14,WH-KOL,Remote
ORD104317,2025-11-06,Electronics,585.87,WH-BLR,Metro
ORD104318,2025-11-23,Furniture,2126.41,WH-MUM,Tier-2
ORD104319,2025-06-16,Fashion,378.9,WH-MUM,Remote
ORD104320,2025-11-15,Fashion,3534.35,WH-MUM,Tier-2
ORD104321,2025-08-20,Fashion,1243.5,WH-HYD,Tier-3
ORD104322,2025-09-17,Grocery,477.84,WH-MUM,Tier-2
ORD104323,2025-01-25,Fashion,1152.82,WH-DEL,Remote
ORD104324,2025-03-26,Beauty,2105.86,WH-DEL,Tier-3
ORD104325,2025-08-20,Electronics,534.26,WH-HYD,Tier-2
ORD104326,2025-01-25,Beauty,712.48,WH-HYD,Metro
ORD104327,2025-10-25,Electronics,1048.64,WH-BLR,Tier-2
ORD104328,2025-11-19,Fashion,2803.74,WH-HYD,Metro
ORD104329,2025-12-11,Beauty,287.65,WH-HYD,Metro
ORD104330,2025-02-12,Appliances,2076.95,WH-KOL,Tier-2
ORD104331,2025-12-16,Furniture,1174.23,WH-KOL,Tier-2
ORD104332,2025-01-29,Appliances,3392.27,WH-HYD,Tier-3
ORD104333,2025-07-19,Fashion,1983.96,WH-MUM,Metro
ORD104334,2025-11-20,Books,4269.38,WH-MUM,Metro
ORD104335,2025-01-30,Electronics,1999.08,WH-HYD,Tier-2
ORD104336,2025-01-08,Books,545.88,WH-KOL,Tier-2
ORD104337,2025-01-11,Beauty,2028.19,WH-BLR,Metro
ORD104338,2025-08-03,Books,2133.07,WH-DEL,Metro
ORD104339,2025-11-12,Appliances,822.7,WH-BLR,Metro
ORD104340,2025-02-23,Furniture,927.77,WH-MUM,Tier-3
ORD104341,2025-02-22,Grocery,208.5,WH-MUM,Metro
ORD104342,2025-08-27,Fashion,2568.74,WH-MUM,Tier-2
ORD104343,2025-04-09,Books,1271.0,WH-DEL,Remote
ORD104344,2025-10-22,Furniture,898.81,WH-BLR,Metro
ORD104345,2025-12-18,Fashion,633.33,WH-DEL,Tier-3
ORD104346,2025-10-31,Books,950.99,WH-DEL,Tier-3
ORD104347,2025-11-29,Electronics,2006.36,WH-HYD,Tier-2
ORD104348,2025-08-07,Books,1631.47,WH-BLR,Remote
ORD104349,2025-11-17,Books,1080.08,WH-MUM,Metro
ORD104350,2025-03-18,Fashion,529.06,WH-DEL,Tier-3
ORD104351,2025-01-29,Electronics,1069.94,WH-DEL,Metro
ORD104352,2025-10-02,Appliances,720.31,WH-MUM,Metro
ORD104353,2025-01-22,Electronics,1175.56,WH-MUM,Metro
ORD104354,2025-12-03,Beauty,2297.9,WH-KOL,Tier-2
ORD104355,2025-10-11,Electronics,906.79,WH-MUM,Metro
ORD104356,2025-12-19,Fashion,5312.19,WH-BLR,Metro
ORD104357,2025-05-12,Electronics,881.94,WH-KOL,Metro
ORD104358,2025-07-24,Books,352.66,WH-HYD,Metro
ORD104359,2025-10-25,Grocery,1162.21,WH-BLR,Metro
ORD104360,2025-04-13,Books,855.98,WH-HYD,Tier-2
ORD104361,2025-08-16,Beauty,21276.95,WH-MUM,Tier-2
ORD104362,2025-10-03,Furniture,957.39,WH-HYD,Tier-2
ORD104363,2025-12-26,Fashion,407.91,WH-DEL,Tier-2
ORD104364,2025-10-25,Electronics,1384.29,WH-MUM,Metro
ORD104365,2025-02-19,Books,1175.47,WH-KOL,Metro
ORD104366,2025-07-19,Fashion,527.14,WH-HYD,Tier-3
ORD104367,2025-09-05,Books,1785.87,WH-BLR,Tier-2
ORD104368,2025-03-03,Books,2106.79,WH-DEL,Tier-2
ORD104369,2025-07-01,Furniture,1429.22,WH-HYD,Metro
ORD104370,2025-04-30,Furniture,1081.99,WH-DEL,Metro
ORD104371,2025-02-19,Beauty,997.61,WH-MUM,Tier-2
ORD104372,2025-08-04,Appliances,813.47,WH-BLR,Tier-2
ORD104373,2025-03-11,Appliances,480.54,WH-KOL,Remote
ORD104374,2025-09-06,Fashion,4393.95,WH-MUM,Tier-2
ORD104375,2025-03-13,Grocery,9415.11,WH-DEL,Tier-3
ORD104376,2025-10-20,Fashion,589.01,WH-DEL,Tier-2
ORD104377,2025-03-24,Beauty,827.08,WH-BLR,Remote
ORD104378,2025-12-04,Furniture,563.79,WH-BLR,Tier-3
ORD104379,2025-01-12,Books,2731.28,WH-BLR,Metro
ORD104380,2025-08-08,Electronics,594.61,WH-BLR,Metro
ORD104381,2025-05-15,Books,2341.96,WH-KOL,Remote
ORD104382,2025-04-05,Fashion,1886.22,WH-BLR,Tier-2
ORD104383,2025-07-18,Appliances,1184.91,WH-BLR,Tier-2
ORD104384,2025-11-20,Electronics,3975.49,WH-DEL,Tier-3
ORD104385,2025-12-09,Books,1012.48,WH-KOL,Metro
ORD104386,2025-05-08,Furniture,1341.9,WH-BLR,Tier-3
ORD104387,2025-03-06,Grocery,506.03,WH-BLR,Tier-2
ORD104388,2025-10-19,Fashion,189.98,WH-DEL,Tier-3
ORD104389,2025-09-02,Fashion,3127.71,WH-DEL,Tier-2
ORD104390,2025-03-26,Fashion,816.77,WH-DEL,Metro
ORD104391,2025-10-30,Electronics,3378.43,WH-BLR,Remote
ORD104392,2025-08-07,Grocery,1010.45,WH-HYD,Tier-2
ORD104393,2025-10-01,Grocery,1227.73,WH-DEL,Tier-3
ORD104394,2025-05-31,Fashion,1579.46,WH-HYD,Metro
ORD104395,2025-07-04,Appliances,869.98,WH-KOL,Tier-2
ORD104396,2025-03-17,Fashion,367.88,WH-HYD,Tier-3
ORD104397,2025-10-29,Electronics,667.09,WH-BLR,Tier-2
ORD104398,2025-03-07,Books,626.39,WH-DEL,Remote
ORD104399,2025-11-03,Fashion,1303.98,WH-DEL,Tier-3
ORD104400,2025-11-08,Furniture,3273.44,WH-BLR,Metro
ORD104401,2025-10-26,Beauty,749.57,WH-MUM,Tier-3
ORD104402,2025-01-09,Appliances,1236.86,WH-BLR,Remote
ORD104403,2025-04-25,Grocery,1621.4,WH-KOL,Remote
ORD104404,2025-07-16,Grocery,709.57,WH-HYD,Remote
ORD104405,2025-09-08,Books,1823.07,WH-DEL,Tier-2
ORD104406,2025-12-10,Books,3230.48,WH-HYD,Tier-3
ORD104407,2025-06-07,Electronics,1835.07,WH-DEL,Tier-2
ORD104408,2025-11-29,Furniture,1286.68,WH-HYD,Metro
ORD104409,2025-03-10,Books,683.51,WH-BLR,Tier-3
ORD104410,2025-06-06,Books,1218.12,WH-MUM,Metro
ORD104411,2025-01-22,Electronics,733.42,WH-DEL,Tier-2
ORD104412,2025-10-25,Fashion,837.71,WH-HYD,Metro
ORD104413,2025-03-05,Grocery,1214.78,WH-HYD,Metro
ORD104414,2025-04-18,Fashion,1133.96,WH-KOL,Tier-3
ORD104415,2025-11-02,Furniture,3060.95,WH-HYD,Tier-2
ORD104416,2025-08-13,Grocery,836.85,WH-BLR,Tier-2
ORD104417,2025-01-06,Fashion,1827.89,WH-BLR,Tier-2
ORD104418,2025-01-01,Fashion,923.65,WH-MUM,Tier-2
ORD104419,2025-08-03,Books,646.27,WH-DEL,Metro
ORD104420,2025-05-09,Books,2176.14,WH-DEL,Tier-2
ORD104421,2025-03-17,Books,1872.66,WH-BLR,Metro
ORD104422,2025-09-15,Beauty,828.74,WH-MUM,Remote
ORD104423,2025-04-06,Beauty,109.93,WH-HYD,Metro
ORD104424,2025-09-06,Grocery,3282.91,WH-MUM,Remote
ORD104425,2025-06-09,Electronics,2494.27,WH-DEL,Metro
ORD104426,2025-03-20,Books,3372.42,WH-MUM,Metro
ORD104427,2025-02-28,Furniture,3520.13,WH-DEL,Remote
ORD104428,2025-04-10,Fashion,1355.31,WH-DEL,Tier-2
ORD104429,2025-01-13,Beauty,959.94,WH-BLR,Metro
ORD104430,2025-05-10,Fashion,319.5,WH-HYD,Tier-2
ORD104431,2025-12-06,Beauty,1492.88,WH-DEL,Metro
ORD104432,2025-11-17,Grocery,934.98,WH-MUM,Metro
ORD104433,2025-06-06,Electronics,716.03,WH-KOL,Metro
ORD104434,2025-08-30,Books,451.69,WH-HYD,Metro
ORD104435,2025-08-27,Appliances,587.42,WH-DEL,Metro
ORD104436,2025-11-17,Furniture,456.35,WH-BLR,Tier-2
ORD104437,2025-04-10,Furniture,2964.16,WH-MUM,Tier-3
ORD104438,2025-05-05,Fashion,3269.9,WH-MUM,Metro
ORD104439,2025-05-07,Fashion,739.65,WH-MUM,Metro
ORD104440,2025-01-18,Electronics,3567.8,WH-DEL,Metro
ORD104441,2025-05-13,Electronics,1454.16,WH-KOL,Remote
ORD104442,2025-11-29,Fashion,4335.54,WH-BLR,Metro
ORD104443,2025-12-08,Grocery,2158.55,WH-HYD,Metro
ORD104444,2025-02-16,Electronics,2221.04,WH-DEL,Remote
ORD104445,2025-07-12,Grocery,1629.47,WH-DEL,Tier-2
ORD104446,2025-06-10,Fashion,751.91,WH-HYD,Metro
ORD104447,2025-07-25,Fashion,465.8,WH-MUM,Tier-3
ORD104448,2025-08-22,Beauty,1577.96,WH-DEL,Metro
ORD104449,2025-01-09,Beauty,1241.06,WH-MUM,Metro
ORD104450,2025-11-20,Books,10716.79,WH-MUM,Tier-2
ORD104451,2025-12-25,Electronics,2436.09,WH-DEL,Remote
ORD104452,2025-10-01,Appliances,681.57,WH-BLR,Remote
ORD104453,2025-10-03,Electronics,1251.99,WH-MUM,Tier-2
ORD104454,2025-08-10,Grocery,997.56,WH-BLR,Metro
ORD104455,2025-05-21,Books,1297.95,WH-BLR,Tier-2
ORD104456,2025-03-04,Fashion,469.11,WH-MUM,Remote
ORD104457,2025-09-03,Beauty,2768.35,WH-BLR,Tier-2
ORD104458,2025-01-19,Appliances,976.36,WH-BLR,Metro
ORD104459,2025-11-15,Fashion,2260.75,WH-DEL,Remote
ORD104460,2025-06-26,Electronics,826.42,WH-DEL,Remote
ORD104461,2025-06-24,Books,974.56,WH-KOL,Metro
ORD104462,2025-05-18,Grocery,2153.02,WH-KOL,Tier-2
ORD104463,2025-12-23,Electronics,255.47,WH-KOL,Tier-3
ORD104464,2025-03-15,Electronics,2950.79,WH-DEL,Metro
ORD104465,2025-03-05,Beauty,4341.04,WH-MUM,Remote
ORD104466,2025-03-11,Fashion,4273.94,WH-BLR,Metro
ORD104467,2025-10-03,Beauty,764.52,WH-KOL,Metro
ORD104468,2025-12-29,Appliances,1705.12,WH-KOL,Remote
ORD104469,2025-04-09,Fashion,937.3,WH-DEL,Remote
ORD104470,2025-12-07,Fashion,407.91,WH-DEL,Metro
ORD104471,2025-04-28,Appliances,1437.95,WH-BLR,Tier-3
ORD104472,2025-09-30,Fashion,417.67,WH-BLR,Tier-2
ORD104473,2025-01-18,Electronics,2163.68,WH-DEL,Tier-3
ORD104474,2025-07-28,Fashion,2578.66,WH-BLR,Tier-2
ORD104475,2025-10-02,Books,3763.06,WH-MUM,Remote
ORD104476,2025-08-14,Appliances,2018.17,WH-HYD,Tier-3
ORD104477,2025-04-10,Grocery,962.06,WH-HYD,Tier-3
ORD104478,2025-11-16,Fashion,1151.54,WH-HYD,Tier-2
ORD104479,2025-12-24,Grocery,1477.7,WH-BLR,Metro
ORD104480,2025-07-12,Books,4316.88,WH-MUM,Metro
ORD104481,2025-09-25,Electronics,4353.43,WH-DEL,Metro
ORD104482,2025-11-06,Beauty,1252.27,WH-DEL,Remote
ORD104483,2025-04-12,Books,2940.42,WH-KOL,Tier-2
ORD104484,2025-11-26,Fashion,886.41,WH-MUM,Tier-2
ORD104485,2025-04-28,Books,1898.86,WH-BLR,Metro
ORD104486,2025-11-03,Appliances,1012.77,WH-MUM,Tier-3
ORD104487,2025-02-17,Furniture,1628.07,WH-DEL,Tier-2
ORD104488,2025-05-02,Electronics,694.01,WH-MUM,Tier-3
ORD104489,2025-08-13,Beauty,429.96,WH-MUM,Metro
ORD104490,2025-08-09,Grocery,494.23,WH-MUM,Metro
ORD104491,2025-11-22,Books,2135.51,WH-MUM,Metro
ORD104492,2025-12-30,Fashion,549.27,WH-DEL,Metro
ORD104493,2025-02-15,Fashion,1019.49,WH-BLR,Tier-2
ORD104494,2025-04-25,Beauty,2730.72,WH-HYD,Tier-3
ORD104495,2025-05-31,Grocery,3282.24,WH-DEL,Tier-2
ORD104496,2025-07-21,Electronics,611.84,WH-BLR,Tier-3
ORD104497,2025-07-27,Books,196.32,WH-BLR,Remote
ORD104498,2025-11-24,Fashion,704.26,WH-BLR,Tier-3
ORD104499,2025-11-01,Books,1572.51,WH-BLR,Tier-2
ORD104500,2025-01-08,Beauty,2291.43,WH-DEL,Tier-2
ORD104501,2025-07-11,Electronics,521.23,WH-KOL,Tier-2
ORD104502,2025-09-17,Grocery,325.92,WH-BLR,Metro
ORD104503,2025-07-13,Beauty,647.92,WH-MUM,Metro
ORD104504,2025-02-24,Beauty,884.18,WH-HYD,Metro
ORD104505,2025-06-17,Grocery,7115.96,WH-DEL,Tier-2
ORD104506,2025-06-22,Appliances,1462.45,WH-MUM,Metro
ORD104507,2025-03-20,Furniture,2250.5,WH-MUM,Tier-2
ORD104508,2025-10-29,Fashion,3229.59,WH-BLR,Tier-3
ORD104509,2025-05-16,Furniture,934.83,WH-BLR,Metro
ORD104510,2025-09-05,Fashion,1451.52,WH-KOL,Metro
ORD104511,2025-08-05,Fashion,1639.91,WH-DEL,Tier-2
ORD104512,2025-11-29,Fashion,2175.57,WH-MUM,Tier-2
ORD104513,2025-02-21,Books,1208.5,WH-KOL,Metro
ORD104514,2025-02-18,Fashion,3087.68,WH-MUM,Tier-2
ORD104515,2025-05-07,Fashion,3238.28,WH-BLR,Metro
ORD104516,2025-07-01,Electronics,1067.69,WH-KOL,Tier-2
ORD104517,2025-05-06,Electronics,2458.4,WH-DEL,Tier-2
ORD104518,2025-10-30,Beauty,1828.72,WH-HYD,Tier-2
ORD104519,2025-04-14,Fashion,11264.81,WH-BLR,Remote
ORD104520,2025-02-05,Electronics,2743.4,WH-MUM,Metro
ORD104521,2025-06-23,Beauty,1824.38,WH-KOL,Tier-2
ORD104522,2025-11-02,Electronics,849.43,WH-BLR,Metro
ORD104523,2025-11-22,Grocery,585.47,WH-KOL,Remote
ORD104524,2025-10-22,Books,2043.05,WH-HYD,Metro
ORD104525,2025-08-23,Appliances,341.51,WH-MUM,Tier-2
ORD104526,2025-10-20,Electronics,4910.56,WH-KOL,Tier-2
ORD104527,2025-10-09,Appliances,257.88,WH-KOL,Remote
ORD104528,2025-04-09,Furniture,587.96,WH-HYD,Tier-2
ORD104529,2025-08-20,Furniture,2981.0,WH-MUM,Tier-2
ORD104530,2025-11-01,Fashion,1302.02,WH-DEL,Tier-2
ORD104531,2025-05-14,Books,1550.64,WH-MUM,Tier-3
ORD104532,2025-10-02,Grocery,772.79,WH-BLR,Metro
ORD104533,2025-07-22,Appliances,1209.45,WH-KOL,Metro
ORD104534,2025-07-31,Beauty,2315.47,WH-KOL,Metro
ORD104535,2025-02-07,Books,688.28,WH-BLR,Tier-2
ORD104536,2025-10-05,Books,1086.1,WH-DEL,Tier-2
ORD104537,2025-11-26,Fashion,1345.12,WH-KOL,Remote
ORD104538,2025-03-01,Electronics,1078.54,WH-DEL,Tier-2
ORD104539,2025-06-03,Grocery,2442.26,WH-BLR,Metro
ORD104540,2025-01-21,Electronics,1934.4,WH-BLR,Tier-2
ORD104541,2025-01-13,Appliances,1231.89,WH-DEL,Tier-2
ORD104542,2025-12-29,Appliances,342.13,WH-KOL,Tier-2
ORD104543,2025-07-27,Grocery,3447.71,WH-MUM,Tier-2
ORD104544,2025-05-30,Electronics,639.7,WH-MUM,Tier-2
ORD104545,2025-04-26,Books,5546.06,WH-HYD,Remote
ORD104546,2025-12-26,Grocery,681.39,WH-HYD,Metro
ORD104547,2025-04-16,Grocery,1641.41,WH-KOL,Tier-3
ORD104548,2025-10-20,Grocery,2227.74,WH-HYD,Tier-3
ORD104549,2025-04-30,Electronics,1144.49,WH-DEL,Metro
ORD104550,2025-01-30,Appliances,1719.11,WH-KOL,Tier-3
ORD104551,2025-10-09,Electronics,1068.46,WH-DEL,Metro
ORD104552,2025-01-01,Grocery,6071.42,WH-DEL,Tier-2
ORD104553,2025-10-07,Electronics,1574.61,WH-BLR,Metro
ORD104554,2025-04-16,Fashion,1220.33,WH-MUM,Metro
ORD104555,2025-10-26,Fashion,1628.44,WH-BLR,Tier-2
ORD104556,2025-11-01,Electronics,3313.57,WH-KOL,Tier-2
ORD104557,2025-10-20,Books,1830.49,WH-BLR,Metro
ORD104558,2025-01-11,Books,1551.12,WH-MUM,Tier-2
ORD104559,2025-10-15,Electronics,425.08,WH-KOL,Tier-2
ORD104560,2025-12-29,Electronics,3375.43,WH-HYD,Metro
ORD104561,2025-04-12,Books,1772.63,WH-HYD,Tier-3
ORD104562,2025-04-26,Electronics,937.95,WH-DEL,Remote
ORD104563,2025-11-13,Grocery,1739.53,WH-BLR,Metro
ORD104564,2025-03-09,Electronics,4075.35,WH-MUM,Remote
ORD104565,2025-10-03,Grocery,2373.32,WH-HYD,Remote
ORD104566,2025-10-28,Beauty,6469.42,WH-KOL,Tier-2
ORD104567,2025-01-16,Electronics,2695.89,WH-MUM,Remote
ORD104568,2025-08-21,Beauty,286.14,WH-MUM,Tier-3
ORD104569,2025-08-30,Books,3672.95,WH-BLR,Tier-3
ORD104570,2025-05-08,Beauty,332.1,WH-DEL,Metro
ORD104571,2025-11-29,Appliances,3947.16,WH-MUM,Tier-3
ORD104572,2025-03-10,Books,2719.18,WH-BLR,Metro
ORD104573,2025-06-03,Grocery,5135.69,WH-MUM,Tier-3
ORD104574,2025-11-22,Books,1908.95,WH-DEL,Metro
ORD104575,2025-03-22,Electronics,1684.07,WH-DEL,Tier-3
ORD104576,2025-11-15,Appliances,3608.05,WH-MUM,Tier-3
ORD104577,2025-02-03,Furniture,522.46,WH-MUM,Tier-2
ORD104578,2025-07-25,Electronics,1383.33,WH-MUM,Tier-2
ORD104579,2025-02-01,Fashion,1114.31,WH-DEL,Metro
ORD104580,2025-10-08,Fashion,949.96,WH-MUM,Metro
ORD104581,2025-11-07,Fashion,848.48,WH-KOL,Remote
ORD104582,2025-11-22,Electronics,1519.96,WH-MUM,Tier-3
ORD104583,2025-12-27,Fashion,2379.49,WH-HYD,Tier-3
ORD104584,2025-10-06,Fashion,4402.13,WH-MUM,Tier-3
ORD104585,2025-11-01,Grocery,1066.53,WH-DEL,Tier-2
ORD104586,2025-08-01,Electronics,998.23,WH-DEL,Tier-2
ORD104587,2025-12-09,Fashion,140.22,WH-BLR,Metro
ORD104588,2025-09-28,Fashion,4322.59,WH-MUM,Metro
ORD104589,2025-12-01,Fashion,451.95,WH-BLR,Tier-3
ORD104590,2025-04-09,Electronics,1967.15,WH-DEL,Tier-3
ORD104591,2025-07-28,Beauty,1692.66,WH-KOL,Metro
ORD104592,2025-10-22,Fashion,2958.04,WH-DEL,Tier-2
ORD104593,2025-03-27,Fashion,662.71,WH-DEL,Tier-2
ORD104594,2025-03-30,Grocery,2120.3,WH-MUM,Tier-2
ORD104595,2025-12-26,Books,4928.51,WH-MUM,Tier-2
ORD104596,2025-07-02,Grocery,1613.26,WH-HYD,Metro
ORD104597,2025-03-18,Fashion,664.52,WH-BLR,Tier-2
ORD104598,2025-05-20,Grocery,414.16,WH-BLR,Tier-3
ORD104599,2025-06-16,Grocery,4407.9,WH-BLR,Metro
ORD104600,2025-09-19,Fashion,942.61,WH-BLR,Tier-2
ORD104601,2025-12-11,Beauty,1104.98,WH-KOL,Tier-2
ORD104602,2025-12-28,Beauty,10125.42,WH-BLR,Tier-3
ORD104603,2025-10-01,Grocery,2802.73,WH-BLR,Remote
ORD104604,2025-10-14,Electronics,3349.36,WH-BLR,Tier-2
ORD104605,2025-05-16,Grocery,4980.49,WH-BLR,Metro
ORD104606,2025-11-24,Beauty,384.53,WH-MUM,Remote
ORD104607,2025-04-02,Beauty,4572.33,WH-BLR,Metro
ORD104608,2025-02-14,Fashion,5098.55,WH-BLR,Tier-2
ORD104609,2025-12-24,Electronics,937.37,WH-BLR,Metro
ORD104610,2025-11-26,Electronics,2444.52,WH-HYD,Metro
ORD104611,2025-05-08,Books,2904.53,WH-DEL,Tier-3
ORD104612,2025-10-07,Grocery,760.32,WH-HYD,Metro
ORD104613,2025-07-16,Fashion,2783.92,WH-BLR,Tier-3
ORD104614,2025-05-16,Fashion,805.78,WH-MUM,Tier-3
ORD104615,2025-05-01,Fashion,10653.46,WH-KOL,Tier-2
ORD104616,2025-02-27,Books,1524.36,WH-BLR,Metro
ORD104617,2025-08-19,Fashion,2108.37,WH-MUM,Tier-2
ORD104618,2025-07-07,Fashion,364.29,WH-MUM,Remote
ORD104619,2025-08-04,Appliances,1838.67,WH-BLR,Metro
ORD104620,2025-04-01,Furniture,3554.57,WH-DEL,Metro
ORD104621,2025-12-15,Appliances,654.8,WH-DEL,Tier-3
ORD104622,2025-09-26,Books,882.01,WH-MUM,Tier-2
ORD104623,2025-12-05,Electronics,758.47,WH-MUM,Tier-2
ORD104624,2025-02-15,Electronics,531.99,WH-MUM,Metro
ORD104625,2025-09-19,Electronics,475.19,WH-MUM,Metro
ORD104626,2025-11-22,Appliances,3051.54,WH-HYD,Metro
ORD104627,2025-05-20,Beauty,486.6,WH-DEL,Tier-2
ORD104628,2025-03-23,Fashion,321.53,WH-MUM,Remote
ORD104629,2025-04-22,Books,875.05,WH-BLR,Tier-3
ORD104630,2025-04-25,Appliances,1394.29,WH-HYD,Tier-2
ORD104631,2025-07-07,Beauty,2130.83,WH-BLR,Tier-2
ORD104632,2025-05-17,Grocery,658.58,WH-KOL,Tier-3
ORD104633,2025-04-24,Electronics,836.65,WH-HYD,Tier-2
ORD104634,2025-09-30,Appliances,2064.69,WH-MUM,Tier-3
ORD104635,2025-01-23,Books,2761.72,WH-HYD,Tier-2
ORD104636,2025-05-24,Appliances,3622.04,WH-BLR,Metro
ORD104637,2025-10-11,Books,1965.74,WH-BLR,Tier-2
ORD104638,2025-03-15,Fashion,355.6,WH-KOL,Metro
ORD104639,2025-04-03,Appliances,665.04,WH-HYD,Tier-2
ORD104640,2025-03-26,Fashion,3652.51,WH-MUM,Tier-3
ORD104641,2025-01-01,Fashion,5522.74,WH-HYD,Tier-3
ORD104642,2025-07-19,Fashion,1248.69,WH-BLR,Metro
ORD104643,2025-01-17,Electronics,1163.82,WH-HYD,Tier-3
ORD104644,2025-04-25,Electronics,601.38,WH-KOL,Metro
ORD104645,2025-12-30,Furniture,4172.44,WH-HYD,Tier-2
ORD104646,2025-12-10,Books,574.4,WH-MUM,Metro
ORD104647,2025-04-01,Fashion,6434.16,WH-MUM,Tier-2
ORD104648,2025-05-11,Fashion,1254.73,WH-KOL,Tier-3
ORD104649,2025-07-14,Electronics,673.21,WH-MUM,Metro
ORD104650,2025-11-21,Fashion,321.67,WH-KOL,Tier-2
ORD104651,2025-11-10,Fashion,1078.83,WH-MUM,Tier-2
ORD104652,2025-02-23,Grocery,1210.76,WH-BLR,Tier-3
ORD104653,2025-02-22,Beauty,1037.91,WH-BLR,Remote
ORD104654,2025-06-25,Grocery,1344.85,WH-DEL,Tier-2
ORD104655,2025-11-27,Furniture,4058.17,WH-BLR,Metro
ORD104656,2025-12-01,Appliances,2197.47,WH-MUM,Tier-2
ORD104657,2025-02-15,Electronics,1565.3,WH-KOL,Tier-2
ORD104658,2025-08-30,Fashion,3338.74,WH-BLR,Tier-3
ORD104659,2025-03-07,Electronics,643.53,WH-DEL,Tier-3
ORD104660,2025-10-10,Fashion,2370.11,WH-MUM,Tier-3
ORD104661,2025-12-10,Books,2334.33,WH-DEL,Metro
ORD104662,2025-07-11,Grocery,4445.99,WH-MUM,Tier-2
ORD104663,2025-02-04,Grocery,447.42,WH-KOL,Remote
ORD104664,2025-09-01,Fashion,669.85,WH-MUM,Tier-2
ORD104665,2025-06-21,Fashion,700.56,WH-DEL,Tier-2
ORD104666,2025-11-12,Beauty,1963.63,WH-BLR,Tier-2
ORD104667,2025-05-24,Fashion,1602.29,WH-MUM,Metro
ORD104668,2025-11-29,Appliances,2109.5,WH-BLR,Tier-3
ORD104669,2025-04-26,Electronics,248.27,WH-DEL,Metro
ORD104670,2025-03-08,Electronics,4349.24,WH-MUM,Remote
ORD104671,2025-05-09,Fashion,1616.48,WH-HYD,Tier-2
ORD104672,2025-01-15,Beauty,2084.01,WH-MUM,Metro
ORD104673,2025-04-29,Fashion,1801.29,WH-DEL,Tier-3
ORD104674,2025-10-03,Appliances,810.57,WH-BLR,Tier-3
ORD104675,2025-03-01,Electronics,2027.22,WH-DEL,Metro
ORD104676,2025-02-16,Furniture,1423.65,WH-KOL,Metro
ORD104677,2025-02-25,Grocery,1408.61,WH-MUM,Tier-2
ORD104678,2025-02-02,Furniture,1987.34,WH-BLR,Tier-2
ORD104679,2025-11-29,Fashion,1233.96,WH-DEL,Metro
ORD104680,2025-12-17,Electronics,450.99,WH-BLR,Tier-2
ORD104681,2025-01-20,Books,1158.4,WH-MUM,Tier-2
ORD104682,2025-10-29,Grocery,4914.85,WH-BLR,Tier-3
ORD104683,2025-10-23,Fashion,860.28,WH-MUM,Tier-3
ORD104684,2025-12-31,Fashion,1444.14,WH-KOL,Metro
ORD104685,2025-05-27,Electronics,2610.98,WH-BLR,Tier-3
ORD104686,2025-04-30,Grocery,7298.7,WH-MUM,Tier-2
ORD104687,2025-07-10,Fashion,1091.61,WH-MUM,Tier-2
ORD104688,2025-11-24,Electronics,501.82,WH-MUM,Metro
ORD104689,2025-10-21,Fashion,2293.91,WH-DEL,Tier-3
ORD104690,2025-07-18,Furniture,699.37,WH-HYD,Tier-3
ORD104691,2025-04-13,Beauty,1696.38,WH-KOL,Metro
ORD104692,2025-10-21,Appliances,2175.08,WH-MUM,Metro
ORD104693,2025-11-23,Grocery,912.79,WH-BLR,Tier-2
ORD104694,2025-06-18,Appliances,1077.45,WH-MUM,Remote
ORD104695,2025-10-05,Fashion,2579.56,WH-DEL,Tier-2
ORD104696,2025-06-18,Furniture,3210.22,WH-HYD,Metro
ORD104697,2025-07-21,Electronics,1387.66,WH-HYD,Tier-3
ORD104698,2025-08-09,Electronics,1532.85,WH-HYD,Tier-2
ORD104699,2025-11-03,Furniture,545.04,WH-BLR,Tier-2
ORD104700,2025-12-26,Electronics,1472.12,WH-KOL,Metro
ORD104701,2025-07-06,Appliances,979.15,WH-KOL,Metro
ORD104702,2025-05-24,Furniture,1426.42,WH-BLR,Tier-2
ORD104703,2025-06-06,Electronics,4165.42,WH-MUM,Tier-3
ORD104704,2025-02-26,Fashion,544.07,WH-HYD,Tier-3
ORD104705,2025-05-05,Furniture,3429.88,WH-MUM,Remote
ORD104706,2025-02-06,Appliances,1565.25,WH-BLR,Tier-2
ORD104707,2025-06-29,Books,1310.87,WH-MUM,Tier-2
ORD104708,2025-03-12,Fashion,668.48,WH-DEL,Tier-2
ORD104709,2025-05-26,Books,1675.09,WH-KOL,Metro
ORD104710,2025-11-07,Fashion,7609.68,WH-HYD,Metro
ORD104711,2025-04-14,Electronics,174.5,WH-KOL,Tier-3
ORD104712,2025-09-15,Furniture,280.22,WH-MUM,Metro
ORD104713,2025-12-06,Fashion,1162.78,WH-HYD,Remote
ORD104714,2025-08-27,Electronics,1739.94,WH-BLR,Tier-3
ORD104715,2025-03-23,Fashion,2840.18,WH-DEL,Metro
ORD104716,2025-05-25,Books,1923.09,WH-KOL,Metro
ORD104717,2025-09-06,Beauty,361.84,WH-HYD,Tier-3
ORD104718,2025-08-01,Beauty,2192.7,WH-DEL,Tier-2
ORD104719,2025-03-04,Fashion,1166.73,WH-BLR,Tier-2
ORD104720,2025-07-07,Grocery,2719.63,WH-BLR,Metro
ORD104721,2025-08-17,Books,754.71,WH-DEL,Tier-3
ORD104722,2025-04-23,Fashion,393.28,WH-MUM,Tier-2
ORD104723,2025-09-15,Fashion,933.71,WH-MUM,Tier-2
ORD104724,2025-01-30,Fashion,1983.92,WH-HYD,Remote
ORD104725,2025-05-22,Grocery,1819.58,WH-BLR,Tier-3
ORD104726,2025-11-10,Furniture,1357.66,WH-MUM,Tier-2
ORD104727,2025-04-19,Fashion,821.19,WH-BLR,Tier-3
ORD104728,2025-09-12,Electronics,1205.23,WH-BLR,Remote
ORD104729,2025-06-22,Appliances,4382.64,WH-BLR,Tier-3
ORD104730,2025-05-13,Furniture,10318.73,WH-BLR,Tier-3
ORD104731,2025-12-09,Fashion,1882.7,WH-DEL,Metro
ORD104732,2025-05-25,Fashion,3041.59,WH-MUM,Tier-3
ORD104733,2025-04-10,Beauty,748.52,WH-MUM,Tier-3
ORD104734,2025-12-08,Furniture,3954.54,WH-KOL,Tier-2
ORD104735,2025-10-26,Grocery,1012.97,WH-MUM,Tier-2
ORD104736,2025-10-09,Furniture,486.18,WH-DEL,Tier-2
ORD104737,2025-01-21,Beauty,3367.16,WH-DEL,Tier-2
ORD104738,2025-02-25,Fashion,1439.02,WH-DEL,Metro
ORD104739,2025-09-26,Fashion,4084.77,WH-MUM,Tier-2
ORD104740,2025-03-30,Fashion,2594.35,WH-KOL,Metro
ORD104741,2025-04-05,Books,475.84,WH-MUM,Tier-2
ORD104742,2025-11-03,Electronics,1552.6,WH-DEL,Remote
ORD104743,2025-05-01,Fashion,653.64,WH-DEL,Metro
ORD104744,2025-01-31,Fashion,3681.34,WH-HYD,Remote
ORD104745,2025-01-16,Furniture,1435.06,WH-DEL,Tier-2
ORD104746,2025-07-06,Furniture,791.07,WH-MUM,Remote
ORD104747,2025-09-17,Fashion,263.97,WH-MUM,Metro
ORD104748,2025-11-27,Fashion,3404.85,WH-HYD,Metro
ORD104749,2025-02-16,Appliances,1018.29,WH-MUM,Tier-2
ORD104750,2025-03-24,Electronics,1086.32,WH-KOL,Tier-2
ORD104751,2025-08-11,Appliances,1972.48,WH-HYD,Tier-3
ORD104752,2025-06-02,Fashion,660.14,WH-BLR,Tier-2
ORD104753,2025-07-22,Beauty,397.61,WH-MUM,Tier-2
ORD104754,2025-12-12,Fashion,1563.08,WH-KOL,Remote
ORD104755,2025-08-17,Furniture,635.98,WH-MUM,Metro
ORD104756,2025-06-24,Electronics,1259.6,WH-MUM,Metro
ORD104757,2025-12-29,Fashion,670.28,WH-BLR,Tier-3
ORD104758,2025-01-28,Appliances,451.52,WH-BLR,Metro
ORD104759,2025-12-14,Grocery,360.28,WH-MUM,Tier-2
ORD104760,2025-07-30,Appliances,1452.15,WH-HYD,Tier-2
ORD104761,2025-07-31,Grocery,3220.21,WH-DEL,Metro
ORD104762,2025-12-11,Grocery,2928.88,WH-BLR,Metro
ORD104763,2025-08-02,Books,1366.33,WH-DEL,Metro
ORD104764,2025-07-04,Fashion,4187.28,WH-MUM,Metro
ORD104765,2025-04-25,Books,872.6,WH-DEL,Metro
ORD104766,2025-10-03,Fashion,2578.75,WH-MUM,Metro
ORD104767,2025-08-28,Fashion,903.54,WH-KOL,Tier-3
ORD104768,2025-04-01,Appliances,749.4,WH-HYD,Tier-3
ORD104769,2025-10-16,Electronics,2559.84,WH-DEL,Metro
ORD104770,2025-09-28,Electronics,1893.36,WH-DEL,Tier-2
ORD104771,2025-06-16,Electronics,2216.42,WH-DEL,Tier-2
ORD104772,2025-01-02,Grocery,407.15,WH-MUM,Metro
ORD104773,2025-07-07,Furniture,3050.93,WH-HYD,Metro
ORD104774,2025-01-03,Electronics,2302.45,WH-KOL,Tier-2
ORD104775,2025-02-01,Electronics,970.43,WH-KOL,Metro
ORD104776,2025-06-30,Fashion,2135.33,WH-DEL,Tier-3
ORD104777,2025-02-04,Fashion,3219.4,WH-DEL,Tier-3
ORD104778,2025-04-26,Electronics,743.42,WH-MUM,Tier-3
ORD104779,2025-10-02,Electronics,747.32,WH-BLR,Tier-3
ORD104780,2025-05-10,Books,1063.37,WH-DEL,Metro
ORD104781,2025-12-31,Appliances,226.53,WH-KOL,Tier-2
ORD104782,2025-12-10,Fashion,1744.25,WH-HYD,Metro
ORD104783,2025-09-03,Fashion,2775.72,WH-KOL,Tier-2
ORD104784,2025-12-23,Electronics,2113.4,WH-MUM,Metro
ORD104785,2025-11-27,Fashion,1965.3,WH-DEL,Metro
ORD104786,2025-05-15,Fashion,3037.5,WH-DEL,Tier-3
ORD104787,2025-10-27,Beauty,1236.22,WH-DEL,Metro
ORD104788,2025-02-27,Appliances,380.95,WH-BLR,Metro
ORD104789,2025-10-10,Grocery,1485.56,WH-DEL,Tier-3
ORD104790,2025-07-26,Electronics,3793.78,WH-MUM,Metro
ORD104791,2025-01-08,Furniture,1788.24,WH-DEL,Metro
ORD104792,2025-04-26,Beauty,994.72,WH-KOL,Metro
ORD104793,2025-12-20,Electronics,2508.21,WH-HYD,Tier-2
ORD104794,2025-05-13,Books,1824.2,WH-MUM,Tier-3
ORD104795,2025-03-18,Electronics,1127.06,WH-MUM,Tier-3
ORD104796,2025-03-20,Appliances,1473.3,WH-DEL,Tier-3
ORD104797,2025-07-21,Electronics,1039.09,WH-HYD,Tier-2
ORD104798,2025-11-20,Furniture,2190.46,WH-BLR,Tier-3
ORD104799,2025-10-29,Fashion,652.02,WH-DEL,Tier-3
ORD104800,2025-07-03,Grocery,1744.04,WH-HYD,Tier-3
ORD104801,2025-03-29,Furniture,2684.94,WH-BLR,Metro
ORD104802,2025-01-20,Furniture,1620.25,WH-HYD,Tier-2
ORD104803,2025-07-14,Appliances,1635.03,WH-KOL,Metro
ORD104804,2025-11-13,Electronics,1416.6,WH-HYD,Tier-2
ORD104805,2025-10-22,Appliances,2054.28,WH-KOL,Tier-3
ORD104806,2025-06-21,Electronics,1004.84,WH-HYD,Tier-3
ORD104807,2025-09-07,Furniture,1206.61,WH-DEL,Tier-3
ORD104808,2025-07-03,Electronics,651.45,WH-MUM,Metro
ORD104809,2025-09-01,Grocery,1079.3,WH-BLR,Metro
ORD104810,2025-08-06,Fashion,269.44,WH-BLR,Remote
ORD104811,2025-10-09,Beauty,1370.36,WH-DEL,Metro
ORD104812,2025-08-02,Furniture,2192.52,WH-MUM,Metro
ORD104813,2025-12-16,Electronics,1269.53,WH-MUM,Metro
ORD104814,2025-06-29,Appliances,2798.85,WH-HYD,Tier-3
ORD104815,2025-01-07,Electronics,3898.31,WH-BLR,Tier-2
ORD104816,2025-04-10,Fashion,1322.32,WH-MUM,Metro
ORD104817,2025-07-30,Fashion,603.54,WH-DEL,Tier-2
ORD104818,2025-08-16,Appliances,3207.26,WH-BLR,Tier-3
ORD104819,2025-08-21,Beauty,2728.14,WH-DEL,Tier-2
ORD104820,2025-10-18,Beauty,1918.23,WH-BLR,Metro
ORD104821,2025-04-26,Electronics,880.45,WH-HYD,Metro
ORD104822,2025-10-04,Electronics,1812.3,WH-DEL,Tier-2
ORD104823,2025-10-15,Books,1044.04,WH-DEL,Metro
ORD104824,2025-06-22,Fashion,744.75,WH-BLR,Metro
ORD104825,2025-06-18,Grocery,1785.27,WH-HYD,Tier-3
ORD104826,2025-03-17,Beauty,614.9,WH-MUM,Remote
ORD104827,2025-06-23,Electronics,2452.1,WH-DEL,Metro
ORD104828,2025-11-06,Fashion,1677.82,WH-BLR,Tier-2
ORD104829,2025-12-08,Books,1225.15,WH-BLR,Tier-2
ORD104830,2025-09-07,Furniture,1295.6,WH-BLR,Tier-2
ORD104831,2025-05-06,Beauty,567.63,WH-BLR,Tier-2
ORD104832,2025-10-09,Furniture,595.54,WH-BLR,Tier-2
ORD104833,2025-10-24,Fashion,5357.59,WH-BLR,Tier-2
ORD104834,2025-05-20,Books,1187.11,WH-KOL,Metro
ORD104835,2025-11-16,Appliances,428.73,WH-DEL,Tier-3
ORD104836,2025-01-31,Beauty,2792.85,WH-DEL,Tier-2
ORD104837,2025-01-05,Grocery,590.24,WH-MUM,Metro
ORD104838,2025-02-21,Grocery,2124.49,WH-BLR,Metro
ORD104839,2025-03-07,Fashion,4356.17,WH-KOL,Metro
ORD104840,2025-11-30,Fashion,1125.88,WH-BLR,Metro
ORD104841,2025-06-28,Beauty,3381.92,WH-HYD,Metro
ORD104842,2025-04-26,Beauty,2409.25,WH-DEL,Tier-2
ORD104843,2025-06-30,Grocery,4715.58,WH-MUM,Tier-2
ORD104844,2025-06-15,Beauty,2133.41,WH-HYD,Tier-2
ORD104845,2025-05-07,Fashion,877.5,WH-HYD,Metro
ORD104846,2025-02-27,Books,253.06,WH-KOL,Tier-3
ORD104847,2025-10-02,Furniture,710.77,WH-DEL,Tier-3
ORD104848,2025-02-27,Appliances,896.25,WH-BLR,Tier-2
ORD104849,2025-11-03,Appliances,2963.52,WH-DEL,Tier-2
ORD104850,2025-03-26,Furniture,3538.05,WH-BLR,Tier-3
ORD104851,2025-10-22,Books,557.34,WH-MUM,Tier-2
ORD104852,2025-11-10,Fashion,3562.92,WH-DEL,Tier-2
ORD104853,2025-02-22,Books,721.46,WH-MUM,Tier-3
ORD104854,2025-02-06,Electronics,687.67,WH-HYD,Metro
ORD104855,2025-12-18,Electronics,442.8,WH-KOL,Metro
ORD104856,2025-07-14,Appliances,1754.97,WH-BLR,Tier-3
ORD104857,2025-09-22,Appliances,838.36,WH-BLR,Tier-2
ORD104858,2025-01-10,Beauty,3829.21,WH-MUM,Tier-2
ORD104859,2025-04-28,Fashion,647.75,WH-BLR,Metro
ORD104860,2025-08-01,Electronics,2406.11,WH-BLR,Remote
ORD104861,2025-12-02,Grocery,507.82,WH-KOL,Tier-3
ORD104862,2025-04-25,Books,3057.96,WH-BLR,Metro
ORD104863,2025-11-02,Beauty,1471.0,WH-MUM,Metro
ORD104864,2025-10-04,Books,1693.19,WH-MUM,Tier-2
ORD104865,2025-02-18,Grocery,1005.53,WH-BLR,Metro
ORD104866,2025-05-04,Books,960.98,WH-HYD,Tier-2
ORD104867,2025-04-10,Fashion,1993.04,WH-HYD,Remote
ORD104868,2025-07-05,Beauty,5691.94,WH-MUM,Tier-3
ORD104869,2025-09-24,Grocery,578.4,WH-BLR,Remote
ORD104870,2025-07-02,Fashion,1019.93,WH-KOL,Metro
ORD104871,2025-04-13,Grocery,820.5,WH-DEL,Metro
ORD104872,2025-10-13,Books,399.65,WH-DEL,Remote
ORD104873,2025-09-03,Fashion,395.65,WH-MUM,Tier-3
ORD104874,2025-08-07,Electronics,745.45,WH-DEL,Tier-2
ORD104875,2025-08-21,Appliances,975.8,WH-MUM,Metro
ORD104876,2025-04-04,Beauty,4158.35,WH-MUM,Tier-3
ORD104877,2025-10-09,Furniture,2955.58,WH-DEL,Metro
ORD104878,2025-06-12,Electronics,694.83,WH-MUM,Remote
ORD104879,2025-06-02,Furniture,2485.61,WH-DEL,Tier-2
ORD104880,2025-03-04,Electronics,706.64,WH-HYD,Metro
ORD104881,2025-09-08,Fashion,1248.55,WH-HYD,Metro
ORD104882,2025-09-11,Electronics,1735.46,WH-DEL,Metro
ORD104883,2025-05-23,Grocery,7244.54,WH-BLR,Tier-3
ORD104884,2025-11-25,Fashion,1660.79,WH-DEL,Metro
ORD104885,2025-11-21,Electronics,410.59,WH-HYD,Tier-2
ORD104886,2025-02-15,Fashion,2429.3,WH-BLR,Metro
ORD104887,2025-10-12,Furniture,3326.76,WH-KOL,Tier-2
ORD104888,2025-06-15,Fashion,2726.77,WH-KOL,Tier-2
ORD104889,2025-12-31,Electronics,604.63,WH-DEL,Metro
ORD104890,2025-04-05,Grocery,1479.51,WH-BLR,Metro
ORD104891,2025-04-28,Appliances,1320.36,WH-DEL,Metro
ORD104892,2025-07-05,Books,5517.13,WH-MUM,Remote
ORD104893,2025-04-23,Grocery,2193.81,WH-MUM,Tier-2
ORD104894,2025-10-12,Appliances,5288.93,WH-BLR,Metro
ORD104895,2025-07-22,Books,759.39,WH-HYD,Tier-2
ORD104896,2025-04-03,Furniture,1126.22,WH-DEL,Metro
ORD104897,2025-08-01,Grocery,871.27,WH-MUM,Tier-3
ORD104898,2025-12-02,Electronics,2930.6,WH-MUM,Metro
ORD104899,2025-11-07,Fashion,3333.14,WH-MUM,Remote
ORD104900,2025-07-29,Fashion,1831.04,WH-MUM,Tier-2
ORD104901,2025-05-02,Fashion,1444.93,WH-MUM,Tier-2
ORD104902,2025-03-17,Beauty,1871.05,WH-BLR,Metro
ORD104903,2025-11-30,Fashion,443.17,WH-MUM,Metro
ORD104904,2025-10-16,Grocery,963.93,WH-BLR,Metro
ORD104905,2025-08-29,Beauty,1027.95,WH-HYD,Tier-3
ORD104906,2025-11-30,Furniture,1324.94,WH-DEL,Remote
ORD104907,2025-02-21,Fashion,795.04,WH-HYD,Metro
ORD104908,2025-10-09,Beauty,678.95,WH-MUM,Remote
ORD104909,2025-04-02,Fashion,373.01,WH-BLR,Tier-2
ORD104910,2025-02-20,Electronics,1892.52,WH-MUM,Tier-3
ORD104911,2025-07-15,Fashion,447.03,WH-BLR,Remote
ORD104912,2025-06-12,Fashion,2979.68,WH-MUM,Remote
ORD104913,2025-12-16,Books,1735.67,WH-HYD,Tier-2
ORD104914,2025-05-17,Fashion,2722.06,WH-BLR,Tier-2
ORD104915,2025-11-13,Books,656.28,WH-MUM,Tier-2
ORD104916,2025-10-27,Electronics,5949.31,WH-BLR,Metro
ORD104917,2025-10-05,Beauty,7909.04,WH-MUM,Metro
ORD104918,2025-12-11,Electronics,1372.02,WH-DEL,Tier-3
ORD104919,2025-06-21,Beauty,1834.89,WH-BLR,Metro
ORD104920,2025-06-13,Electronics,1325.79,WH-BLR,Tier-2
ORD104921,2025-03-09,Books,2998.48,WH-HYD,Metro
ORD104922,2025-04-26,Books,2525.34,WH-MUM,Tier-2
ORD104923,2025-11-30,Grocery,323.66,WH-MUM,Metro
ORD104924,2025-07-19,Electronics,691.38,WH-DEL,Remote
ORD104925,2025-05-24,Furniture,1833.9,WH-BLR,Tier-3
ORD104926,2025-04-01,Furniture,2487.35,WH-HYD,Metro
ORD104927,2025-07-23,Grocery,1509.43,WH-HYD,Metro
ORD104928,2025-10-18,Furniture,344.69,WH-MUM,Metro
ORD104929,2025-05-01,Beauty,2090.72,WH-MUM,Metro
ORD104930,2025-10-29,Beauty,5766.82,WH-MUM,Tier-2
ORD104931,2025-09-22,Grocery,213.39,WH-HYD,Metro
ORD104932,2025-11-06,Electronics,2839.65,WH-BLR,Tier-2
ORD104933,2025-04-16,Electronics,5800.36,WH-DEL,Metro
ORD104934,2025-09-23,Appliances,2849.34,WH-MUM,Metro
ORD104935,2025-03-06,Beauty,1255.68,WH-HYD,Remote
ORD104936,2025-06-02,Fashion,2744.9,WH-KOL,Tier-3
ORD104937,2025-10-20,Electronics,1249.76,WH-MUM,Metro
ORD104938,2025-09-23,Fashion,2066.53,WH-MUM,Tier-2
ORD104939,2025-03-20,Fashion,1431.76,WH-DEL,Metro
ORD104940,2025-11-24,Beauty,1464.16,WH-DEL,Tier-3
ORD104941,2025-01-23,Appliances,728.15,WH-BLR,Tier-3
ORD104942,2025-09-08,Electronics,924.58,WH-DEL,Tier-2
ORD104943,2025-12-27,Fashion,4913.63,WH-HYD,Tier-2
ORD104944,2025-08-12,Electronics,815.78,WH-KOL,Tier-3
ORD104945,2025-11-09,Furniture,280.17,WH-HYD,Metro
ORD104946,2025-09-08,Furniture,22299.39,WH-DEL,Tier-3
ORD104947,2025-11-05,Electronics,944.59,WH-BLR,Metro
ORD104948,2025-10-02,Fashion,1080.5,WH-BLR,Metro
ORD104949,2025-10-11,Beauty,971.02,WH-DEL,Tier-2
ORD104950,2025-04-06,Books,1356.61,WH-DEL,Metro
ORD104951,2025-10-25,Grocery,729.74,WH-HYD,Metro
ORD104952,2025-04-10,Grocery,4409.66,WH-MUM,Metro
ORD104953,2025-12-26,Beauty,1141.77,WH-BLR,Remote
ORD104954,2025-04-06,Appliances,580.31,WH-BLR,Metro
ORD104955,2025-04-10,Beauty,134.96,WH-MUM,Tier-2
ORD104956,2025-11-24,Electronics,3216.02,WH-MUM,Metro
ORD104957,2025-04-13,Fashion,941.47,WH-BLR,Remote
ORD104958,2025-06-01,Electronics,1809.05,WH-BLR,Metro
ORD104959,2025-10-18,Books,637.02,WH-MUM,Tier-2
ORD104960,2025-03-08,Appliances,1443.81,WH-MUM,Tier-2
ORD104961,2025-03-08,Electronics,1310.52,WH-KOL,Tier-2
ORD104962,2025-07-24,Beauty,2798.12,WH-HYD,Tier-3
ORD104963,2025-04-13,Beauty,1529.1,WH-BLR,Metro
ORD104964,2025-04-10,Fashion,545.48,WH-HYD,Metro
ORD104965,2025-01-04,Furniture,9153.94,WH-MUM,Metro
ORD104966,2025-06-05,Furniture,1896.29,WH-KOL,Tier-2
ORD104967,2025-05-14,Electronics,628.98,WH-DEL,Tier-3
ORD104968,2025-01-14,Appliances,1558.21,WH-BLR,Metro
ORD104969,2025-09-19,Fashion,1831.46,WH-BLR,Tier-3
ORD104970,2025-09-21,Beauty,1972.94,WH-KOL,Metro
ORD104971,2025-01-30,Books,1791.18,WH-KOL,Metro
ORD104972,2025-05-14,Beauty,1629.91,WH-MUM,Tier-3
ORD104973,2025-11-28,Appliances,2791.0,WH-DEL,Tier-3
ORD104974,2025-09-02,Electronics,2397.77,WH-DEL,Metro
ORD104975,2025-06-23,Fashion,2433.7,WH-HYD,Remote
ORD104976,2025-07-15,Appliances,323.36,WH-MUM,Metro
ORD104977,2025-03-29,Fashion,334.47,WH-BLR,Tier-3
ORD104978,2025-11-12,Appliances,710.13,WH-MUM,Metro
ORD104979,2025-12-09,Fashion,1098.0,WH-DEL,Metro
ORD104980,2025-12-08,Electronics,729.27,WH-MUM,Tier-3
ORD104981,2025-04-05,Grocery,594.28,WH-HYD,Metro
ORD104982,2025-05-11,Appliances,1621.49,WH-KOL,Tier-2
ORD104983,2025-03-09,Grocery,666.31,WH-MUM,Tier-3
ORD104984,2025-05-10,Furniture,195.81,WH-KOL,Metro
ORD104985,2025-05-20,Fashion,451.88,WH-DEL,Tier-3
ORD104986,2025-09-24,Appliances,822.38,WH-DEL,Tier-2
ORD104987,2025-03-21,Furniture,1089.41,WH-BLR,Metro
ORD104988,2025-12-10,Grocery,2748.89,WH-MUM,Metro
ORD104989,2025-02-13,Fashion,1896.25,WH-KOL,Metro
ORD104990,2025-01-03,Grocery,269.3,WH-DEL,Tier-2
ORD104991,2025-11-23,Electronics,4281.51,WH-DEL,Metro
ORD104992,2025-10-15,Furniture,1142.01,WH-BLR,Tier-3
ORD104993,2025-05-30,Fashion,1415.63,WH-MUM,Tier-2
ORD104994,2025-09-08,Books,1475.84,WH-MUM,Metro
ORD104995,2025-04-04,Books,677.12,WH-DEL,Tier-3
ORD104996,2025-03-12,Grocery,2102.19,WH-HYD,Tier-2
ORD104997,2025-07-17,Books,281.85,WH-MUM,Remote
ORD104998,2025-05-29,Furniture,3913.1,WH-MUM,Tier-2
ORD104999,2025-09-16,Electronics,1556.23,WH-MUM,Remote
ORD105000,2025-04-02,Appliances,1791.11,WH-BLR,Tier-3
ORD105001,2025-10-04,Beauty,2041.2,WH-BLR,Tier-2
ORD105002,2025-10-31,Electronics,940.9,WH-MUM,Tier-2
ORD105003,2025-03-12,Fashion,3703.09,WH-HYD,Metro
ORD105004,2025-01-19,Grocery,749.82,WH-MUM,Tier-2
ORD105005,2025-07-04,Fashion,601.56,WH-HYD,Tier-2
ORD105006,2025-11-02,Furniture,1509.01,WH-KOL,Tier-2
ORD105007,2025-10-01,Grocery,444.87,WH-BLR,Metro
ORD105008,2025-10-14,Books,851.47,WH-DEL,Tier-3
ORD105009,2025-06-19,Electronics,1650.14,WH-BLR,Metro
ORD105010,2025-04-09,Fashion,2411.59,WH-BLR,Tier-3
ORD105011,2025-08-12,Books,1299.93,WH-MUM,Remote
ORD105012,2025-03-27,Fashion,649.75,WH-BLR,Metro
ORD105013,2025-10-21,Grocery,1022.74,WH-DEL,Tier-2
ORD105014,2025-03-24,Electronics,784.9,WH-DEL,Tier-2
ORD105015,2025-05-03,Fashion,1238.78,WH-DEL,Remote
ORD105016,2025-08-01,Grocery,815.5,WH-DEL,Tier-3
ORD105017,2025-07-24,Fashion,612.87,WH-HYD,Tier-2
ORD105018,2025-09-10,Appliances,554.77,WH-HYD,Remote
ORD105019,2025-07-03,Furniture,307.76,WH-KOL,Metro
ORD105020,2025-12-10,Books,3181.21,WH-DEL,Metro
ORD105021,2025-11-19,Books,2374.71,WH-MUM,Tier-2
ORD105022,2025-11-30,Fashion,501.29,WH-DEL,Tier-3
ORD105023,2025-09-22,Electronics,2254.34,WH-MUM,Metro
ORD105024,2025-09-24,Books,1385.62,WH-BLR,Tier-3
ORD105025,2025-09-13,Fashion,476.48,WH-HYD,Metro
ORD105026,2025-07-02,Fashion,578.01,WH-KOL,Metro
ORD105027,2025-05-16,Electronics,1188.87,WH-KOL,Remote
ORD105028,2025-09-06,Appliances,2423.45,WH-MUM,Tier-2
ORD105029,2025-01-11,Fashion,2154.49,WH-BLR,Tier-2
ORD105030,2025-01-04,Electronics,870.49,WH-BLR,Tier-3
ORD105031,2025-11-23,Grocery,1934.15,WH-HYD,Tier-2
ORD105032,2025-01-20,Appliances,1175.98,WH-DEL,Metro
ORD105033,2025-08-09,Fashion,744.02,WH-HYD,Tier-2
ORD105034,2025-09-16,Appliances,2888.33,WH-KOL,Remote
ORD105035,2025-03-25,Grocery,1517.17,WH-BLR,Metro
ORD105036,2025-12-04,Fashion,2015.6,WH-MUM,Metro
ORD105037,2025-03-21,Fashion,556.58,WH-HYD,Tier-3
ORD105038,2025-12-01,Electronics,883.84,WH-MUM,Tier-2
ORD105039,2025-10-30,Fashion,2581.48,WH-DEL,Metro
ORD105040,2025-04-12,Books,1070.03,WH-MUM,Tier-2
ORD105041,2025-03-05,Electronics,1120.67,WH-DEL,Remote
ORD105042,2025-05-13,Beauty,573.13,WH-KOL,Metro
ORD105043,2025-06-17,Electronics,1567.9,WH-BLR,Metro
ORD105044,2025-04-14,Fashion,564.91,WH-MUM,Tier-2
ORD105045,2025-12-31,Furniture,1794.75,WH-KOL,Tier-2
ORD105046,2025-04-07,Books,605.29,WH-MUM,Metro
ORD105047,2025-11-17,Electronics,1132.84,WH-HYD,Tier-2
ORD105048,2025-03-08,Electronics,4722.14,WH-KOL,Tier-2
ORD105049,2025-12-26,Furniture,1794.75,WH-MUM,Tier-2
ORD105050,2025-04-05,Fashion,1015.19,WH-BLR,Tier-2
ORD105051,2025-06-27,Furniture,2658.35,WH-BLR,Metro
ORD105052,2025-08-23,Books,750.85,WH-BLR,Metro
ORD105053,2025-02-20,Electronics,608.52,WH-MUM,Tier-3
ORD105054,2025-11-13,Books,1000.49,WH-BLR,Tier-2
ORD105055,2025-04-26,Electronics,3225.81,WH-MUM,Metro
ORD105056,2025-08-19,Books,3084.03,WH-HYD,Tier-2
ORD105057,2025-08-19,Beauty,900.25,WH-MUM,Metro
ORD105058,2025-09-11,Furniture,1067.26,WH-MUM,Tier-3
ORD105059,2025-01-24,Beauty,1874.79,WH-BLR,Tier-3
ORD105060,2025-03-12,Books,9344.46,WH-DEL,Metro
ORD105061,2025-03-09,Electronics,1107.57,WH-MUM,Metro
ORD105062,2025-05-07,Electronics,4048.19,WH-BLR,Metro
ORD105063,2025-03-02,Electronics,1635.29,WH-KOL,Metro
ORD105064,2025-12-11,Grocery,2650.79,WH-HYD,Tier-2
ORD105065,2025-08-04,Furniture,3013.49,WH-DEL,Metro
ORD105066,2025-09-20,Grocery,1541.91,WH-HYD,Tier-2
ORD105067,2025-05-31,Furniture,1309.41,WH-MUM,Tier-2
ORD105068,2025-04-27,Fashion,1134.84,WH-MUM,Metro
ORD105069,2025-07-31,Electronics,1773.14,WH-MUM,Metro
ORD105070,2025-05-04,Fashion,3464.28,WH-HYD,Metro
ORD105071,2025-05-25,Beauty,3859.07,WH-KOL,Tier-2
ORD105072,2025-07-10,Fashion,3527.87,WH-DEL,Tier-2
ORD105073,2025-08-01,Fashion,922.65,WH-MUM,Metro
ORD105074,2025-12-27,Electronics,850.19,WH-DEL,Metro
ORD105075,2025-04-04,Beauty,690.58,WH-DEL,Remote
ORD105076,2025-07-25,Fashion,1515.08,WH-MUM,Tier-2
ORD105077,2025-03-04,Furniture,2825.18,WH-MUM,Tier-2
ORD105078,2025-05-28,Electronics,852.33,WH-BLR,Metro
ORD105079,2025-10-18,Electronics,1157.03,WH-MUM,Metro
ORD105080,2025-03-15,Appliances,2246.96,WH-HYD,Tier-3
ORD105081,2025-09-02,Furniture,1035.95,WH-MUM,Tier-2
ORD105082,2025-06-25,Appliances,1150.23,WH-DEL,Metro
ORD105083,2025-01-22,Fashion,3266.5,WH-MUM,Metro
ORD105084,2025-12-14,Beauty,1365.06,WH-BLR,Tier-2
ORD105085,2025-06-23,Grocery,752.79,WH-HYD,Metro
ORD105086,2025-11-05,Beauty,1446.76,WH-DEL,Remote
ORD105087,2025-06-24,Electronics,1894.43,WH-HYD,Tier-2
ORD105088,2025-12-15,Fashion,9933.08,WH-DEL,Tier-3
ORD105089,2025-05-03,Fashion,4515.47,WH-HYD,Metro
ORD105090,2025-06-23,Appliances,17221.05,WH-BLR,Tier-2
ORD105091,2025-10-29,Appliances,571.19,WH-DEL,Metro
ORD105092,2025-05-25,Grocery,4076.45,WH-MUM,Remote
ORD105093,2025-06-03,Electronics,4639.36,WH-HYD,Tier-2
ORD105094,2025-12-30,Electronics,1372.5,WH-DEL,Tier-2
ORD105095,2025-08-22,Electronics,978.55,WH-BLR,Metro
ORD105096,2025-10-11,Books,2415.88,WH-DEL,Tier-2
ORD105097,2025-09-28,Fashion,1032.05,WH-HYD,Tier-2
ORD105098,2025-11-16,Electronics,536.39,WH-MUM,Metro
ORD105099,2025-11-25,Fashion,431.05,WH-DEL,Tier-3
ORD105100,2025-08-25,Electronics,404.48,WH-HYD,Tier-2
ORD105101,2025-05-04,Beauty,1614.02,WH-BLR,Tier-2
ORD105102,2025-01-10,Fashion,2291.6,WH-DEL,Metro
ORD105103,2025-09-16,Beauty,614.19,WH-KOL,Tier-2
ORD105104,2025-11-16,Appliances,1972.23,WH-BLR,Metro
ORD105105,2025-07-09,Grocery,1961.14,WH-MUM,Tier-2
ORD105106,2025-03-11,Grocery,1767.62,WH-DEL,Tier-3
ORD105107,2025-05-02,Appliances,2307.52,WH-DEL,Metro
ORD105108,2025-08-03,Appliances,1591.51,WH-HYD,Tier-3
ORD105109,2025-11-19,Electronics,3890.53,WH-DEL,Tier-3
ORD105110,2025-03-14,Beauty,2206.16,WH-DEL,Metro
ORD105111,2025-09-15,Fashion,490.95,WH-MUM,Metro
ORD105112,2025-10-28,Fashion,5837.34,WH-BLR,Tier-3
ORD105113,2025-12-15,Fashion,621.03,WH-DEL,Remote
ORD105114,2025-02-19,Appliances,1322.19,WH-BLR,Metro
ORD105115,2025-12-12,Fashion,10318.55,WH-KOL,Remote
ORD105116,2025-09-10,Fashion,1981.82,WH-BLR,Metro
ORD105117,2025-10-31,Electronics,693.65,WH-BLR,Metro
ORD105118,2025-01-23,Fashion,1753.58,WH-HYD,Tier-3
ORD105119,2025-08-01,Electronics,2034.25,WH-BLR,Metro
ORD105120,2025-09-19,Books,1573.3,WH-MUM,Tier-3
ORD105121,2025-05-09,Fashion,893.0,WH-KOL,Metro
ORD105122,2025-07-01,Beauty,481.13,WH-HYD,Metro
ORD105123,2025-08-21,Appliances,527.57,WH-BLR,Remote
ORD105124,2025-08-21,Appliances,718.05,WH-MUM,Metro
ORD105125,2025-01-18,Beauty,3774.18,WH-DEL,Tier-3
ORD105126,2025-07-04,Fashion,505.15,WH-MUM,Remote
ORD105127,2025-03-31,Grocery,1517.16,WH-BLR,Tier-3
ORD105128,2025-12-10,Electronics,4099.69,WH-BLR,Remote
ORD105129,2025-12-25,Electronics,2254.34,WH-HYD,Remote
ORD105130,2025-05-06,Fashion,4176.01,WH-MUM,Metro
ORD105131,2025-03-15,Appliances,837.92,WH-HYD,Tier-2
ORD105132,2025-04-03,Books,2213.91,WH-BLR,Tier-2
ORD105133,2025-07-20,Fashion,3363.46,WH-DEL,Tier-2
ORD105134,2025-11-29,Appliances,2843.92,WH-DEL,Tier-3
ORD105135,2025-07-30,Fashion,2729.64,WH-MUM,Metro
ORD105136,2025-01-24,Electronics,515.07,WH-DEL,Tier-3
ORD105137,2025-01-17,Electronics,2283.92,WH-BLR,Tier-2
ORD105138,2025-04-06,Grocery,1978.72,WH-HYD,Tier-2
ORD105139,2025-11-20,Grocery,1187.66,WH-HYD,Tier-2
ORD105140,2025-09-19,Fashion,825.56,WH-MUM,Metro
ORD105141,2025-08-25,Electronics,1920.53,WH-DEL,Tier-2
ORD105142,2025-05-15,Grocery,607.97,WH-KOL,Tier-2
ORD105143,2025-12-13,Books,948.57,WH-MUM,Tier-3
ORD105144,2025-05-20,Electronics,2846.12,WH-MUM,Tier-3
ORD105145,2025-11-18,Appliances,3082.83,WH-HYD,Tier-3
ORD105146,2025-12-04,Furniture,1969.77,WH-BLR,Tier-3
ORD105147,2025-07-23,Grocery,927.2,WH-DEL,Remote
ORD105148,2025-12-04,Electronics,550.47,WH-BLR,Metro
ORD105149,2025-04-27,Beauty,717.99,WH-DEL,Tier-2
ORD105150,2025-10-03,Grocery,3746.16,WH-MUM,Metro
ORD105151,2025-02-06,Fashion,1564.99,WH-BLR,Tier-2
ORD105152,2025-07-19,Books,1234.55,WH-KOL,Tier-3
ORD105153,2025-04-02,Books,1526.56,WH-DEL,Tier-3
ORD105154,2025-01-27,Appliances,2316.12,WH-MUM,Tier-2
ORD105155,2025-01-02,Books,589.18,WH-DEL,Tier-2
ORD105156,2025-05-17,Electronics,907.7,WH-MUM,Metro
ORD105157,2025-09-05,Appliances,2245.88,WH-BLR,Remote
ORD105158,2025-07-11,Fashion,1622.66,WH-DEL,Metro
ORD105159,2025-05-07,Books,3245.06,WH-KOL,Metro
ORD105160,2025-12-29,Fashion,2447.25,WH-BLR,Metro
ORD105161,2025-12-16,Electronics,722.23,WH-HYD,Remote
ORD105162,2025-02-22,Fashion,92.76,WH-DEL,Tier-2
ORD105163,2025-06-24,Appliances,1577.23,WH-BLR,Tier-2
ORD105164,2025-09-30,Grocery,580.43,WH-HYD,Metro
ORD105165,2025-10-23,Appliances,2010.38,WH-MUM,Metro
ORD105166,2025-06-03,Electronics,4780.93,WH-HYD,Metro
ORD105167,2025-10-26,Electronics,587.74,WH-DEL,Metro
ORD105168,2025-02-22,Grocery,2246.58,WH-BLR,Tier-2
ORD105169,2025-05-20,Fashion,2687.03,WH-BLR,Metro
ORD105170,2025-10-18,Appliances,1766.18,WH-MUM,Tier-2
ORD105171,2025-09-20,Beauty,1741.16,WH-MUM,Tier-2
ORD105172,2025-11-19,Furniture,254.39,WH-KOL,Tier-2
ORD105173,2025-01-20,Fashion,1411.53,WH-HYD,Tier-3
ORD105174,2025-03-15,Grocery,1330.17,WH-HYD,Metro
ORD105175,2025-01-21,Beauty,3101.94,WH-DEL,Tier-2
ORD105176,2025-03-22,Furniture,2886.95,WH-BLR,Metro
ORD105177,2025-01-02,Books,890.45,WH-HYD,Remote
ORD105178,2025-07-31,Fashion,292.96,WH-BLR,Remote
ORD105179,2025-08-10,Appliances,373.6,WH-BLR,Metro
ORD105180,2025-10-03,Electronics,4133.89,WH-MUM,Metro
ORD105181,2025-06-11,Appliances,1259.12,WH-KOL,Metro
ORD105182,2025-01-02,Books,421.02,WH-HYD,Metro
ORD105183,2025-10-07,Beauty,465.04,WH-BLR,Metro
ORD105184,2025-01-23,Electronics,1611.05,WH-KOL,Metro
ORD105185,2025-11-26,Books,1475.52,WH-HYD,Metro
ORD105186,2025-01-10,Electronics,5037.75,WH-DEL,Metro
ORD105187,2025-08-11,Grocery,1256.18,WH-BLR,Metro
ORD105188,2025-12-04,Appliances,1824.28,WH-MUM,Metro
ORD105189,2025-08-29,Grocery,1295.26,WH-MUM,Tier-2
ORD105190,2025-09-13,Fashion,2578.97,WH-DEL,Tier-3
ORD105191,2025-10-09,Appliances,5475.54,WH-DEL,Metro
ORD105192,2025-02-21,Furniture,2851.37,WH-MUM,Metro
ORD105193,2025-10-07,Grocery,6482.24,WH-MUM,Remote
ORD105194,2025-11-30,Grocery,2064.75,WH-DEL,Metro
ORD105195,2025-12-25,Appliances,376.59,WH-HYD,Metro
ORD105196,2025-07-06,Fashion,692.83,WH-BLR,Tier-2
ORD105197,2025-05-25,Electronics,2582.94,WH-HYD,Metro
ORD105198,2025-10-28,Grocery,1104.31,WH-KOL,Tier-2
ORD105199,2025-08-17,Appliances,1341.41,WH-HYD,Tier-3
ORD105200,2025-04-19,Fashion,700.57,WH-MUM,Tier-2
ORD105201,2025-03-14,Electronics,4253.69,WH-HYD,Tier-3
ORD105202,2025-03-13,Beauty,4560.27,WH-HYD,Metro
ORD105203,2025-07-12,Books,1115.22,WH-HYD,Metro
ORD105204,2025-03-13,Furniture,1123.97,WH-BLR,Metro
ORD105205,2025-01-09,Books,3715.76,WH-BLR,Tier-2
ORD105206,2025-01-22,Beauty,3092.92,WH-BLR,Tier-3
ORD105207,2025-12-13,Grocery,363.3,WH-BLR,Tier-2
ORD105208,2025-01-31,Fashion,2306.74,WH-DEL,Metro
ORD105209,2025-01-31,Furniture,1991.49,WH-MUM,Remote
ORD105210,2025-07-09,Beauty,1555.16,WH-HYD,Metro
ORD105211,2025-04-13,Appliances,663.76,WH-DEL,Remote
ORD105212,2025-12-22,Electronics,675.43,WH-DEL,Metro
ORD105213,2025-12-08,Beauty,112.3,WH-BLR,Tier-2
ORD105214,2025-06-20,Appliances,792.24,WH-MUM,Tier-2
ORD105215,2025-07-08,Fashion,276.84,WH-BLR,Tier-2
ORD105216,2025-06-07,Beauty,868.95,WH-KOL,Tier-3
ORD105217,2025-01-16,Appliances,1847.76,WH-MUM,Tier-2
ORD105218,2025-05-04,Books,526.29,WH-BLR,Tier-2
ORD105219,2025-02-21,Beauty,3887.57,WH-BLR,Tier-3
ORD105220,2025-02-13,Electronics,6404.46,WH-DEL,Metro
ORD105221,2025-08-24,Appliances,1618.95,WH-DEL,Tier-2
ORD105222,2025-02-11,Fashion,2179.48,WH-KOL,Tier-3
ORD105223,2025-02-13,Books,366.95,WH-MUM,Metro
ORD105224,2025-07-21,Books,1551.11,WH-BLR,Metro
ORD105225,2025-07-05,Books,435.23,WH-HYD,Metro
ORD105226,2025-02-27,Appliances,337.24,WH-MUM,Metro
ORD105227,2025-01-02,Books,486.47,WH-MUM,Tier-2
ORD105228,2025-03-23,Fashion,1183.83,WH-KOL,Tier-2
ORD105229,2025-04-10,Fashion,1296.53,WH-DEL,Metro
ORD105230,2025-11-09,Electronics,1263.65,WH-MUM,Tier-2
ORD105231,2025-12-09,Books,527.94,WH-KOL,Metro
ORD105232,2025-06-20,Furniture,1458.15,WH-MUM,Remote
ORD105233,2025-06-20,Furniture,767.93,WH-BLR,Tier-3
ORD105234,2025-10-17,Fashion,1484.69,WH-BLR,Metro
ORD105235,2025-09-21,Furniture,1109.01,WH-BLR,Metro
ORD105236,2025-03-19,Grocery,316.67,WH-MUM,Tier-3
ORD105237,2025-02-15,Beauty,777.83,WH-HYD,Tier-2
ORD105238,2025-07-03,Books,2070.22,WH-KOL,Metro
ORD105239,2025-08-26,Grocery,2620.02,WH-DEL,Tier-2
ORD105240,2025-02-28,Books,499.96,WH-KOL,Metro
ORD105241,2025-05-04,Electronics,726.83,WH-MUM,Remote
ORD105242,2025-05-09,Electronics,936.54,WH-MUM,Tier-3
ORD105243,2025-04-20,Furniture,3419.39,WH-BLR,Metro
ORD105244,2025-07-13,Appliances,1949.49,WH-DEL,Tier-2
ORD105245,2025-10-01,Electronics,481.08,WH-MUM,Tier-3
ORD105246,2025-08-03,Fashion,1985.61,WH-BLR,Metro
ORD105247,2025-03-26,Grocery,3695.96,WH-KOL,Tier-3
ORD105248,2025-02-13,Electronics,1592.6,WH-BLR,Tier-2
ORD105249,2025-11-15,Fashion,720.53,WH-HYD,Metro
ORD105250,2025-07-21,Grocery,2640.03,WH-BLR,Remote
ORD105251,2025-01-27,Beauty,1553.07,WH-DEL,Tier-2
ORD105252,2025-04-19,Fashion,1096.92,WH-DEL,Metro
ORD105253,2025-11-10,Electronics,2736.64,WH-BLR,Tier-2
ORD105254,2025-10-27,Electronics,1335.25,WH-BLR,Tier-2
ORD105255,2025-11-29,Electronics,1428.74,WH-DEL,Tier-3
ORD105256,2025-09-10,Appliances,2665.53,WH-DEL,Metro
ORD105257,2025-06-27,Fashion,897.15,WH-MUM,Tier-2
ORD105258,2025-06-29,Electronics,531.09,WH-MUM,Tier-3
ORD105259,2025-03-23,Beauty,1737.5,WH-BLR,Tier-3
ORD105260,2025-10-01,Books,4653.9,WH-MUM,Metro
ORD105261,2025-09-03,Electronics,217.11,WH-KOL,Remote
ORD105262,2025-03-07,Fashion,2408.39,WH-BLR,Metro
ORD105263,2025-12-01,Books,1377.22,WH-MUM,Tier-3
ORD105264,2025-06-04,Appliances,873.66,WH-DEL,Metro
ORD105265,2025-01-21,Beauty,798.66,WH-HYD,Remote
ORD105266,2025-05-18,Electronics,2758.29,WH-BLR,Tier-3
ORD105267,2025-11-27,Appliances,2307.47,WH-DEL,Tier-3
ORD105268,2025-12-10,Electronics,584.24,WH-DEL,Metro
ORD105269,2025-07-26,Fashion,1709.06,WH-BLR,Tier-3
ORD105270,2025-12-20,Appliances,4015.22,WH-BLR,Metro
ORD105271,2025-11-29,Appliances,2340.06,WH-HYD,Tier-2
ORD105272,2025-11-16,Electronics,352.73,WH-MUM,Remote
ORD105273,2025-11-25,Fashion,2245.76,WH-BLR,Tier-3
ORD105274,2025-06-10,Appliances,493.76,WH-DEL,Tier-2
ORD105275,2025-10-29,Electronics,1594.74,WH-MUM,Metro
ORD105276,2025-08-31,Fashion,736.46,WH-BLR,Tier-2
ORD105277,2025-10-19,Electronics,1848.25,WH-MUM,Metro
ORD105278,2025-03-16,Electronics,783.85,WH-MUM,Metro
ORD105279,2025-10-22,Books,579.93,WH-DEL,Remote
ORD105280,2025-12-20,Electronics,1723.18,WH-MUM,Tier-2
ORD105281,2025-05-08,Grocery,1468.96,WH-BLR,Metro
ORD105282,2025-12-28,Appliances,2584.51,WH-DEL,Tier-2
ORD105283,2025-06-08,Electronics,876.37,WH-HYD,Metro
ORD105284,2025-03-25,Furniture,398.95,WH-DEL,Metro
ORD105285,2025-02-17,Fashion,2300.4,WH-BLR,Tier-3
ORD105286,2025-11-05,Books,4262.11,WH-BLR,Metro
ORD105287,2025-08-22,Books,843.66,WH-KOL,Metro
ORD105288,2025-05-10,Books,1976.16,WH-BLR,Metro
ORD105289,2025-09-13,Fashion,1043.81,WH-MUM,Tier-3
ORD105290,2025-05-20,Books,6285.72,WH-DEL,Metro
ORD105291,2025-07-08,Furniture,879.42,WH-HYD,Metro
ORD105292,2025-11-25,Fashion,1290.94,WH-KOL,Remote
ORD105293,2025-10-05,Electronics,265.7,WH-MUM,Tier-2
ORD105294,2025-10-30,Electronics,4714.83,WH-KOL,Metro
ORD105295,2025-09-03,Fashion,873.5,WH-BLR,Tier-3
ORD105296,2025-12-29,Fashion,3784.91,WH-HYD,Tier-2
ORD105297,2025-04-12,Beauty,783.6,WH-MUM,Tier-3
ORD105298,2025-04-21,Beauty,1257.68,WH-KOL,Metro
ORD105299,2025-02-08,Electronics,716.88,WH-HYD,Metro
ORD105300,2025-08-21,Beauty,634.15,WH-HYD,Metro
ORD105301,2025-09-15,Appliances,1059.48,WH-DEL,Tier-2
ORD105302,2025-10-21,Grocery,1198.96,WH-BLR,Metro
ORD105303,2025-05-21,Beauty,1000.38,WH-MUM,Tier-2
ORD105304,2025-01-06,Appliances,396.42,WH-BLR,Metro
ORD105305,2025-09-23,Grocery,1680.65,WH-DEL,Tier-2
ORD105306,2025-12-31,Fashion,279.94,WH-BLR,Metro
ORD105307,2025-05-04,Fashion,1022.18,WH-MUM,Metro
ORD105308,2025-03-19,Beauty,378.28,WH-MUM,Tier-2
ORD105309,2025-04-29,Fashion,2752.44,WH-HYD,Tier-3
ORD105310,2025-06-28,Electronics,3589.24,WH-MUM,Remote
ORD105311,2025-04-16,Fashion,2150.61,WH-DEL,Metro
ORD105312,2025-05-26,Grocery,915.07,WH-BLR,Tier-2
ORD105313,2025-09-26,Fashion,740.09,WH-MUM,Metro
ORD105314,2025-05-25,Beauty,1093.4,WH-DEL,Tier-2
ORD105315,2025-06-16,Fashion,1281.94,WH-BLR,Metro
ORD105316,2025-01-17,Books,1970.62,WH-DEL,Tier-3
ORD105317,2025-12-10,Grocery,1841.4,WH-MUM,Remote
ORD105318,2025-06-20,Grocery,262.26,WH-KOL,Metro
ORD105319,2025-05-18,Electronics,2274.96,WH-MUM,Metro
ORD105320,2025-02-06,Fashion,1823.45,WH-MUM,Tier-2
ORD105321,2025-09-24,Books,716.61,WH-KOL,Tier-2
ORD105322,2025-11-26,Appliances,617.7,WH-KOL,Tier-3
ORD105323,2025-01-18,Fashion,1407.12,WH-MUM,Metro
ORD105324,2025-03-03,Beauty,1546.98,WH-BLR,Metro
ORD105325,2025-03-03,Books,554.68,WH-MUM,Tier-2
ORD105326,2025-09-11,Electronics,1403.35,WH-DEL,Tier-2
ORD105327,2025-12-11,Furniture,1552.48,WH-MUM,Tier-2
ORD105328,2025-07-03,Books,2660.95,WH-BLR,Metro
ORD105329,2025-05-25,Books,1225.6,WH-DEL,Metro
ORD105330,2025-10-31,Electronics,264.43,WH-BLR,Metro
ORD105331,2025-10-25,Fashion,1638.65,WH-KOL,Tier-3
ORD105332,2025-04-14,Fashion,346.35,WH-BLR,Tier-2
ORD105333,2025-03-09,Fashion,678.6,WH-KOL,Metro
ORD105334,2025-05-31,Electronics,454.58,WH-DEL,Metro
ORD105335,2025-11-03,Furniture,1988.42,WH-KOL,Tier-3
ORD105336,2025-10-12,Grocery,561.76,WH-HYD,Tier-2
ORD105337,2025-10-05,Electronics,2979.35,WH-BLR,Tier-3
ORD105338,2025-11-17,Grocery,530.42,WH-BLR,Remote
ORD105339,2025-04-27,Electronics,267.51,WH-BLR,Metro
ORD105340,2025-05-23,Fashion,1014.01,WH-HYD,Remote
ORD105341,2025-01-18,Books,462.98,WH-BLR,Metro
ORD105342,2025-11-27,Books,3840.14,WH-DEL,Tier-2
ORD105343,2025-09-02,Fashion,777.72,WH-HYD,Tier-2
ORD105344,2025-05-06,Books,3372.34,WH-MUM,Tier-2
ORD105345,2025-01-30,Books,1048.66,WH-DEL,Tier-2
ORD105346,2025-10-20,Furniture,1781.03,WH-KOL,Metro
ORD105347,2025-10-27,Beauty,877.0,WH-HYD,Tier-2
ORD105348,2025-10-05,Fashion,8970.7,WH-BLR,Metro
ORD105349,2025-03-27,Electronics,534.28,WH-MUM,Metro
ORD105350,2025-12-09,Books,116.54,WH-DEL,Tier-2
ORD105351,2025-10-28,Grocery,1649.39,WH-MUM,Tier-2
ORD105352,2025-10-03,Fashion,589.96,WH-DEL,Metro
ORD105353,2025-10-01,Electronics,1577.25,WH-KOL,Metro
ORD105354,2025-12-06,Electronics,1267.18,WH-MUM,Remote
ORD105355,2025-12-13,Electronics,876.97,WH-MUM,Tier-2
ORD105356,2025-09-08,Electronics,967.23,WH-BLR,Tier-2
ORD105357,2025-06-25,Beauty,1858.27,WH-KOL,Metro
ORD105358,2025-06-02,Fashion,1003.24,WH-BLR,Tier-2
ORD105359,2025-11-14,Books,1185.35,WH-BLR,Tier-3
ORD105360,2025-09-28,Electronics,899.42,WH-DEL,Metro
ORD105361,2025-02-02,Fashion,4928.09,WH-MUM,Tier-2
ORD105362,2025-03-01,Beauty,3818.76,WH-MUM,Metro
ORD105363,2025-12-05,Electronics,412.43,WH-DEL,Metro
ORD105364,2025-12-01,Fashion,1342.16,WH-DEL,Tier-2
ORD105365,2025-12-19,Books,698.1,WH-BLR,Tier-2
ORD105366,2025-06-29,Electronics,494.63,WH-MUM,Tier-2
ORD105367,2025-11-05,Electronics,103.68,WH-HYD,Tier-2
ORD105368,2025-11-16,Beauty,1032.4,WH-MUM,Tier-2
ORD105369,2025-05-13,Fashion,1097.81,WH-KOL,Tier-2
ORD105370,2025-03-03,Furniture,3962.86,WH-BLR,Metro
ORD105371,2025-12-31,Electronics,3096.25,WH-MUM,Metro
ORD105372,2025-01-13,Fashion,1985.18,WH-DEL,Metro
ORD105373,2025-09-09,Grocery,2417.09,WH-DEL,Remote
ORD105374,2025-10-01,Furniture,2647.5,WH-BLR,Metro
ORD105375,2025-10-09,Fashion,1978.47,WH-DEL,Metro
ORD105376,2025-04-18,Books,4055.4,WH-KOL,Tier-2
ORD105377,2025-10-19,Books,485.09,WH-MUM,Tier-3
ORD105378,2025-04-01,Grocery,906.93,WH-BLR,Tier-3
ORD105379,2025-11-17,Grocery,810.05,WH-BLR,Tier-3
ORD105380,2025-04-03,Furniture,861.63,WH-MUM,Metro
ORD105381,2025-10-13,Appliances,1186.42,WH-BLR,Metro
ORD105382,2025-11-05,Electronics,4944.65,WH-HYD,Tier-3
ORD105383,2025-03-21,Books,2741.54,WH-KOL,Tier-3
ORD105384,2025-04-11,Grocery,3563.5,WH-KOL,Remote
ORD105385,2025-11-03,Beauty,1258.48,WH-MUM,Tier-3
ORD105386,2025-02-06,Beauty,1213.71,WH-MUM,Metro
ORD105387,2025-03-22,Electronics,2127.49,WH-MUM,Metro
ORD105388,2025-07-11,Fashion,1892.47,WH-BLR,Tier-2
ORD105389,2025-12-13,Grocery,1891.56,WH-DEL,Tier-2
ORD105390,2025-08-25,Grocery,8558.85,WH-BLR,Metro
ORD105391,2025-06-12,Books,2140.26,WH-BLR,Tier-2
ORD105392,2025-12-26,Electronics,713.59,WH-HYD,Remote
ORD105393,2025-07-14,Furniture,762.71,WH-HYD,Metro
ORD105394,2025-07-02,Beauty,2626.71,WH-KOL,Metro
ORD105395,2025-06-22,Beauty,2467.66,WH-MUM,Metro
ORD105396,2025-05-12,Electronics,2930.67,WH-KOL,Metro
ORD105397,2025-05-17,Beauty,2031.86,WH-MUM,Tier-3
ORD105398,2025-10-11,Electronics,582.85,WH-BLR,Tier-3
ORD105399,2025-01-18,Grocery,4579.51,WH-MUM,Metro
ORD105400,2025-10-09,Fashion,3921.79,WH-DEL,Tier-3
ORD105401,2025-03-26,Furniture,983.88,WH-MUM,Tier-2
ORD105402,2025-06-11,Electronics,1795.79,WH-HYD,Tier-2
ORD105403,2025-03-03,Fashion,1554.09,WH-MUM,Tier-2
ORD105404,2025-08-21,Fashion,995.02,WH-KOL,Tier-3
ORD105405,2025-10-21,Beauty,529.88,WH-BLR,Metro
ORD105406,2025-05-30,Grocery,2120.87,WH-HYD,Tier-2
ORD105407,2025-03-10,Appliances,406.02,WH-KOL,Tier-2
ORD105408,2025-04-06,Furniture,831.89,WH-DEL,Tier-3
ORD105409,2025-11-14,Fashion,5268.28,WH-KOL,Tier-3
ORD105410,2025-04-23,Electronics,1868.84,WH-DEL,Remote
ORD105411,2025-11-02,Electronics,1819.88,WH-BLR,Metro
ORD105412,2025-05-20,Grocery,1058.25,WH-DEL,Tier-2
ORD105413,2025-03-21,Beauty,384.1,WH-DEL,Metro
ORD105414,2025-10-21,Fashion,1865.77,WH-BLR,Tier-2
ORD105415,2025-07-16,Appliances,1996.45,WH-MUM,Tier-3
ORD105416,2025-01-14,Books,2528.4,WH-BLR,Tier-2
ORD105417,2025-12-21,Beauty,978.39,WH-MUM,Metro
ORD105418,2025-03-04,Fashion,965.9,WH-KOL,Tier-2
ORD105419,2025-05-29,Beauty,2110.06,WH-KOL,Metro
ORD105420,2025-06-11,Furniture,489.66,WH-DEL,Metro
ORD105421,2025-07-25,Grocery,2566.9,WH-MUM,Tier-3
ORD105422,2025-11-05,Appliances,1178.26,WH-MUM,Tier-3
ORD105423,2025-01-03,Fashion,1693.29,WH-BLR,Metro
ORD105424,2025-12-14,Books,8485.89,WH-MUM,Tier-2
ORD105425,2025-09-29,Furniture,1077.58,WH-HYD,Tier-2
ORD105426,2025-12-19,Books,1497.34,WH-DEL,Metro
ORD105427,2025-11-14,Books,1371.92,WH-MUM,Tier-2
ORD105428,2025-12-13,Furniture,275.04,WH-BLR,Metro
ORD105429,2025-09-10,Electronics,2184.57,WH-KOL,Tier-3
ORD105430,2025-05-31,Fashion,206.38,WH-MUM,Tier-3
ORD105431,2025-07-06,Books,2455.22,WH-MUM,Metro
ORD105432,2025-10-03,Furniture,770.25,WH-MUM,Metro
ORD105433,2025-06-29,Books,742.04,WH-MUM,Metro
ORD105434,2025-10-22,Fashion,1298.86,WH-DEL,Remote
ORD105435,2025-02-08,Grocery,463.75,WH-DEL,Tier-3
ORD105436,2025-11-17,Books,1224.61,WH-DEL,Tier-3
ORD105437,2025-03-27,Appliances,557.41,WH-BLR,Tier-2
ORD105438,2025-12-17,Fashion,477.49,WH-KOL,Tier-3
ORD105439,2025-03-07,Electronics,1124.68,WH-DEL,Tier-2
ORD105440,2025-02-24,Books,3564.62,WH-KOL,Metro
ORD105441,2025-11-12,Books,2387.0,WH-BLR,Tier-2
ORD105442,2025-11-14,Fashion,866.95,WH-KOL,Tier-2
ORD105443,2025-10-24,Grocery,1175.0,WH-HYD,Metro
ORD105444,2025-12-21,Fashion,867.49,WH-DEL,Metro
ORD105445,2025-04-24,Fashion,515.23,WH-BLR,Metro
ORD105446,2025-11-16,Electronics,579.54,WH-MUM,Tier-2
ORD105447,2025-05-28,Fashion,1655.32,WH-HYD,Metro
ORD105448,2025-08-14,Books,746.77,WH-MUM,Metro
ORD105449,2025-07-07,Fashion,1276.0,WH-DEL,Tier-2
ORD105450,2025-01-03,Books,591.97,WH-HYD,Tier-2
ORD105451,2025-08-30,Grocery,2523.54,WH-HYD,Metro
ORD105452,2025-10-26,Electronics,2233.22,WH-MUM,Remote
ORD105453,2025-03-15,Fashion,4653.19,WH-KOL,Tier-2
ORD105454,2025-12-14,Electronics,3980.99,WH-MUM,Metro
ORD105455,2025-08-11,Appliances,640.78,WH-HYD,Metro
ORD105456,2025-03-16,Beauty,673.2,WH-MUM,Metro
ORD105457,2025-09-29,Appliances,1774.18,WH-BLR,Metro
ORD105458,2025-03-22,Appliances,659.14,WH-MUM,Tier-3
ORD105459,2025-01-27,Books,1616.78,WH-HYD,Tier-3
ORD105460,2025-10-10,Appliances,1015.39,WH-DEL,Tier-2
ORD105461,2025-02-16,Grocery,2788.64,WH-BLR,Metro
ORD105462,2025-02-14,Appliances,2853.24,WH-BLR,Metro
ORD105463,2025-10-24,Fashion,1048.26,WH-DEL,Tier-3
ORD105464,2025-01-24,Electronics,309.96,WH-BLR,Tier-3
ORD105465,2025-11-12,Appliances,3005.79,WH-BLR,Tier-2
ORD105466,2025-11-08,Appliances,821.49,WH-HYD,Tier-3
ORD105467,2025-03-01,Fashion,1314.51,WH-MUM,Metro
ORD105468,2025-08-06,Beauty,1200.66,WH-BLR,Tier-2
ORD105469,2025-02-10,Electronics,1821.28,WH-MUM,Metro
ORD105470,2025-09-23,Appliances,814.11,WH-DEL,Tier-2
ORD105471,2025-01-27,Beauty,547.34,WH-DEL,Tier-2
ORD105472,2025-12-17,Fashion,1512.08,WH-BLR,Tier-2
ORD105473,2025-03-29,Beauty,2594.62,WH-MUM,Tier-3
ORD105474,2025-10-09,Books,1213.71,WH-MUM,Metro
ORD105475,2025-02-23,Appliances,1210.75,WH-MUM,Metro
ORD105476,2025-03-30,Beauty,518.42,WH-BLR,Tier-2
ORD105477,2025-07-09,Furniture,2020.81,WH-MUM,Tier-2
ORD105478,2025-08-29,Grocery,2141.13,WH-DEL,Remote
ORD105479,2025-12-31,Furniture,1229.3,WH-BLR,Tier-3
ORD105480,2025-01-11,Fashion,614.32,WH-KOL,Tier-2
ORD105481,2025-01-01,Fashion,1430.05,WH-KOL,Tier-2
ORD105482,2025-05-28,Electronics,1529.52,WH-MUM,Tier-2
ORD105483,2025-06-03,Fashion,1296.23,WH-DEL,Metro
ORD105484,2025-12-01,Books,563.12,WH-DEL,Metro
ORD105485,2025-12-09,Beauty,1640.78,WH-BLR,Metro
ORD105486,2025-11-30,Beauty,1525.59,WH-MUM,Metro
ORD105487,2025-03-02,Fashion,1872.46,WH-KOL,Tier-3
ORD105488,2025-06-23,Grocery,1201.09,WH-BLR,Tier-2
ORD105489,2025-10-26,Grocery,3740.01,WH-DEL,Tier-3
ORD105490,2025-05-12,Electronics,1337.4,WH-DEL,Tier-3
ORD105491,2025-10-04,Grocery,4088.81,WH-BLR,Tier-3
ORD105492,2025-04-10,Fashion,1600.85,WH-DEL,Tier-3
ORD105493,2025-05-16,Beauty,530.25,WH-KOL,Metro
ORD105494,2025-11-25,Fashion,2614.04,WH-BLR,Metro
ORD105495,2025-04-16,Books,1000.89,WH-BLR,Tier-3
ORD105496,2025-12-22,Books,938.91,WH-MUM,Metro
ORD105497,2025-05-09,Appliances,3073.21,WH-HYD,Metro
ORD105498,2025-01-10,Fashion,492.98,WH-DEL,Remote
ORD105499,2025-04-18,Fashion,329.83,WH-DEL,Tier-3
ORD105500,2025-03-13,Beauty,1124.06,WH-HYD,Metro
ORD105501,2025-08-01,Electronics,1704.73,WH-KOL,Tier-3
ORD105502,2025-02-17,Electronics,2681.27,WH-BLR,Tier-3
ORD105503,2025-09-21,Beauty,1503.99,WH-HYD,Remote
ORD105504,2025-11-29,Appliances,221.29,WH-MUM,Tier-2
ORD105505,2025-06-02,Appliances,615.98,WH-BLR,Metro
ORD105506,2025-03-12,Electronics,488.95,WH-MUM,Tier-3
ORD105507,2025-06-18,Grocery,296.44,WH-MUM,Tier-2
ORD105508,2025-11-05,Books,1168.97,WH-KOL,Tier-2
ORD105509,2025-09-06,Fashion,2015.71,WH-MUM,Tier-3
ORD105510,2025-02-12,Electronics,2913.09,WH-DEL,Tier-2
ORD105511,2025-08-14,Electronics,1992.47,WH-BLR,Remote
ORD105512,2025-07-16,Furniture,857.09,WH-BLR,Remote
ORD105513,2025-05-18,Fashion,3183.98,WH-KOL,Metro
ORD105514,2025-02-16,Books,1131.95,WH-HYD,Tier-2
ORD105515,2025-12-27,Fashion,1405.81,WH-MUM,Metro
ORD105516,2025-03-15,Electronics,788.54,WH-BLR,Metro
ORD105517,2025-03-22,Beauty,1100.99,WH-BLR,Metro
ORD105518,2025-03-03,Beauty,956.28,WH-KOL,Tier-2
ORD105519,2025-08-28,Appliances,443.54,WH-BLR,Metro
ORD105520,2025-07-06,Beauty,2229.71,WH-BLR,Tier-3
ORD105521,2025-04-15,Electronics,1531.71,WH-DEL,Metro
ORD105522,2025-06-30,Grocery,2529.84,WH-KOL,Metro
ORD105523,2025-10-07,Fashion,762.67,WH-BLR,Metro
ORD105524,2025-04-29,Grocery,2355.19,WH-HYD,Metro
ORD105525,2025-12-09,Books,381.83,WH-MUM,Metro
ORD105526,2025-05-09,Books,2065.55,WH-DEL,Tier-3
ORD105527,2025-03-25,Electronics,2299.94,WH-BLR,Tier-2
ORD105528,2025-12-20,Fashion,583.59,WH-HYD,Remote
ORD105529,2025-11-12,Beauty,3272.79,WH-DEL,Metro
ORD105530,2025-05-25,Grocery,4660.08,WH-KOL,Metro
ORD105531,2025-11-20,Fashion,845.67,WH-DEL,Tier-3
ORD105532,2025-08-07,Fashion,4270.64,WH-KOL,Tier-2
ORD105533,2025-05-26,Fashion,343.31,WH-DEL,Metro
ORD105534,2025-11-19,Fashion,1201.09,WH-DEL,Metro
ORD105535,2025-10-27,Fashion,165.46,WH-BLR,Tier-3
ORD105536,2025-05-06,Grocery,2817.82,WH-HYD,Metro
ORD105537,2025-09-12,Grocery,393.75,WH-MUM,Tier-2
ORD105538,2025-06-05,Grocery,281.19,WH-DEL,Tier-3
ORD105539,2025-01-01,Electronics,1652.2,WH-DEL,Tier-2
ORD105540,2025-12-21,Electronics,3068.75,WH-HYD,Tier-3
ORD105541,2025-08-19,Fashion,969.14,WH-DEL,Tier-2
ORD105542,2025-09-09,Books,1493.75,WH-DEL,Tier-2
ORD105543,2025-09-10,Books,5483.63,WH-DEL,Tier-2
ORD105544,2025-08-20,Electronics,626.07,WH-DEL,Metro
ORD105545,2025-05-02,Grocery,610.85,WH-MUM,Tier-2
ORD105546,2025-12-24,Furniture,3192.3,WH-HYD,Remote
ORD105547,2025-09-19,Grocery,1602.73,WH-HYD,Metro
ORD105548,2025-10-06,Appliances,4187.55,WH-DEL,Tier-2
ORD105549,2025-07-11,Beauty,475.04,WH-BLR,Tier-2
ORD105550,2025-05-01,Electronics,320.18,WH-MUM,Tier-2
ORD105551,2025-01-28,Grocery,425.27,WH-HYD,Tier-2
ORD105552,2025-05-28,Grocery,2357.54,WH-KOL,Tier-2
ORD105553,2025-03-15,Grocery,3499.75,WH-MUM,Metro
ORD105554,2025-10-04,Electronics,3154.39,WH-KOL,Metro
ORD105555,2025-11-30,Furniture,2088.75,WH-MUM,Metro
ORD105556,2025-05-08,Electronics,3649.16,WH-KOL,Tier-3
ORD105557,2025-05-20,Appliances,823.93,WH-KOL,Metro
ORD105558,2025-10-06,Furniture,273.51,WH-DEL,Metro
ORD105559,2025-03-04,Fashion,367.42,WH-KOL,Tier-2
ORD105560,2025-12-13,Beauty,418.81,WH-DEL,Tier-2
ORD105561,2025-06-02,Books,284.83,WH-MUM,Tier-3
ORD105562,2025-02-12,Grocery,451.05,WH-HYD,Tier-2
ORD105563,2025-03-15,Beauty,638.82,WH-BLR,Tier-3
ORD105564,2025-12-14,Books,2176.39,WH-BLR,Metro
ORD105565,2025-04-14,Electronics,1695.0,WH-BLR,Tier-3
ORD105566,2025-10-04,Grocery,4477.33,WH-DEL,Metro
ORD105567,2025-03-07,Grocery,496.86,WH-DEL,Metro
ORD105568,2025-03-23,Furniture,1805.34,WH-HYD,Tier-2
ORD105569,2025-11-30,Beauty,3838.57,WH-KOL,Metro
ORD105570,2025-03-04,Grocery,890.06,WH-KOL,Metro
ORD105571,2025-01-08,Electronics,938.07,WH-DEL,Metro
ORD105572,2025-07-30,Grocery,4045.62,WH-KOL,Tier-2
ORD105573,2025-11-25,Books,1007.56,WH-MUM,Metro
ORD105574,2025-05-17,Fashion,4215.75,WH-HYD,Tier-3
ORD105575,2025-02-23,Electronics,409.45,WH-BLR,Metro
ORD105576,2025-12-27,Fashion,4891.82,WH-BLR,Metro
ORD105577,2025-10-08,Appliances,3662.63,WH-BLR,Tier-2
ORD105578,2025-11-22,Electronics,623.21,WH-BLR,Tier-3
ORD105579,2025-10-27,Fashion,1046.72,WH-KOL,Tier-2
ORD105580,2025-10-13,Electronics,496.28,WH-MUM,Metro
ORD105581,2025-06-11,Grocery,902.47,WH-KOL,Tier-3
ORD105582,2025-05-17,Electronics,383.34,WH-MUM,Tier-2
ORD105583,2025-10-18,Electronics,322.43,WH-DEL,Remote
ORD105584,2025-10-18,Appliances,491.21,WH-MUM,Tier-2
ORD105585,2025-12-19,Electronics,3070.12,WH-KOL,Metro
ORD105586,2025-08-27,Electronics,302.44,WH-BLR,Tier-3
ORD105587,2025-05-04,Grocery,4016.69,WH-DEL,Metro
ORD105588,2025-07-25,Electronics,2783.97,WH-KOL,Tier-3
ORD105589,2025-09-15,Electronics,3842.69,WH-HYD,Tier-2
ORD105590,2025-06-29,Fashion,1764.77,WH-HYD,Metro
ORD105591,2025-11-07,Fashion,5010.63,WH-MUM,Metro
ORD105592,2025-09-03,Grocery,425.2,WH-MUM,Metro
ORD105593,2025-01-04,Beauty,4002.5,WH-BLR,Metro
ORD105594,2025-08-28,Fashion,15262.5,WH-MUM,Tier-2
ORD105595,2025-09-24,Grocery,1084.84,WH-BLR,Tier-3
ORD105596,2025-12-09,Beauty,1281.41,WH-HYD,Metro
ORD105597,2025-06-23,Grocery,640.9,WH-KOL,Metro
ORD105598,2025-08-30,Books,1412.49,WH-DEL,Tier-3
ORD105599,2025-07-19,Grocery,1554.51,WH-HYD,Metro
ORD105600,2025-08-12,Furniture,202.27,WH-DEL,Tier-3
ORD105601,2025-01-29,Beauty,2185.56,WH-BLR,Metro
ORD105602,2025-12-05,Electronics,3254.13,WH-HYD,Tier-3
ORD105603,2025-12-08,Beauty,661.87,WH-MUM,Tier-3
ORD105604,2025-08-19,Grocery,953.81,WH-MUM,Metro
ORD105605,2025-08-22,Furniture,2640.08,WH-KOL,Metro
ORD105606,2025-01-25,Grocery,636.92,WH-MUM,Metro
ORD105607,2025-09-09,Fashion,2427.49,WH-MUM,Metro
ORD105608,2025-06-30,Electronics,1683.88,WH-BLR,Metro
ORD105609,2025-10-16,Beauty,8672.49,WH-DEL,Tier-2
ORD105610,2025-01-20,Furniture,1208.88,WH-BLR,Tier-3
ORD105611,2025-10-17,Books,873.89,WH-DEL,Metro
ORD105612,2025-05-01,Fashion,1632.24,WH-MUM,Tier-3
ORD105613,2025-10-01,Fashion,1469.29,WH-HYD,Metro
ORD105614,2025-09-21,Fashion,4942.17,WH-KOL,Metro
ORD105615,2025-04-06,Fashion,4738.94,WH-BLR,Metro
ORD105616,2025-07-05,Grocery,747.21,WH-HYD,Metro
ORD105617,2025-11-18,Beauty,1148.51,WH-BLR,Metro
ORD105618,2025-09-12,Books,768.4,WH-BLR,Metro
ORD105619,2025-01-29,Grocery,666.88,WH-MUM,Metro
ORD105620,2025-07-06,Fashion,98.63,WH-MUM,Remote
ORD105621,2025-05-12,Furniture,5172.27,WH-KOL,Tier-2
ORD105622,2025-09-27,Furniture,783.47,WH-HYD,Remote
ORD105623,2025-09-16,Appliances,937.4,WH-KOL,Metro
ORD105624,2025-01-05,Grocery,12284.88,WH-BLR,Tier-3
ORD105625,2025-09-13,Electronics,802.59,WH-DEL,Metro
ORD105626,2025-10-23,Electronics,1156.95,WH-DEL,Metro
ORD105627,2025-11-01,Beauty,1658.58,WH-BLR,Metro
ORD105628,2025-01-25,Appliances,1755.43,WH-HYD,Tier-2
ORD105629,2025-05-08,Beauty,816.53,WH-HYD,Metro
ORD105630,2025-06-27,Fashion,3289.95,WH-KOL,Tier-3
ORD105631,2025-03-17,Grocery,1523.05,WH-KOL,Tier-3
ORD105632,2025-06-26,Fashion,1465.37,WH-BLR,Metro
ORD105633,2025-01-30,Beauty,781.34,WH-KOL,Tier-3
ORD105634,2025-02-17,Fashion,1206.56,WH-KOL,Metro
ORD105635,2025-10-05,Appliances,2921.26,WH-DEL,Metro
ORD105636,2025-04-21,Electronics,2928.96,WH-BLR,Metro
ORD105637,2025-10-17,Electronics,950.24,WH-MUM,Metro
ORD105638,2025-01-21,Electronics,721.11,WH-BLR,Metro
ORD105639,2025-08-25,Grocery,2704.9,WH-BLR,Metro
ORD105640,2025-06-14,Books,1704.54,WH-KOL,Metro
ORD105641,2025-11-08,Beauty,2701.26,WH-KOL,Tier-3
ORD105642,2025-11-05,Furniture,617.0,WH-KOL,Tier-3
ORD105643,2025-06-07,Grocery,1316.63,WH-MUM,Remote
ORD105644,2025-09-19,Books,2706.64,WH-DEL,Metro
ORD105645,2025-04-06,Electronics,757.71,WH-MUM,Metro
ORD105646,2025-09-01,Books,6062.11,WH-MUM,Tier-2
ORD105647,2025-02-04,Appliances,4935.37,WH-MUM,Tier-2
ORD105648,2025-07-02,Grocery,1137.88,WH-KOL,Metro
ORD105649,2025-03-18,Electronics,1144.39,WH-HYD,Tier-3
ORD105650,2025-12-01,Fashion,1731.84,WH-HYD,Remote
ORD105651,2025-07-06,Fashion,1534.53,WH-BLR,Metro
ORD105652,2025-09-06,Beauty,3539.3,WH-MUM,Remote
ORD105653,2025-06-01,Furniture,662.05,WH-DEL,Metro
ORD105654,2025-05-02,Grocery,667.69,WH-DEL,Tier-2
ORD105655,2025-03-27,Grocery,1663.68,WH-KOL,Metro
ORD105656,2025-12-08,Appliances,1990.13,WH-BLR,Tier-2
ORD105657,2025-11-09,Fashion,1301.52,WH-BLR,Metro
ORD105658,2025-02-25,Electronics,2741.9,WH-KOL,Tier-2
ORD105659,2025-10-26,Furniture,3999.34,WH-DEL,Metro
ORD105660,2025-06-25,Fashion,2435.03,WH-DEL,Tier-2
ORD105661,2025-01-07,Fashion,1802.59,WH-KOL,Tier-2
ORD105662,2025-08-11,Grocery,1126.37,WH-HYD,Metro
ORD105663,2025-02-24,Fashion,1422.28,WH-HYD,Tier-2
ORD105664,2025-03-30,Beauty,448.99,WH-BLR,Remote
ORD105665,2025-10-13,Books,517.16,WH-DEL,Tier-3
ORD105666,2025-04-19,Beauty,3666.43,WH-MUM,Remote
ORD105667,2025-12-03,Beauty,5447.39,WH-DEL,Metro
ORD105668,2025-10-02,Fashion,449.0,WH-DEL,Tier-2
ORD105669,2025-11-17,Fashion,2073.95,WH-BLR,Tier-3
ORD105670,2025-09-16,Appliances,395.57,WH-MUM,Remote
ORD105671,2025-11-27,Electronics,5005.92,WH-MUM,Metro
ORD105672,2025-06-01,Beauty,1321.68,WH-DEL,Remote
ORD105673,2025-08-19,Electronics,10050.94,WH-BLR,Tier-2
ORD105674,2025-08-05,Grocery,804.89,WH-KOL,Tier-3
ORD105675,2025-12-06,Furniture,890.88,WH-MUM,Tier-2
ORD105676,2025-03-11,Beauty,1843.96,WH-MUM,Metro
ORD105677,2025-08-31,Furniture,2759.94,WH-DEL,Metro
ORD105678,2025-10-28,Grocery,2563.14,WH-DEL,Metro
ORD105679,2025-06-05,Fashion,2919.59,WH-MUM,Tier-2
ORD105680,2025-11-27,Grocery,1117.88,WH-BLR,Tier-2
ORD105681,2025-06-06,Appliances,2946.62,WH-BLR,Tier-2
ORD105682,2025-03-14,Grocery,7933.41,WH-BLR,Tier-2
ORD105683,2025-09-03,Appliances,2542.67,WH-MUM,Tier-2
ORD105684,2025-06-26,Electronics,696.18,WH-DEL,Metro
ORD105685,2025-01-07,Fashion,1884.78,WH-DEL,Metro
ORD105686,2025-01-30,Beauty,279.73,WH-BLR,Tier-2
ORD105687,2025-03-24,Fashion,2349.34,WH-DEL,Metro
ORD105688,2025-11-01,Furniture,352.85,WH-BLR,Remote
ORD105689,2025-12-03,Grocery,2379.46,WH-KOL,Remote
ORD105690,2025-08-18,Beauty,1296.9,WH-DEL,Tier-2
ORD105691,2025-02-14,Electronics,2992.43,WH-DEL,Metro
ORD105692,2025-08-13,Fashion,1392.44,WH-MUM,Tier-3
ORD105693,2025-11-24,Books,4149.07,WH-DEL,Metro
ORD105694,2025-10-27,Furniture,2117.51,WH-MUM,Tier-2
ORD105695,2025-05-03,Grocery,3233.44,WH-KOL,Remote
ORD105696,2025-02-22,Fashion,985.08,WH-BLR,Tier-3
ORD105697,2025-12-05,Fashion,944.46,WH-MUM,Remote
ORD105698,2025-11-23,Beauty,439.19,WH-HYD,Metro
ORD105699,2025-01-23,Furniture,539.12,WH-DEL,Tier-2
ORD105700,2025-11-15,Beauty,1447.44,WH-DEL,Tier-3
ORD105701,2025-02-10,Beauty,1411.51,WH-KOL,Metro
ORD105702,2025-01-27,Grocery,1847.58,WH-MUM,Tier-3
ORD105703,2025-10-29,Furniture,771.84,WH-BLR,Metro
ORD105704,2025-08-14,Furniture,1534.81,WH-KOL,Tier-3
ORD105705,2025-06-24,Books,3933.47,WH-BLR,Tier-2
ORD105706,2025-12-06,Furniture,1895.15,WH-HYD,Metro
ORD105707,2025-11-19,Electronics,1383.08,WH-BLR,Remote
ORD105708,2025-01-25,Beauty,1683.92,WH-BLR,Tier-3
ORD105709,2025-09-16,Furniture,3623.48,WH-MUM,Tier-2
ORD105710,2025-11-02,Books,1539.57,WH-HYD,Remote
ORD105711,2025-08-20,Fashion,884.07,WH-BLR,Tier-2
ORD105712,2025-12-27,Grocery,891.14,WH-MUM,Tier-2
ORD105713,2025-10-10,Appliances,866.71,WH-MUM,Metro
ORD105714,2025-02-13,Appliances,849.5,WH-BLR,Tier-3
ORD105715,2025-03-25,Electronics,2519.35,WH-BLR,Tier-2
ORD105716,2025-11-16,Fashion,5221.07,WH-KOL,Tier-2
ORD105717,2025-12-31,Appliances,965.97,WH-DEL,Remote
ORD105718,2025-02-11,Beauty,650.84,WH-MUM,Metro
ORD105719,2025-02-12,Electronics,484.81,WH-BLR,Tier-3
ORD105720,2025-10-30,Fashion,5330.21,WH-BLR,Tier-3
ORD105721,2025-01-28,Grocery,2902.06,WH-MUM,Metro
ORD105722,2025-01-29,Fashion,776.81,WH-MUM,Tier-3
ORD105723,2025-12-02,Electronics,1498.52,WH-KOL,Tier-3
ORD105724,2025-11-09,Grocery,4114.96,WH-BLR,Tier-2
ORD105725,2025-11-30,Furniture,1272.89,WH-MUM,Metro
ORD105726,2025-10-01,Fashion,2670.73,WH-DEL,Metro
ORD105727,2025-05-16,Fashion,1182.17,WH-MUM,Metro
ORD105728,2025-12-07,Beauty,1057.48,WH-HYD,Metro
ORD105729,2025-05-06,Grocery,160.93,WH-HYD,Tier-2
ORD105730,2025-04-26,Books,969.07,WH-BLR,Tier-2
ORD105731,2025-12-02,Fashion,872.27,WH-HYD,Tier-2
ORD105732,2025-10-09,Books,2031.1,WH-MUM,Tier-2
ORD105733,2025-12-04,Books,1635.65,WH-BLR,Tier-2
ORD105734,2025-03-07,Fashion,1569.04,WH-DEL,Tier-3
ORD105735,2025-12-19,Furniture,2869.84,WH-HYD,Tier-3
ORD105736,2025-09-15,Appliances,206.45,WH-BLR,Tier-3
ORD105737,2025-10-05,Fashion,1287.42,WH-MUM,Metro
ORD105738,2025-12-09,Appliances,525.41,WH-KOL,Remote
ORD105739,2025-06-09,Fashion,492.13,WH-DEL,Tier-3
ORD105740,2025-10-19,Grocery,1061.6,WH-DEL,Remote
ORD105741,2025-09-27,Beauty,1362.83,WH-DEL,Tier-2
ORD105742,2025-11-06,Electronics,2001.96,WH-DEL,Metro
ORD105743,2025-12-04,Electronics,1898.46,WH-DEL,Tier-2
ORD105744,2025-10-08,Electronics,691.46,WH-BLR,Metro
ORD105745,2025-01-29,Beauty,1144.11,WH-MUM,Metro
ORD105746,2025-03-18,Electronics,4228.71,WH-DEL,Tier-2
ORD105747,2025-12-19,Electronics,4871.35,WH-HYD,Remote
ORD105748,2025-12-23,Appliances,1047.84,WH-HYD,Tier-2
ORD105749,2025-12-23,Appliances,1442.71,WH-DEL,Tier-2
ORD105750,2025-01-16,Grocery,653.91,WH-DEL,Tier-2
ORD105751,2025-06-10,Beauty,3046.74,WH-MUM,Metro
ORD105752,2025-10-29,Electronics,8542.54,WH-HYD,Metro
ORD105753,2025-10-28,Furniture,872.94,WH-KOL,Tier-3
ORD105754,2025-02-06,Furniture,3432.27,WH-HYD,Metro
ORD105755,2025-09-14,Fashion,2414.61,WH-KOL,Metro
ORD105756,2025-03-02,Books,1171.17,WH-KOL,Tier-2
ORD105757,2025-07-27,Grocery,767.5,WH-BLR,Metro
ORD105758,2025-04-11,Fashion,9727.51,WH-DEL,Metro
ORD105759,2025-01-23,Electronics,2472.33,WH-DEL,Tier-2
ORD105760,2025-02-03,Electronics,2883.87,WH-MUM,Remote
ORD105761,2025-12-08,Books,1130.87,WH-HYD,Metro
ORD105762,2025-10-25,Fashion,1406.42,WH-MUM,Tier-2
ORD105763,2025-12-14,Beauty,506.02,WH-BLR,Tier-2
ORD105764,2025-07-17,Electronics,2461.94,WH-MUM,Tier-3
ORD105765,2025-06-23,Beauty,992.65,WH-BLR,Tier-2
ORD105766,2025-05-31,Books,589.21,WH-MUM,Tier-3
ORD105767,2025-09-16,Electronics,675.91,WH-BLR,Tier-3
ORD105768,2025-05-28,Electronics,9214.07,WH-BLR,Metro
ORD105769,2025-10-26,Books,1055.76,WH-MUM,Tier-3
ORD105770,2025-11-09,Electronics,1798.24,WH-DEL,Metro
ORD105771,2025-11-29,Fashion,514.93,WH-DEL,Tier-3
ORD105772,2025-04-13,Books,1151.4,WH-BLR,Tier-2
ORD105773,2025-08-10,Beauty,447.46,WH-KOL,Tier-2
ORD105774,2025-04-04,Appliances,1803.47,WH-BLR,Tier-2
ORD105775,2025-01-16,Books,646.51,WH-DEL,Tier-2
ORD105776,2025-10-16,Grocery,2536.43,WH-KOL,Metro
ORD105777,2025-08-19,Appliances,319.97,WH-KOL,Tier-2
ORD105778,2025-10-20,Fashion,807.82,WH-DEL,Tier-2
ORD105779,2025-02-06,Books,3433.67,WH-MUM,Metro
ORD105780,2025-12-30,Furniture,4566.33,WH-HYD,Metro
ORD105781,2025-12-30,Grocery,1345.85,WH-DEL,Metro
ORD105782,2025-07-15,Beauty,981.75,WH-HYD,Tier-3
ORD105783,2025-11-26,Grocery,1470.26,WH-MUM,Metro
ORD105784,2025-04-13,Furniture,6916.03,WH-KOL,Tier-2
ORD105785,2025-10-24,Grocery,1080.57,WH-KOL,Remote
ORD105786,2025-11-30,Fashion,1343.14,WH-HYD,Metro
ORD105787,2025-11-13,Fashion,576.91,WH-KOL,Metro
ORD105788,2025-11-12,Beauty,778.88,WH-MUM,Remote
ORD105789,2025-07-14,Fashion,1905.47,WH-BLR,Tier-3
ORD105790,2025-11-14,Furniture,2736.65,WH-DEL,Metro
ORD105791,2025-10-11,Grocery,1706.01,WH-DEL,Metro
ORD105792,2025-02-25,Books,2603.32,WH-MUM,Tier-2
ORD105793,2025-02-17,Appliances,601.6,WH-MUM,Tier-3
ORD105794,2025-11-02,Electronics,555.74,WH-DEL,Tier-2
ORD105795,2025-09-20,Fashion,2528.87,WH-BLR,Tier-3
ORD105796,2025-08-07,Appliances,915.14,WH-HYD,Metro
ORD105797,2025-12-07,Electronics,523.42,WH-KOL,Tier-2
ORD105798,2025-10-03,Grocery,1575.41,WH-BLR,Metro
ORD105799,2025-06-16,Fashion,1434.66,WH-HYD,Tier-2
ORD105800,2025-06-23,Electronics,1150.69,WH-BLR,Tier-3
ORD105801,2025-09-12,Beauty,4767.64,WH-DEL,Metro
ORD105802,2025-10-30,Beauty,6001.26,WH-KOL,Tier-2
ORD105803,2025-08-26,Appliances,2886.57,WH-BLR,Metro
ORD105804,2025-08-02,Fashion,1888.61,WH-BLR,Metro
ORD105805,2025-10-21,Beauty,4040.31,WH-KOL,Metro
ORD105806,2025-10-15,Furniture,1519.64,WH-BLR,Tier-2
ORD105807,2025-11-17,Beauty,1147.1,WH-MUM,Remote
ORD105808,2025-01-27,Electronics,839.75,WH-MUM,Metro
ORD105809,2025-10-28,Electronics,716.38,WH-BLR,Metro
ORD105810,2025-08-04,Furniture,2814.16,WH-BLR,Metro
ORD105811,2025-02-01,Beauty,402.83,WH-HYD,Tier-2
ORD105812,2025-10-08,Electronics,832.61,WH-DEL,Metro
ORD105813,2025-10-18,Fashion,1009.33,WH-MUM,Remote
ORD105814,2025-08-09,Grocery,434.45,WH-DEL,Tier-2
ORD105815,2025-11-07,Beauty,979.34,WH-MUM,Tier-2
ORD105816,2025-05-07,Books,1443.75,WH-MUM,Metro
ORD105817,2025-03-26,Beauty,3046.69,WH-KOL,Tier-2
ORD105818,2025-05-28,Furniture,893.53,WH-HYD,Tier-3
ORD105819,2025-06-22,Books,1451.79,WH-DEL,Tier-2
ORD105820,2025-10-13,Grocery,405.29,WH-DEL,Tier-3
ORD105821,2025-11-21,Electronics,506.14,WH-HYD,Tier-2
ORD105822,2025-10-19,Appliances,292.11,WH-DEL,Remote
ORD105823,2025-03-15,Furniture,2931.02,WH-MUM,Metro
ORD105824,2025-06-03,Grocery,1030.41,WH-MUM,Tier-3
ORD105825,2025-03-08,Fashion,1598.41,WH-BLR,Metro
ORD105826,2025-10-10,Books,2036.11,WH-KOL,Tier-2
ORD105827,2025-04-15,Books,2557.48,WH-DEL,Tier-2
ORD105828,2025-08-09,Fashion,6662.71,WH-MUM,Tier-2
ORD105829,2025-11-07,Beauty,1295.87,WH-MUM,Metro
ORD105830,2025-10-06,Fashion,758.06,WH-KOL,Tier-2
ORD105831,2025-05-06,Electronics,2341.8,WH-MUM,Metro
ORD105832,2025-05-20,Electronics,8868.99,WH-HYD,Tier-2
ORD105833,2025-10-01,Grocery,870.14,WH-HYD,Metro
ORD105834,2025-08-19,Electronics,709.11,WH-KOL,Tier-2
ORD105835,2025-02-10,Appliances,173.47,WH-MUM,Metro
ORD105836,2025-11-28,Books,256.29,WH-HYD,Metro
ORD105837,2025-08-04,Grocery,4169.3,WH-MUM,Tier-2
ORD105838,2025-07-18,Books,1165.82,WH-KOL,Metro
ORD105839,2025-03-25,Beauty,539.04,WH-BLR,Tier-2
ORD105840,2025-06-08,Fashion,1342.69,WH-DEL,Tier-3
ORD105841,2025-05-20,Electronics,10732.57,WH-DEL,Tier-3
ORD105842,2025-04-24,Fashion,1343.93,WH-KOL,Tier-2
ORD105843,2025-08-27,Furniture,6196.61,WH-BLR,Tier-2
ORD105844,2025-07-14,Fashion,632.99,WH-BLR,Tier-2
ORD105845,2025-12-02,Appliances,4308.03,WH-HYD,Metro
ORD105846,2025-12-16,Furniture,855.03,WH-MUM,Metro
ORD105847,2025-04-03,Furniture,723.64,WH-MUM,Metro
ORD105848,2025-02-12,Electronics,631.66,WH-BLR,Remote
ORD105849,2025-11-05,Fashion,1033.65,WH-KOL,Metro
ORD105850,2025-12-30,Fashion,2924.03,WH-DEL,Metro
ORD105851,2025-11-26,Books,911.09,WH-DEL,Metro
ORD105852,2025-01-10,Appliances,3151.79,WH-KOL,Metro
ORD105853,2025-04-16,Furniture,754.54,WH-HYD,Metro
ORD105854,2025-01-19,Furniture,1254.32,WH-MUM,Tier-2
ORD105855,2025-11-14,Grocery,876.03,WH-BLR,Tier-2
ORD105856,2025-09-02,Electronics,5707.53,WH-DEL,Tier-3
ORD105857,2025-08-04,Fashion,2026.41,WH-DEL,Tier-2
ORD105858,2025-08-21,Electronics,1681.38,WH-BLR,Tier-3
ORD105859,2025-04-17,Electronics,1071.6,WH-KOL,Tier-2
ORD105860,2025-09-10,Fashion,840.24,WH-MUM,Metro
ORD105861,2025-01-13,Books,598.68,WH-MUM,Tier-3
ORD105862,2025-09-29,Electronics,3856.79,WH-DEL,Tier-2
ORD105863,2025-10-23,Electronics,368.11,WH-KOL,Tier-3
ORD105864,2025-10-07,Electronics,1002.39,WH-BLR,Metro
ORD105865,2025-05-20,Fashion,2713.63,WH-MUM,Tier-2
ORD105866,2025-11-16,Fashion,350.63,WH-DEL,Metro
ORD105867,2025-10-18,Electronics,1544.75,WH-KOL,Metro
ORD105868,2025-02-23,Fashion,667.48,WH-MUM,Tier-2
ORD105869,2025-03-23,Beauty,1368.29,WH-MUM,Tier-3
ORD105870,2025-09-25,Fashion,1170.47,WH-KOL,Tier-3
ORD105871,2025-05-02,Fashion,220.54,WH-DEL,Tier-3
ORD105872,2025-02-20,Grocery,2231.41,WH-BLR,Tier-3
ORD105873,2025-03-07,Fashion,607.74,WH-BLR,Tier-3
ORD105874,2025-03-11,Grocery,863.54,WH-DEL,Tier-2
ORD105875,2025-07-20,Fashion,1394.86,WH-MUM,Tier-3
ORD105876,2025-09-13,Books,1809.06,WH-BLR,Metro
ORD105877,2025-03-16,Beauty,1915.83,WH-MUM,Remote
ORD105878,2025-10-17,Appliances,2521.71,WH-KOL,Tier-2
ORD105879,2025-04-29,Fashion,186.03,WH-HYD,Metro
ORD105880,2025-05-11,Grocery,1970.84,WH-DEL,Tier-2
ORD105881,2025-04-04,Fashion,1351.24,WH-BLR,Tier-3
ORD105882,2025-11-05,Books,860.31,WH-MUM,Tier-2
ORD105883,2025-12-21,Electronics,1652.55,WH-KOL,Metro
ORD105884,2025-07-26,Furniture,2797.38,WH-DEL,Tier-2
ORD105885,2025-01-18,Fashion,664.32,WH-MUM,Tier-3
ORD105886,2025-04-20,Grocery,4111.69,WH-HYD,Tier-2
ORD105887,2025-03-08,Fashion,3351.15,WH-BLR,Metro
ORD105888,2025-11-20,Fashion,1801.02,WH-MUM,Tier-3
ORD105889,2025-02-05,Furniture,503.47,WH-BLR,Tier-2
ORD105890,2025-12-23,Grocery,7509.96,WH-KOL,Metro
ORD105891,2025-09-05,Fashion,1681.66,WH-HYD,Metro
ORD105892,2025-08-06,Electronics,1508.18,WH-MUM,Tier-2
ORD105893,2025-11-21,Books,1466.88,WH-MUM,Tier-2
ORD105894,2025-01-12,Grocery,2084.01,WH-HYD,Remote
ORD105895,2025-11-03,Furniture,2811.72,WH-BLR,Remote
ORD105896,2025-02-18,Grocery,1312.76,WH-BLR,Tier-2
ORD105897,2025-11-20,Furniture,495.61,WH-HYD,Tier-2
ORD105898,2025-08-11,Furniture,3065.43,WH-HYD,Metro
ORD105899,2025-01-26,Electronics,697.67,WH-MUM,Tier-2
ORD105900,2025-11-18,Grocery,599.55,WH-BLR,Tier-2
ORD105901,2025-01-12,Grocery,1272.89,WH-HYD,Tier-2
ORD105902,2025-02-28,Electronics,930.16,WH-BLR,Remote
ORD105903,2025-11-08,Appliances,1815.31,WH-DEL,Metro
ORD105904,2025-07-15,Fashion,2113.48,WH-DEL,Metro
ORD105905,2025-11-30,Electronics,919.61,WH-DEL,Tier-2
ORD105906,2025-09-25,Books,1475.9,WH-MUM,Metro
ORD105907,2025-09-20,Books,908.45,WH-HYD,Metro
ORD105908,2025-05-03,Fashion,2473.66,WH-KOL,Tier-2
ORD105909,2025-02-26,Appliances,1982.68,WH-DEL,Metro
ORD105910,2025-12-21,Electronics,2377.93,WH-MUM,Metro
ORD105911,2025-02-14,Appliances,1067.05,WH-KOL,Remote
ORD105912,2025-08-11,Grocery,1646.92,WH-MUM,Tier-2
ORD105913,2025-04-25,Books,2014.33,WH-BLR,Metro
ORD105914,2025-04-21,Fashion,2438.37,WH-BLR,Tier-3
ORD105915,2025-09-07,Fashion,2276.23,WH-MUM,Metro
ORD105916,2025-11-08,Books,1214.08,WH-BLR,Metro
ORD105917,2025-11-03,Electronics,533.91,WH-HYD,Remote
ORD105918,2025-11-27,Electronics,2000.82,WH-BLR,Tier-3
ORD105919,2025-05-04,Fashion,1922.96,WH-MUM,Metro
ORD105920,2025-07-15,Grocery,555.63,WH-KOL,Tier-2
ORD105921,2025-01-04,Electronics,2636.89,WH-BLR,Tier-2
ORD105922,2025-10-26,Grocery,1517.72,WH-DEL,Tier-3
ORD105923,2025-05-08,Fashion,1208.2,WH-KOL,Tier-2
ORD105924,2025-08-24,Furniture,1588.86,WH-BLR,Tier-2
ORD105925,2025-03-13,Beauty,2821.03,WH-MUM,Metro
ORD105926,2025-11-14,Fashion,4660.2,WH-BLR,Metro
ORD105927,2025-11-14,Grocery,1283.19,WH-DEL,Metro
ORD105928,2025-11-29,Grocery,1113.98,WH-MUM,Tier-2
ORD105929,2025-01-20,Electronics,2178.14,WH-KOL,Tier-2
ORD105930,2025-12-30,Books,458.5,WH-DEL,Metro
ORD105931,2025-04-15,Books,2670.07,WH-DEL,Metro
ORD105932,2025-05-11,Books,453.13,WH-KOL,Tier-2
ORD105933,2025-04-15,Beauty,446.09,WH-BLR,Metro
ORD105934,2025-04-23,Grocery,4640.77,WH-HYD,Tier-3
ORD105935,2025-08-21,Furniture,253.11,WH-HYD,Tier-3
ORD105936,2025-04-11,Electronics,3811.54,WH-DEL,Tier-2
ORD105937,2025-06-15,Beauty,4664.7,WH-DEL,Remote
ORD105938,2025-10-02,Grocery,1757.51,WH-BLR,Tier-2
ORD105939,2025-11-18,Fashion,2174.58,WH-HYD,Tier-2
ORD105940,2025-10-12,Books,380.21,WH-DEL,Tier-2
ORD105941,2025-09-07,Grocery,903.31,WH-HYD,Metro
ORD105942,2025-03-04,Beauty,1784.27,WH-KOL,Metro
ORD105943,2025-11-13,Appliances,1743.17,WH-DEL,Tier-2
ORD105944,2025-01-16,Books,1911.19,WH-KOL,Metro
ORD105945,2025-04-22,Grocery,1742.41,WH-BLR,Tier-3
ORD105946,2025-01-24,Grocery,1362.14,WH-BLR,Metro
ORD105947,2025-10-05,Appliances,503.99,WH-MUM,Tier-2
ORD105948,2025-06-04,Electronics,1775.11,WH-BLR,Tier-2
ORD105949,2025-10-01,Electronics,539.43,WH-DEL,Metro
ORD105950,2025-05-26,Beauty,1000.41,WH-MUM,Metro
ORD105951,2025-07-11,Beauty,4079.46,WH-DEL,Tier-2
ORD105952,2025-07-12,Beauty,383.18,WH-KOL,Metro
ORD105953,2025-01-20,Electronics,1212.65,WH-HYD,Metro
ORD105954,2025-06-30,Fashion,2682.72,WH-MUM,Metro
ORD105955,2025-09-27,Beauty,2232.72,WH-KOL,Tier-2
ORD105956,2025-08-18,Electronics,1710.43,WH-HYD,Tier-3
ORD105957,2025-02-01,Grocery,779.13,WH-HYD,Tier-3
ORD105958,2025-10-05,Fashion,3822.53,WH-BLR,Metro
ORD105959,2025-05-10,Books,503.11,WH-DEL,Tier-2
ORD105960,2025-01-07,Grocery,2331.69,WH-BLR,Remote
ORD105961,2025-03-07,Fashion,1513.87,WH-BLR,Tier-2
ORD105962,2025-07-29,Grocery,713.83,WH-BLR,Remote
ORD105963,2025-05-11,Electronics,981.13,WH-DEL,Tier-3
ORD105964,2025-10-12,Appliances,5703.89,WH-BLR,Metro
ORD105965,2025-04-12,Furniture,528.63,WH-MUM,Tier-2
ORD105966,2025-11-02,Furniture,327.69,WH-DEL,Remote
ORD105967,2025-05-01,Fashion,804.03,WH-MUM,Metro
ORD105968,2025-09-18,Fashion,1863.78,WH-MUM,Metro
ORD105969,2025-11-09,Electronics,4184.13,WH-HYD,Metro
ORD105970,2025-06-12,Beauty,1366.81,WH-KOL,Metro
ORD105971,2025-01-20,Fashion,364.01,WH-HYD,Metro
ORD105972,2025-08-13,Grocery,1445.87,WH-HYD,Tier-2
ORD105973,2025-12-30,Fashion,2656.47,WH-MUM,Tier-3
ORD105974,2025-12-23,Beauty,1730.94,WH-BLR,Metro
ORD105975,2025-04-03,Books,1988.27,WH-MUM,Tier-3
ORD105976,2025-10-28,Electronics,299.59,WH-KOL,Remote
ORD105977,2025-05-25,Furniture,457.74,WH-BLR,Tier-2
ORD105978,2025-03-09,Grocery,1203.34,WH-BLR,Remote
ORD105979,2025-10-05,Books,3316.93,WH-HYD,Tier-2
ORD105980,2025-07-30,Beauty,712.27,WH-DEL,Metro
ORD105981,2025-08-15,Appliances,1577.78,WH-MUM,Metro
ORD105982,2025-11-16,Books,1529.95,WH-HYD,Tier-2
ORD105983,2025-05-22,Grocery,581.63,WH-DEL,Remote
ORD105984,2025-10-05,Fashion,743.23,WH-KOL,Metro
ORD105985,2025-06-03,Furniture,1312.7,WH-MUM,Tier-2
ORD105986,2025-01-18,Appliances,999.75,WH-MUM,Tier-3
ORD105987,2025-06-08,Fashion,2582.39,WH-BLR,Remote
ORD105988,2025-12-18,Grocery,956.59,WH-MUM,Remote
ORD105989,2025-07-23,Electronics,2723.48,WH-BLR,Metro
ORD105990,2025-02-15,Fashion,1002.83,WH-BLR,Metro
ORD105991,2025-10-11,Books,1365.32,WH-MUM,Metro
ORD105992,2025-12-22,Electronics,2540.02,WH-MUM,Metro
ORD105993,2025-12-07,Books,1229.35,WH-MUM,Tier-3
ORD105994,2025-08-29,Fashion,952.52,WH-BLR,Tier-2
ORD105995,2025-06-08,Furniture,1267.3,WH-MUM,Remote
ORD105996,2025-09-02,Beauty,2736.99,WH-BLR,Tier-2
ORD105997,2025-11-13,Books,1746.42,WH-BLR,Tier-2
ORD105998,2025-11-25,Books,240.88,WH-KOL,Metro
ORD105999,2025-11-14,Fashion,751.68,WH-MUM,Tier-2
ORD106000,2025-07-11,Fashion,756.89,WH-HYD,Tier-3
ORD106001,2025-02-19,Appliances,2136.25,WH-BLR,Tier-2
ORD106002,2025-08-28,Appliances,289.16,WH-MUM,Tier-3
ORD106003,2025-03-07,Books,1675.38,WH-BLR,Tier-3
ORD106004,2025-01-26,Appliances,2227.9,WH-MUM,Metro
ORD106005,2025-07-29,Fashion,2228.16,WH-HYD,Metro
ORD106006,2025-10-02,Fashion,1251.69,WH-KOL,Tier-2
ORD106007,2025-11-23,Beauty,367.7,WH-DEL,Tier-2
ORD106008,2025-11-04,Grocery,1090.33,WH-MUM,Metro
ORD106009,2025-11-24,Appliances,4354.89,WH-HYD,Metro
ORD106010,2025-10-29,Grocery,831.56,WH-DEL,Remote
ORD106011,2025-10-15,Beauty,7666.89,WH-MUM,Tier-3
ORD106012,2025-01-05,Books,2562.97,WH-MUM,Metro
ORD106013,2025-09-21,Fashion,1194.62,WH-MUM,Tier-2
ORD106014,2025-02-20,Books,1604.53,WH-MUM,Metro
ORD106015,2025-01-25,Fashion,1807.15,WH-DEL,Metro
ORD106016,2025-03-07,Fashion,844.1,WH-BLR,Metro
ORD106017,2025-11-15,Books,961.91,WH-DEL,Metro
ORD106018,2025-10-25,Fashion,6605.82,WH-MUM,Remote
ORD106019,2025-12-18,Fashion,4417.69,WH-MUM,Metro
ORD106020,2025-12-26,Furniture,990.08,WH-MUM,Tier-2
ORD106021,2025-12-03,Beauty,718.33,WH-DEL,Tier-3
ORD106022,2025-02-25,Electronics,374.45,WH-MUM,Metro
ORD106023,2025-11-30,Appliances,7519.53,WH-BLR,Tier-2
ORD106024,2025-11-19,Grocery,3039.46,WH-MUM,Metro
ORD106025,2025-11-28,Fashion,3630.57,WH-BLR,Metro
ORD106026,2025-03-05,Appliances,867.22,WH-MUM,Metro
ORD106027,2025-02-19,Grocery,822.72,WH-DEL,Tier-3
ORD106028,2025-12-11,Books,640.85,WH-MUM,Tier-2
ORD106029,2025-03-15,Appliances,106.91,WH-MUM,Metro
ORD106030,2025-06-04,Beauty,665.38,WH-MUM,Tier-2
ORD106031,2025-07-11,Books,1729.65,WH-MUM,Tier-3
ORD106032,2025-02-22,Electronics,1633.89,WH-BLR,Tier-2
ORD106033,2025-01-09,Appliances,818.17,WH-KOL,Remote
ORD106034,2025-12-30,Furniture,2261.36,WH-DEL,Tier-3
ORD106035,2025-11-29,Electronics,781.08,WH-DEL,Metro
ORD106036,2025-12-08,Furniture,2475.44,WH-BLR,Metro
ORD106037,2025-04-30,Appliances,2450.07,WH-KOL,Tier-2
ORD106038,2025-04-03,Electronics,2579.45,WH-DEL,Tier-2
ORD106039,2025-06-28,Fashion,1420.95,WH-MUM,Tier-2
ORD106040,2025-07-10,Grocery,697.19,WH-DEL,Tier-2
ORD106041,2025-01-03,Fashion,516.02,WH-MUM,Metro
ORD106042,2025-11-04,Books,236.3,WH-KOL,Remote
ORD106043,2025-12-31,Electronics,2454.64,WH-BLR,Tier-2
ORD106044,2025-08-11,Appliances,347.7,WH-HYD,Tier-3
ORD106045,2025-06-13,Appliances,1202.25,WH-KOL,Tier-2
ORD106046,2025-06-15,Fashion,1594.64,WH-MUM,Tier-2
ORD106047,2025-02-10,Grocery,569.47,WH-KOL,Remote
ORD106048,2025-04-22,Electronics,1213.69,WH-BLR,Metro
ORD106049,2025-07-30,Electronics,1728.81,WH-DEL,Tier-2
ORD106050,2025-07-01,Grocery,1076.34,WH-MUM,Tier-2
ORD106051,2025-08-18,Fashion,1935.87,WH-MUM,Tier-3
ORD106052,2025-11-22,Books,938.53,WH-MUM,Tier-2
ORD106053,2025-04-05,Furniture,1072.52,WH-DEL,Metro
ORD106054,2025-01-12,Electronics,657.85,WH-DEL,Tier-2
ORD106055,2025-01-17,Fashion,1201.72,WH-MUM,Tier-2
ORD106056,2025-02-26,Books,1345.95,WH-MUM,Metro
ORD106057,2025-08-28,Fashion,639.65,WH-MUM,Tier-2
ORD106058,2025-11-11,Appliances,1887.78,WH-DEL,Tier-2
ORD106059,2025-12-02,Electronics,186.35,WH-BLR,Metro
ORD106060,2025-09-24,Beauty,3183.07,WH-MUM,Metro
ORD106061,2025-06-19,Fashion,430.96,WH-KOL,Tier-3
ORD106062,2025-03-06,Grocery,3078.95,WH-KOL,Metro
ORD106063,2025-06-18,Grocery,2200.39,WH-DEL,Metro
ORD106064,2025-05-20,Fashion,3011.15,WH-MUM,Tier-3
ORD106065,2025-11-27,Appliances,544.06,WH-DEL,Metro
ORD106066,2025-07-24,Electronics,1138.11,WH-MUM,Metro
ORD106067,2025-04-06,Electronics,1694.36,WH-BLR,Remote
ORD106068,2025-05-02,Electronics,1886.28,WH-KOL,Tier-2
ORD106069,2025-02-27,Furniture,2623.12,WH-MUM,Metro
ORD106070,2025-12-10,Books,2255.39,WH-MUM,Metro
ORD106071,2025-01-22,Electronics,1959.83,WH-DEL,Metro
ORD106072,2025-01-06,Books,1984.44,WH-KOL,Tier-3
ORD106073,2025-03-18,Books,2314.63,WH-HYD,Metro
ORD106074,2025-11-12,Electronics,1360.87,WH-BLR,Metro
ORD106075,2025-08-08,Electronics,3349.95,WH-DEL,Remote
ORD106076,2025-09-20,Fashion,1259.45,WH-KOL,Tier-2
ORD106077,2025-05-31,Electronics,346.18,WH-DEL,Tier-3
ORD106078,2025-01-29,Appliances,3627.52,WH-BLR,Tier-2
ORD106079,2025-11-24,Grocery,1947.72,WH-DEL,Remote
ORD106080,2025-03-22,Fashion,1188.95,WH-HYD,Metro
ORD106081,2025-01-14,Appliances,1467.41,WH-BLR,Metro
ORD106082,2025-08-29,Fashion,4472.15,WH-DEL,Metro
ORD106083,2025-02-04,Books,1451.06,WH-DEL,Metro
ORD106084,2025-02-10,Furniture,4515.38,WH-DEL,Tier-3
ORD106085,2025-11-09,Fashion,1953.42,WH-BLR,Tier-2
ORD106086,2025-07-26,Grocery,1001.98,WH-MUM,Metro
ORD106087,2025-04-12,Fashion,469.75,WH-DEL,Metro
ORD106088,2025-05-27,Beauty,1441.01,WH-BLR,Tier-2
ORD106089,2025-10-21,Fashion,3832.64,WH-MUM,Metro
ORD106090,2025-01-28,Books,849.97,WH-MUM,Tier-3
ORD106091,2025-02-18,Beauty,1795.9,WH-BLR,Remote
ORD106092,2025-09-16,Grocery,4573.55,WH-DEL,Tier-3
ORD106093,2025-09-13,Appliances,324.31,WH-KOL,Metro
ORD106094,2025-12-24,Grocery,1840.96,WH-MUM,Tier-2
ORD106095,2025-06-07,Electronics,2086.49,WH-MUM,Tier-2
ORD106096,2025-01-28,Beauty,1780.89,WH-MUM,Tier-3
ORD106097,2025-08-14,Grocery,342.7,WH-DEL,Metro
ORD106098,2025-09-26,Books,729.67,WH-MUM,Tier-3
ORD106099,2025-02-28,Furniture,252.48,WH-HYD,Tier-2
ORD106100,2025-08-21,Electronics,466.78,WH-DEL,Tier-2
ORD106101,2025-03-25,Fashion,2630.59,WH-MUM,Metro
ORD106102,2025-11-21,Electronics,1028.66,WH-MUM,Metro
ORD106103,2025-11-18,Electronics,2579.62,WH-DEL,Tier-3
ORD106104,2025-06-30,Appliances,2469.16,WH-MUM,Metro
ORD106105,2025-12-23,Electronics,545.17,WH-MUM,Metro
ORD106106,2025-12-26,Beauty,1533.67,WH-MUM,Tier-2
ORD106107,2025-02-24,Fashion,376.53,WH-DEL,Metro
ORD106108,2025-06-04,Grocery,1668.65,WH-DEL,Tier-2
ORD106109,2025-09-10,Fashion,1879.92,WH-HYD,Metro
ORD106110,2025-02-05,Electronics,1116.62,WH-MUM,Tier-2
ORD106111,2025-06-10,Grocery,348.74,WH-KOL,Metro
ORD106112,2025-04-20,Fashion,407.42,WH-DEL,Tier-2
ORD106113,2025-12-19,Furniture,10240.44,WH-HYD,Tier-2
ORD106114,2025-06-22,Grocery,2201.99,WH-DEL,Tier-3
ORD106115,2025-10-30,Fashion,1071.62,WH-HYD,Metro
ORD106116,2025-06-12,Grocery,2886.87,WH-DEL,Metro
ORD106117,2025-02-25,Fashion,4347.31,WH-BLR,Metro
ORD106118,2025-11-26,Fashion,3527.78,WH-MUM,Metro
ORD106119,2025-01-01,Appliances,1147.34,WH-KOL,Metro
ORD106120,2025-01-24,Electronics,1025.46,WH-MUM,Remote
ORD106121,2025-06-03,Fashion,2531.85,WH-HYD,Metro
ORD106122,2025-10-10,Grocery,1109.5,WH-HYD,Metro
ORD106123,2025-05-24,Grocery,3494.43,WH-MUM,Remote
ORD106124,2025-01-28,Beauty,1465.09,WH-HYD,Tier-3
ORD106125,2025-05-14,Books,2527.01,WH-MUM,Metro
ORD106126,2025-04-13,Appliances,3076.81,WH-BLR,Tier-3
ORD106127,2025-01-03,Grocery,473.83,WH-DEL,Tier-2
ORD106128,2025-08-13,Fashion,1505.02,WH-HYD,Tier-3
ORD106129,2025-02-19,Electronics,3356.43,WH-MUM,Metro
ORD106130,2025-05-01,Books,702.49,WH-BLR,Tier-2
ORD106131,2025-09-27,Fashion,864.07,WH-DEL,Tier-3
ORD106132,2025-10-20,Fashion,3502.15,WH-HYD,Remote
ORD106133,2025-04-21,Furniture,4547.45,WH-DEL,Tier-2
ORD106134,2025-05-19,Appliances,80.06,WH-MUM,Metro
ORD106135,2025-04-14,Grocery,3494.49,WH-MUM,Remote
ORD106136,2025-12-20,Electronics,208.54,WH-DEL,Tier-2
ORD106137,2025-03-22,Beauty,1273.47,WH-BLR,Tier-2
ORD106138,2025-03-18,Electronics,442.03,WH-HYD,Metro
ORD106139,2025-07-07,Beauty,864.33,WH-BLR,Tier-3
ORD106140,2025-03-21,Fashion,1456.76,WH-MUM,Tier-2
ORD106141,2025-03-07,Beauty,2048.0,WH-HYD,Remote
ORD106142,2025-02-10,Beauty,4202.88,WH-DEL,Tier-2
ORD106143,2025-09-26,Fashion,456.59,WH-HYD,Metro
ORD106144,2025-09-15,Books,3377.83,WH-BLR,Tier-3
ORD106145,2025-10-01,Electronics,1072.55,WH-MUM,Metro
ORD106146,2025-11-02,Electronics,1090.98,WH-DEL,Metro
ORD106147,2025-05-18,Fashion,5220.49,WH-KOL,Remote
ORD106148,2025-12-10,Furniture,2627.94,WH-DEL,Remote
ORD106149,2025-10-22,Electronics,348.68,WH-MUM,Tier-3
ORD106150,2025-11-10,Grocery,1258.07,WH-BLR,Metro
ORD106151,2025-10-19,Beauty,736.44,WH-HYD,Tier-3
ORD106152,2025-05-31,Books,946.05,WH-DEL,Tier-2
ORD106153,2025-04-29,Fashion,1205.75,WH-BLR,Tier-2
ORD106154,2025-06-27,Grocery,1940.28,WH-MUM,Tier-2
ORD106155,2025-02-10,Electronics,490.65,WH-BLR,Tier-2
ORD106156,2025-07-09,Fashion,1121.7,WH-BLR,Metro
ORD106157,2025-01-19,Beauty,976.75,WH-KOL,Tier-2
ORD106158,2025-01-02,Beauty,1821.34,WH-DEL,Metro
ORD106159,2025-12-14,Fashion,1283.86,WH-MUM,Tier-3
ORD106160,2025-10-11,Fashion,2836.16,WH-KOL,Tier-3
ORD106161,2025-08-25,Fashion,1647.26,WH-KOL,Metro
ORD106162,2025-05-24,Fashion,2170.3,WH-KOL,Remote
ORD106163,2025-08-28,Electronics,1613.75,WH-HYD,Tier-3
ORD106164,2025-12-03,Electronics,533.98,WH-KOL,Tier-3
ORD106165,2025-10-01,Fashion,992.53,WH-BLR,Tier-3
ORD106166,2025-09-11,Fashion,784.46,WH-KOL,Metro
ORD106167,2025-07-13,Books,2458.02,WH-MUM,Tier-3
ORD106168,2025-05-26,Appliances,2647.02,WH-BLR,Metro
ORD106169,2025-10-13,Grocery,1254.51,WH-BLR,Remote
ORD106170,2025-12-27,Fashion,1504.48,WH-BLR,Tier-2
ORD106171,2025-06-28,Books,378.57,WH-HYD,Tier-2
ORD106172,2025-06-14,Electronics,980.62,WH-KOL,Metro
ORD106173,2025-06-29,Books,180.97,WH-BLR,Metro
ORD106174,2025-06-28,Electronics,2558.84,WH-HYD,Metro
ORD106175,2025-12-29,Beauty,7967.7,WH-HYD,Metro
ORD106176,2025-10-15,Electronics,874.31,WH-BLR,Tier-2
ORD106177,2025-05-31,Books,1608.52,WH-HYD,Metro
ORD106178,2025-06-06,Electronics,1870.18,WH-BLR,Remote
ORD106179,2025-07-01,Books,539.56,WH-MUM,Tier-3
ORD106180,2025-01-16,Grocery,1205.71,WH-DEL,Tier-2
ORD106181,2025-08-10,Electronics,1947.27,WH-KOL,Tier-3
ORD106182,2025-11-12,Appliances,1533.33,WH-BLR,Tier-2
ORD106183,2025-10-03,Electronics,1404.82,WH-MUM,Remote
ORD106184,2025-03-25,Grocery,1056.69,WH-DEL,Tier-3
ORD106185,2025-10-21,Fashion,697.23,WH-HYD,Tier-3
ORD106186,2025-10-19,Appliances,2300.27,WH-KOL,Metro
ORD106187,2025-04-21,Books,5476.91,WH-MUM,Tier-3
ORD106188,2025-09-19,Grocery,269.26,WH-HYD,Tier-3
ORD106189,2025-09-14,Appliances,239.22,WH-DEL,Metro
ORD106190,2025-11-19,Beauty,506.93,WH-BLR,Metro
ORD106191,2025-02-27,Appliances,941.09,WH-DEL,Tier-3
ORD106192,2025-03-23,Fashion,1085.92,WH-MUM,Remote
ORD106193,2025-07-24,Grocery,1482.86,WH-DEL,Tier-2
ORD106194,2025-01-19,Fashion,1419.41,WH-MUM,Metro
ORD106195,2025-06-24,Grocery,1198.8,WH-MUM,Tier-2
ORD106196,2025-11-06,Fashion,3706.06,WH-KOL,Metro
ORD106197,2025-03-04,Books,638.64,WH-KOL,Tier-3
ORD106198,2025-07-13,Furniture,2767.81,WH-MUM,Metro
ORD106199,2025-12-29,Furniture,6555.68,WH-HYD,Metro
ORD106200,2025-08-01,Electronics,413.04,WH-KOL,Tier-2
ORD106201,2025-07-29,Electronics,281.52,WH-BLR,Tier-2
ORD106202,2025-08-23,Books,1553.85,WH-DEL,Remote
ORD106203,2025-03-20,Grocery,2247.25,WH-MUM,Tier-2
ORD106204,2025-03-03,Beauty,1378.8,WH-HYD,Metro
ORD106205,2025-10-08,Grocery,244.54,WH-BLR,Metro
ORD106206,2025-06-16,Fashion,347.43,WH-HYD,Tier-2
ORD106207,2025-05-02,Appliances,892.09,WH-BLR,Metro
ORD106208,2025-01-14,Appliances,1867.95,WH-MUM,Tier-2
ORD106209,2025-11-21,Electronics,1008.66,WH-HYD,Tier-2
ORD106210,2025-01-14,Appliances,1588.75,WH-BLR,Tier-2
ORD106211,2025-10-27,Fashion,1553.42,WH-KOL,Metro
ORD106212,2025-06-10,Fashion,2821.2,WH-BLR,Remote
ORD106213,2025-09-09,Electronics,529.18,WH-DEL,Tier-3
ORD106214,2025-04-15,Furniture,1437.31,WH-HYD,Tier-2
ORD106215,2025-03-07,Appliances,4234.3,WH-BLR,Tier-2
ORD106216,2025-08-13,Fashion,711.94,WH-DEL,Metro
ORD106217,2025-10-13,Books,811.18,WH-DEL,Metro
ORD106218,2025-03-24,Appliances,1435.13,WH-DEL,Tier-3
ORD106219,2025-07-03,Fashion,574.92,WH-DEL,Tier-2
ORD106220,2025-07-06,Electronics,527.71,WH-MUM,Metro
ORD106221,2025-04-01,Fashion,1014.64,WH-MUM,Remote
ORD106222,2025-08-26,Electronics,1101.86,WH-BLR,Tier-2
ORD106223,2025-03-03,Beauty,2443.47,WH-KOL,Metro
ORD106224,2025-08-03,Books,653.69,WH-MUM,Metro
ORD106225,2025-02-17,Electronics,1372.49,WH-MUM,Metro
ORD106226,2025-07-24,Grocery,3595.54,WH-BLR,Tier-2
ORD106227,2025-05-11,Fashion,3428.42,WH-HYD,Remote
ORD106228,2025-07-10,Electronics,1226.41,WH-DEL,Metro
ORD106229,2025-07-02,Fashion,1557.96,WH-BLR,Metro
ORD106230,2025-12-07,Electronics,649.24,WH-KOL,Metro
ORD106231,2025-07-25,Fashion,1687.63,WH-KOL,Tier-2
ORD106232,2025-11-14,Fashion,4556.34,WH-KOL,Tier-3
ORD106233,2025-04-05,Fashion,3787.52,WH-DEL,Metro
ORD106234,2025-05-28,Grocery,1315.81,WH-MUM,Remote
ORD106235,2025-02-01,Grocery,1766.44,WH-BLR,Metro
ORD106236,2025-06-26,Fashion,743.67,WH-MUM,Tier-3
ORD106237,2025-10-05,Grocery,636.64,WH-DEL,Tier-2
ORD106238,2025-11-19,Fashion,1000.84,WH-BLR,Tier-2
ORD106239,2025-08-26,Beauty,1663.38,WH-MUM,Tier-3
ORD106240,2025-09-26,Electronics,2386.4,WH-DEL,Tier-2
ORD106241,2025-03-16,Grocery,1257.13,WH-HYD,Tier-3
ORD106242,2025-01-16,Electronics,1904.78,WH-BLR,Tier-2
ORD106243,2025-11-07,Fashion,173.91,WH-HYD,Tier-3
ORD106244,2025-03-12,Grocery,1535.11,WH-MUM,Metro
ORD106245,2025-02-08,Appliances,815.52,WH-DEL,Tier-2
ORD106246,2025-12-15,Beauty,492.42,WH-KOL,Tier-3
ORD106247,2025-12-22,Grocery,1925.98,WH-BLR,Tier-2
ORD106248,2025-09-16,Fashion,4263.0,WH-KOL,Tier-3
ORD106249,2025-06-09,Books,1324.81,WH-HYD,Remote
ORD106250,2025-11-18,Fashion,2707.65,WH-KOL,Metro
ORD106251,2025-03-28,Grocery,958.94,WH-MUM,Tier-2
ORD106252,2025-06-30,Books,6920.83,WH-BLR,Tier-3
ORD106253,2025-05-31,Fashion,379.57,WH-BLR,Metro
ORD106254,2025-12-09,Grocery,1235.59,WH-HYD,Metro
ORD106255,2025-12-10,Electronics,2443.41,WH-BLR,Metro
ORD106256,2025-10-01,Electronics,1306.76,WH-MUM,Tier-3
ORD106257,2025-02-16,Beauty,4028.43,WH-KOL,Remote
ORD106258,2025-07-22,Electronics,255.07,WH-MUM,Remote
ORD106259,2025-04-14,Fashion,1225.43,WH-BLR,Tier-2
ORD106260,2025-12-01,Grocery,1097.22,WH-HYD,Tier-2
ORD106261,2025-02-28,Fashion,1226.29,WH-MUM,Metro
ORD106262,2025-01-23,Electronics,377.53,WH-DEL,Remote
ORD106263,2025-10-15,Electronics,1060.96,WH-BLR,Remote
ORD106264,2025-07-10,Grocery,1022.48,WH-MUM,Tier-2
ORD106265,2025-11-19,Fashion,1627.07,WH-BLR,Metro
ORD106266,2025-02-01,Books,3224.75,WH-HYD,Remote
ORD106267,2025-11-09,Fashion,1464.38,WH-MUM,Tier-3
ORD106268,2025-01-16,Beauty,1870.98,WH-MUM,Remote
ORD106269,2025-01-12,Fashion,3662.92,WH-KOL,Tier-2
ORD106270,2025-07-13,Fashion,3468.11,WH-HYD,Metro
ORD106271,2025-04-03,Beauty,198.83,WH-DEL,Metro
ORD106272,2025-09-07,Books,2534.93,WH-KOL,Tier-2
ORD106273,2025-01-11,Fashion,2522.22,WH-BLR,Remote
ORD106274,2025-01-15,Fashion,1085.98,WH-DEL,Metro
ORD106275,2025-10-21,Books,928.14,WH-KOL,Tier-2
ORD106276,2025-03-30,Electronics,542.78,WH-DEL,Remote
ORD106277,2025-10-02,Fashion,283.45,WH-MUM,Metro
ORD106278,2025-10-27,Grocery,2643.43,WH-HYD,Tier-2
ORD106279,2025-01-25,Books,2470.29,WH-BLR,Tier-3
ORD106280,2025-11-01,Grocery,1236.48,WH-BLR,Tier-2
ORD106281,2025-04-23,Grocery,2363.47,WH-HYD,Tier-2
ORD106282,2025-06-13,Beauty,3037.71,WH-BLR,Tier-3
ORD106283,2025-02-06,Electronics,318.42,WH-BLR,Metro
ORD106284,2025-11-19,Books,1635.09,WH-MUM,Tier-3
ORD106285,2025-08-24,Electronics,1103.04,WH-MUM,Remote
ORD106286,2025-08-01,Appliances,1892.78,WH-MUM,Metro
ORD106287,2025-12-23,Grocery,1554.76,WH-HYD,Metro
ORD106288,2025-05-21,Fashion,2479.74,WH-DEL,Metro
ORD106289,2025-12-03,Grocery,377.56,WH-DEL,Tier-3
ORD106290,2025-10-19,Books,3832.12,WH-BLR,Metro
ORD106291,2025-12-13,Grocery,881.01,WH-MUM,Tier-2
ORD106292,2025-12-07,Electronics,1203.02,WH-KOL,Tier-3
ORD106293,2025-12-29,Electronics,327.79,WH-MUM,Tier-2
ORD106294,2025-02-25,Furniture,1232.94,WH-BLR,Tier-2
ORD106295,2025-11-08,Furniture,1320.1,WH-KOL,Tier-3
ORD106296,2025-11-10,Fashion,1256.6,WH-MUM,Tier-2
ORD106297,2025-09-28,Fashion,743.42,WH-MUM,Tier-3
ORD106298,2025-04-28,Appliances,504.87,WH-BLR,Tier-2
ORD106299,2025-12-22,Fashion,2237.35,WH-DEL,Tier-2
ORD106300,2025-03-27,Electronics,333.71,WH-BLR,Metro
ORD106301,2025-07-29,Fashion,2549.55,WH-DEL,Tier-3
ORD106302,2025-08-08,Grocery,5195.86,WH-HYD,Tier-2
ORD106303,2025-03-10,Beauty,7890.57,WH-DEL,Tier-3
ORD106304,2025-10-20,Grocery,562.93,WH-BLR,Tier-2
ORD106305,2025-02-07,Fashion,2148.81,WH-BLR,Tier-3
ORD106306,2025-10-12,Books,854.02,WH-HYD,Metro
ORD106307,2025-11-22,Fashion,3567.49,WH-KOL,Tier-3
ORD106308,2025-05-27,Beauty,1834.33,WH-BLR,Metro
ORD106309,2025-10-16,Fashion,1060.18,WH-MUM,Metro
ORD106310,2025-03-07,Beauty,646.57,WH-DEL,Tier-2
ORD106311,2025-11-21,Books,996.6,WH-HYD,Metro
ORD106312,2025-12-19,Books,780.97,WH-KOL,Metro
ORD106313,2025-03-06,Electronics,1313.62,WH-DEL,Metro
ORD106314,2025-10-12,Books,1368.89,WH-BLR,Remote
ORD106315,2025-08-01,Appliances,859.51,WH-HYD,Tier-3
ORD106316,2025-08-12,Fashion,800.08,WH-HYD,Remote
ORD106317,2025-10-15,Grocery,2212.64,WH-MUM,Metro
ORD106318,2025-07-25,Furniture,2345.84,WH-MUM,Metro
ORD106319,2025-09-10,Beauty,699.09,WH-BLR,Metro
ORD106320,2025-04-08,Books,1282.25,WH-MUM,Tier-3
ORD106321,2025-06-09,Fashion,670.9,WH-HYD,Remote
ORD106322,2025-11-26,Furniture,10789.31,WH-BLR,Tier-2
ORD106323,2025-02-16,Electronics,631.12,WH-HYD,Tier-2
ORD106324,2025-09-09,Fashion,1640.31,WH-BLR,Metro
ORD106325,2025-03-19,Books,1912.31,WH-MUM,Tier-2
ORD106326,2025-11-21,Furniture,786.61,WH-DEL,Remote
ORD106327,2025-09-01,Books,673.0,WH-BLR,Tier-2
ORD106328,2025-06-19,Grocery,1071.09,WH-DEL,Tier-2
ORD106329,2025-04-15,Fashion,670.46,WH-MUM,Tier-2
ORD106330,2025-07-03,Appliances,1557.34,WH-HYD,Tier-2
ORD106331,2025-12-20,Electronics,678.73,WH-KOL,Metro
ORD106332,2025-08-02,Beauty,1506.13,WH-MUM,Tier-3
ORD106333,2025-07-17,Beauty,256.85,WH-BLR,Tier-2
ORD106334,2025-10-26,Books,702.36,WH-HYD,Metro
ORD106335,2025-06-09,Books,957.16,WH-MUM,Tier-2
ORD106336,2025-06-29,Grocery,2982.56,WH-BLR,Metro
ORD106337,2025-05-22,Grocery,305.45,WH-KOL,Metro
ORD106338,2025-03-05,Books,3017.77,WH-BLR,Metro
ORD106339,2025-10-17,Fashion,2270.54,WH-DEL,Tier-3
ORD106340,2025-11-28,Books,321.04,WH-MUM,Metro
ORD106341,2025-12-07,Fashion,2059.98,WH-DEL,Remote
ORD106342,2025-11-30,Books,636.48,WH-DEL,Metro
ORD106343,2025-07-09,Grocery,2115.33,WH-DEL,Tier-2
ORD106344,2025-04-30,Books,2218.2,WH-DEL,Tier-3
ORD106345,2025-09-26,Grocery,2526.34,WH-BLR,Metro
ORD106346,2025-12-20,Furniture,847.95,WH-BLR,Remote
ORD106347,2025-10-21,Beauty,2311.58,WH-HYD,Tier-2
ORD106348,2025-07-27,Fashion,4591.52,WH-KOL,Metro
ORD106349,2025-10-11,Fashion,1061.01,WH-HYD,Remote
ORD106350,2025-11-02,Electronics,1174.49,WH-DEL,Metro
ORD106351,2025-12-10,Grocery,2364.5,WH-MUM,Metro
ORD106352,2025-10-30,Furniture,137.37,WH-DEL,Tier-3
ORD106353,2025-07-02,Furniture,610.8,WH-DEL,Metro
ORD106354,2025-04-25,Electronics,2998.09,WH-BLR,Tier-3
ORD106355,2025-07-30,Electronics,1514.76,WH-MUM,Metro
ORD106356,2025-05-18,Books,1127.34,WH-BLR,Remote
ORD106357,2025-12-16,Appliances,630.63,WH-MUM,Tier-2
ORD106358,2025-08-02,Electronics,1368.23,WH-HYD,Metro
ORD106359,2025-07-18,Electronics,875.93,WH-MUM,Remote
ORD106360,2025-05-27,Electronics,331.13,WH-HYD,Tier-3
ORD106361,2025-09-26,Books,3797.5,WH-KOL,Tier-3
ORD106362,2025-08-07,Appliances,768.24,WH-KOL,Tier-2
ORD106363,2025-02-24,Furniture,1077.65,WH-HYD,Tier-2
ORD106364,2025-11-27,Furniture,321.66,WH-HYD,Metro
ORD106365,2025-05-31,Books,872.97,WH-MUM,Tier-2
ORD106366,2025-07-01,Fashion,2995.16,WH-HYD,Metro
ORD106367,2025-03-28,Fashion,2820.74,WH-DEL,Tier-2
ORD106368,2025-08-21,Fashion,1366.78,WH-KOL,Metro
ORD106369,2025-10-14,Beauty,812.52,WH-DEL,Tier-3
ORD106370,2025-11-30,Grocery,1367.39,WH-MUM,Metro
ORD106371,2025-01-22,Grocery,2007.29,WH-HYD,Tier-2
ORD106372,2025-12-24,Books,404.41,WH-HYD,Tier-2
ORD106373,2025-10-15,Electronics,1636.77,WH-BLR,Metro
ORD106374,2025-04-30,Fashion,2473.03,WH-DEL,Metro
ORD106375,2025-03-27,Furniture,1276.37,WH-DEL,Metro
ORD106376,2025-05-05,Beauty,1318.72,WH-DEL,Metro
ORD106377,2025-11-29,Electronics,749.11,WH-KOL,Tier-3
ORD106378,2025-05-03,Grocery,1698.91,WH-DEL,Tier-2
ORD106379,2025-07-14,Beauty,4849.35,WH-KOL,Tier-2
ORD106380,2025-10-15,Appliances,4125.95,WH-MUM,Metro
ORD106381,2025-11-28,Furniture,845.15,WH-BLR,Tier-2
ORD106382,2025-10-03,Fashion,992.63,WH-MUM,Metro
ORD106383,2025-10-28,Electronics,3993.53,WH-DEL,Metro
ORD106384,2025-03-14,Fashion,2155.97,WH-HYD,Tier-2
ORD106385,2025-11-29,Fashion,2121.52,WH-DEL,Tier-2
ORD106386,2025-04-26,Books,315.26,WH-MUM,Metro
ORD106387,2025-02-23,Appliances,2784.58,WH-MUM,Metro
ORD106388,2025-12-25,Books,1070.22,WH-KOL,Tier-3
ORD106389,2025-03-26,Electronics,1614.51,WH-BLR,Metro
ORD106390,2025-02-27,Fashion,761.77,WH-BLR,Metro
ORD106391,2025-09-21,Appliances,5012.44,WH-DEL,Remote
ORD106392,2025-05-14,Electronics,614.03,WH-DEL,Metro
ORD106393,2025-02-26,Electronics,6386.97,WH-MUM,Tier-2
ORD106394,2025-09-10,Fashion,1370.5,WH-BLR,Tier-3
ORD106395,2025-10-29,Electronics,1171.58,WH-DEL,Metro
ORD106396,2025-11-07,Electronics,660.87,WH-BLR,Tier-2
ORD106397,2025-03-07,Fashion,881.67,WH-BLR,Tier-2
ORD106398,2025-08-22,Books,1138.37,WH-MUM,Metro
ORD106399,2025-11-13,Electronics,1491.92,WH-BLR,Metro
ORD106400,2025-03-09,Grocery,2062.3,WH-MUM,Remote
ORD106401,2025-03-29,Grocery,1133.57,WH-HYD,Metro
ORD106402,2025-01-02,Grocery,2060.97,WH-BLR,Tier-3
ORD106403,2025-08-09,Grocery,3450.29,WH-MUM,Tier-2
ORD106404,2025-03-23,Electronics,3124.34,WH-MUM,Tier-2
ORD106405,2025-10-20,Electronics,2211.35,WH-BLR,Tier-2
ORD106406,2025-12-22,Grocery,1998.69,WH-HYD,Tier-2
ORD106407,2025-03-29,Beauty,573.51,WH-BLR,Tier-2
ORD106408,2025-09-30,Fashion,1583.11,WH-KOL,Tier-2
ORD106409,2025-03-31,Grocery,562.4,WH-DEL,Tier-3
ORD106410,2025-01-08,Beauty,3021.74,WH-MUM,Tier-3
ORD106411,2025-10-29,Appliances,1687.27,WH-KOL,Metro
ORD106412,2025-07-02,Appliances,3306.87,WH-MUM,Metro
ORD106413,2025-12-18,Grocery,3429.72,WH-MUM,Tier-3
ORD106414,2025-08-13,Books,1906.31,WH-MUM,Metro
ORD106415,2025-03-08,Grocery,779.72,WH-DEL,Tier-3
ORD106416,2025-07-08,Furniture,222.73,WH-HYD,Metro
ORD106417,2025-03-27,Books,2067.84,WH-DEL,Metro
ORD106418,2025-11-29,Fashion,1170.91,WH-KOL,Metro
ORD106419,2025-10-11,Beauty,2540.91,WH-KOL,Metro
ORD106420,2025-05-24,Beauty,2341.67,WH-BLR,Tier-3
ORD106421,2025-08-10,Grocery,2161.84,WH-KOL,Metro
ORD106422,2025-10-06,Fashion,1632.2,WH-BLR,Remote
ORD106423,2025-11-04,Appliances,355.33,WH-KOL,Metro
ORD106424,2025-02-03,Fashion,3681.37,WH-MUM,Tier-3
ORD106425,2025-01-10,Grocery,490.0,WH-MUM,Tier-2
ORD106426,2025-02-18,Electronics,798.07,WH-MUM,Metro
ORD106427,2025-06-15,Books,1028.26,WH-BLR,Tier-3
ORD106428,2025-07-16,Beauty,1359.24,WH-HYD,Metro
ORD106429,2025-02-27,Electronics,1037.64,WH-BLR,Tier-2
ORD106430,2025-06-22,Appliances,858.67,WH-MUM,Metro
ORD106431,2025-07-05,Books,2545.43,WH-KOL,Tier-2
ORD106432,2025-02-15,Electronics,461.61,WH-DEL,Metro
ORD106433,2025-12-10,Fashion,961.49,WH-DEL,Metro
ORD106434,2025-09-09,Fashion,250.31,WH-KOL,Remote
ORD106435,2025-06-13,Books,587.14,WH-BLR,Tier-3
ORD106436,2025-08-02,Grocery,383.57,WH-MUM,Tier-3
ORD106437,2025-05-13,Electronics,2409.59,WH-BLR,Tier-3
ORD106438,2025-11-23,Fashion,1555.32,WH-BLR,Tier-2
ORD106439,2025-08-30,Grocery,701.28,WH-BLR,Tier-3
ORD106440,2025-07-27,Electronics,103.65,WH-DEL,Tier-2
ORD106441,2025-12-08,Furniture,395.18,WH-MUM,Remote
ORD106442,2025-11-19,Electronics,556.01,WH-DEL,Tier-2
ORD106443,2025-11-12,Books,1003.82,WH-HYD,Tier-2
ORD106444,2025-04-05,Appliances,2455.94,WH-MUM,Tier-2
ORD106445,2025-03-06,Books,423.71,WH-DEL,Metro
ORD106446,2025-10-11,Electronics,454.59,WH-BLR,Metro
ORD106447,2025-07-16,Furniture,350.46,WH-HYD,Remote
ORD106448,2025-10-09,Books,1342.42,WH-MUM,Tier-2
ORD106449,2025-10-30,Grocery,236.2,WH-HYD,Metro
ORD106450,2025-05-05,Electronics,326.31,WH-DEL,Remote
ORD106451,2025-04-30,Electronics,1952.98,WH-DEL,Remote
ORD106452,2025-07-26,Furniture,4533.34,WH-MUM,Tier-3
ORD106453,2025-04-25,Grocery,1409.46,WH-MUM,Metro
ORD106454,2025-10-05,Beauty,1041.89,WH-MUM,Metro
ORD106455,2025-10-26,Books,7649.72,WH-DEL,Tier-3
ORD106456,2025-07-18,Appliances,882.47,WH-DEL,Metro
ORD106457,2025-10-20,Beauty,884.82,WH-HYD,Metro
ORD106458,2025-08-03,Appliances,872.07,WH-BLR,Metro
ORD106459,2025-10-17,Electronics,4449.4,WH-KOL,Tier-3
ORD106460,2025-04-05,Electronics,2061.46,WH-KOL,Metro
ORD106461,2025-10-24,Books,2044.07,WH-MUM,Remote
ORD106462,2025-10-18,Fashion,1739.32,WH-BLR,Tier-3
ORD106463,2025-04-23,Beauty,929.52,WH-DEL,Remote
ORD106464,2025-08-22,Electronics,1034.28,WH-BLR,Metro
ORD106465,2025-11-24,Electronics,619.14,WH-BLR,Tier-2
ORD106466,2025-04-15,Appliances,975.64,WH-DEL,Tier-2
ORD106467,2025-10-23,Books,1679.2,WH-DEL,Remote
ORD106468,2025-12-19,Books,1145.53,WH-BLR,Metro
ORD106469,2025-11-26,Electronics,2559.06,WH-KOL,Metro
ORD106470,2025-06-18,Fashion,1652.45,WH-BLR,Tier-2
ORD106471,2025-09-13,Furniture,1559.09,WH-BLR,Tier-2
ORD106472,2025-12-29,Beauty,668.95,WH-BLR,Metro
ORD106473,2025-08-27,Fashion,502.1,WH-KOL,Tier-2
ORD106474,2025-02-18,Furniture,544.01,WH-KOL,Metro
ORD106475,2025-01-20,Electronics,3198.01,WH-BLR,Tier-2
ORD106476,2025-11-06,Appliances,336.39,WH-HYD,Metro
ORD106477,2025-06-28,Electronics,1559.17,WH-BLR,Tier-2
ORD106478,2025-04-14,Beauty,1559.86,WH-BLR,Metro
ORD106479,2025-05-27,Electronics,774.79,WH-BLR,Metro
ORD106480,2025-10-29,Appliances,1301.51,WH-HYD,Tier-2
ORD106481,2025-07-15,Appliances,1536.08,WH-MUM,Metro
ORD106482,2025-11-27,Fashion,531.6,WH-DEL,Tier-2
ORD106483,2025-10-23,Fashion,712.27,WH-BLR,Tier-2
ORD106484,2025-12-25,Grocery,1203.18,WH-KOL,Tier-2
ORD106485,2025-12-02,Furniture,1233.2,WH-KOL,Metro
ORD106486,2025-04-17,Appliances,429.43,WH-BLR,Metro
ORD106487,2025-10-03,Grocery,1342.97,WH-DEL,Tier-2
ORD106488,2025-01-09,Electronics,1384.27,WH-DEL,Metro
ORD106489,2025-12-29,Beauty,2786.77,WH-KOL,Metro
ORD106490,2025-04-20,Electronics,1231.3,WH-MUM,Tier-3
ORD106491,2025-10-04,Grocery,907.26,WH-BLR,Metro
ORD106492,2025-11-22,Beauty,2314.57,WH-MUM,Tier-2
ORD106493,2025-03-09,Beauty,3053.5,WH-DEL,Metro
ORD106494,2025-11-22,Electronics,413.66,WH-MUM,Metro
ORD106495,2025-01-06,Fashion,822.77,WH-BLR,Tier-3
ORD106496,2025-07-05,Furniture,230.36,WH-HYD,Tier-3
ORD106497,2025-07-18,Fashion,578.95,WH-HYD,Metro
ORD106498,2025-06-07,Appliances,4095.01,WH-MUM,Metro
ORD106499,2025-09-04,Grocery,528.39,WH-DEL,Tier-2
ORD106500,2025-12-09,Fashion,1809.21,WH-MUM,Tier-2
ORD106501,2025-05-18,Fashion,1729.84,WH-DEL,Tier-2
ORD106502,2025-09-01,Appliances,780.84,WH-BLR,Metro
ORD106503,2025-11-29,Books,865.95,WH-MUM,Remote
ORD106504,2025-11-02,Fashion,3793.62,WH-MUM,Tier-3
ORD106505,2025-01-18,Electronics,2648.9,WH-KOL,Tier-2
ORD106506,2025-12-16,Fashion,7457.1,WH-BLR,Remote
ORD106507,2025-01-20,Furniture,161.28,WH-MUM,Metro
ORD106508,2025-09-05,Appliances,1908.94,WH-MUM,Metro
ORD106509,2025-08-30,Books,184.8,WH-HYD,Metro
ORD106510,2025-11-05,Beauty,1204.28,WH-MUM,Metro
ORD106511,2025-03-04,Grocery,1039.57,WH-MUM,Metro
ORD106512,2025-03-17,Books,495.78,WH-DEL,Remote
ORD106513,2025-10-27,Fashion,764.09,WH-MUM,Tier-3
ORD106514,2025-03-04,Grocery,975.3,WH-DEL,Tier-2
ORD106515,2025-07-17,Grocery,1757.86,WH-DEL,Tier-2
ORD106516,2025-10-22,Appliances,495.1,WH-DEL,Metro
ORD106517,2025-10-01,Appliances,686.59,WH-DEL,Metro
ORD106518,2025-03-30,Fashion,1876.81,WH-BLR,Tier-2
ORD106519,2025-05-08,Books,2201.47,WH-DEL,Tier-2
ORD106520,2025-12-23,Books,10150.62,WH-KOL,Tier-2
ORD106521,2025-07-08,Beauty,1415.7,WH-MUM,Tier-2
ORD106522,2025-01-19,Grocery,2053.75,WH-HYD,Remote
ORD106523,2025-04-03,Beauty,1034.09,WH-DEL,Metro
ORD106524,2025-05-24,Books,3799.68,WH-DEL,Metro
ORD106525,2025-12-31,Furniture,586.7,WH-MUM,Metro
ORD106526,2025-05-08,Fashion,1172.55,WH-KOL,Remote
ORD106527,2025-01-12,Books,1512.27,WH-BLR,Tier-2
ORD106528,2025-08-04,Appliances,1828.54,WH-BLR,Tier-2
ORD106529,2025-02-05,Grocery,2615.86,WH-BLR,Remote
ORD106530,2025-04-26,Beauty,1051.11,WH-DEL,Tier-2
ORD106531,2025-12-29,Fashion,2526.26,WH-DEL,Metro
ORD106532,2025-10-15,Furniture,398.9,WH-DEL,Metro
ORD106533,2025-01-22,Fashion,1513.05,WH-BLR,Tier-2
ORD106534,2025-07-08,Grocery,273.19,WH-DEL,Tier-2
ORD106535,2025-03-14,Fashion,1032.12,WH-BLR,Remote
ORD106536,2025-02-21,Fashion,9142.15,WH-HYD,Metro
ORD106537,2025-09-04,Fashion,1530.1,WH-MUM,Tier-2
ORD106538,2025-08-01,Electronics,844.31,WH-MUM,Metro
ORD106539,2025-10-25,Electronics,1866.62,WH-MUM,Tier-3
ORD106540,2025-12-03,Appliances,1190.56,WH-MUM,Metro
ORD106541,2025-04-14,Fashion,502.79,WH-HYD,Metro
ORD106542,2025-12-11,Electronics,282.69,WH-KOL,Metro
ORD106543,2025-08-06,Electronics,1224.24,WH-DEL,Tier-3
ORD106544,2025-04-19,Electronics,1058.26,WH-MUM,Metro
ORD106545,2025-11-21,Electronics,1009.25,WH-MUM,Metro
ORD106546,2025-01-15,Beauty,2428.72,WH-DEL,Metro
ORD106547,2025-08-24,Grocery,3765.71,WH-MUM,Remote
ORD106548,2025-10-19,Fashion,2243.54,WH-HYD,Tier-2
ORD106549,2025-04-28,Grocery,960.56,WH-DEL,Remote
ORD106550,2025-11-26,Electronics,1398.81,WH-MUM,Metro
ORD106551,2025-04-11,Appliances,3060.67,WH-KOL,Tier-2
ORD106552,2025-11-19,Beauty,2563.56,WH-BLR,Tier-2
ORD106553,2025-02-03,Electronics,2013.14,WH-DEL,Metro
ORD106554,2025-03-09,Electronics,861.78,WH-MUM,Tier-2
ORD106555,2025-06-10,Furniture,3070.54,WH-BLR,Metro
ORD106556,2025-11-23,Electronics,3929.45,WH-BLR,Metro
ORD106557,2025-03-02,Electronics,2581.18,WH-DEL,Metro
ORD106558,2025-11-29,Furniture,14109.13,WH-BLR,Tier-2
ORD106559,2025-04-07,Furniture,2438.5,WH-HYD,Tier-2
ORD106560,2025-07-10,Fashion,3353.93,WH-MUM,Tier-2
ORD106561,2025-05-29,Books,2236.26,WH-MUM,Tier-3
ORD106562,2025-02-19,Electronics,1207.52,WH-DEL,Tier-2
ORD106563,2025-12-17,Fashion,522.77,WH-BLR,Tier-2
ORD106564,2025-07-04,Appliances,723.85,WH-BLR,Metro
ORD106565,2025-10-11,Furniture,729.87,WH-MUM,Tier-3
ORD106566,2025-08-30,Furniture,509.22,WH-DEL,Metro
ORD106567,2025-07-30,Appliances,1064.95,WH-MUM,Metro
ORD106568,2025-09-17,Furniture,1342.9,WH-MUM,Tier-2
ORD106569,2025-12-05,Books,3474.11,WH-DEL,Tier-3
ORD106570,2025-10-14,Grocery,510.72,WH-HYD,Metro
ORD106571,2025-08-12,Fashion,2734.03,WH-MUM,Tier-2
ORD106572,2025-09-29,Appliances,1659.91,WH-HYD,Metro
ORD106573,2025-09-12,Fashion,1810.24,WH-BLR,Metro
ORD106574,2025-07-01,Appliances,1240.22,WH-MUM,Tier-2
ORD106575,2025-09-20,Fashion,7140.39,WH-MUM,Metro
ORD106576,2025-07-06,Grocery,714.09,WH-MUM,Tier-3
ORD106577,2025-10-29,Appliances,856.9,WH-BLR,Metro
ORD106578,2025-12-23,Furniture,1471.72,WH-BLR,Tier-2
ORD106579,2025-12-21,Electronics,1838.07,WH-MUM,Metro
ORD106580,2025-11-14,Fashion,1603.48,WH-MUM,Metro
ORD106581,2025-09-10,Books,1286.97,WH-MUM,Tier-2
ORD106582,2025-10-27,Beauty,2040.88,WH-MUM,Metro
ORD106583,2025-03-16,Grocery,2167.42,WH-BLR,Metro
ORD106584,2025-07-21,Electronics,1298.69,WH-DEL,Metro
ORD106585,2025-04-19,Fashion,5821.96,WH-MUM,Metro
ORD106586,2025-01-02,Grocery,1907.04,WH-BLR,Tier-3
ORD106587,2025-12-23,Electronics,1074.45,WH-MUM,Tier-3
ORD106588,2025-11-26,Books,3621.93,WH-DEL,Metro
ORD106589,2025-08-04,Grocery,264.17,WH-DEL,Metro
ORD106590,2025-04-17,Fashion,544.48,WH-HYD,Metro
ORD106591,2025-10-12,Fashion,1137.8,WH-MUM,Tier-2
ORD106592,2025-07-02,Electronics,521.99,WH-DEL,Metro
ORD106593,2025-11-10,Grocery,2546.94,WH-MUM,Metro
ORD106594,2025-12-31,Grocery,2478.5,WH-HYD,Tier-2
ORD106595,2025-05-27,Fashion,4938.83,WH-HYD,Tier-2
ORD106596,2025-04-13,Furniture,843.79,WH-BLR,Tier-2
ORD106597,2025-04-23,Fashion,2109.06,WH-KOL,Tier-2
ORD106598,2025-02-09,Grocery,3728.61,WH-MUM,Metro
ORD106599,2025-06-15,Books,1525.43,WH-KOL,Metro
ORD106600,2025-01-08,Fashion,2947.48,WH-MUM,Tier-2
ORD106601,2025-02-18,Fashion,1236.4,WH-MUM,Tier-2
ORD106602,2025-04-25,Books,3834.41,WH-DEL,Metro
ORD106603,2025-03-09,Fashion,728.64,WH-BLR,Metro
ORD106604,2025-10-22,Fashion,387.14,WH-DEL,Metro
ORD106605,2025-02-14,Books,989.2,WH-BLR,Tier-3
ORD106606,2025-11-26,Grocery,1248.52,WH-BLR,Metro
ORD106607,2025-04-03,Beauty,1900.83,WH-MUM,Tier-3
ORD106608,2025-02-15,Grocery,1921.42,WH-KOL,Tier-3
ORD106609,2025-01-05,Grocery,759.35,WH-KOL,Tier-2
ORD106610,2025-10-18,Electronics,602.55,WH-MUM,Tier-3
ORD106611,2025-04-18,Electronics,4920.41,WH-DEL,Metro
ORD106612,2025-08-03,Grocery,1199.7,WH-BLR,Metro
ORD106613,2025-02-16,Electronics,915.45,WH-MUM,Tier-2
ORD106614,2025-12-28,Grocery,1728.71,WH-KOL,Tier-2
ORD106615,2025-02-22,Fashion,616.57,WH-HYD,Remote
ORD106616,2025-06-23,Electronics,756.04,WH-DEL,Tier-2
ORD106617,2025-11-23,Grocery,2523.75,WH-MUM,Metro
ORD106618,2025-04-13,Furniture,594.91,WH-HYD,Metro
ORD106619,2025-04-23,Fashion,462.49,WH-KOL,Tier-2
ORD106620,2025-11-11,Appliances,1007.77,WH-KOL,Tier-2
ORD106621,2025-04-25,Electronics,1647.86,WH-DEL,Tier-2
ORD106622,2025-01-02,Electronics,4022.92,WH-BLR,Tier-3
ORD106623,2025-06-29,Beauty,1758.84,WH-KOL,Metro
ORD106624,2025-01-06,Beauty,2024.12,WH-DEL,Tier-2
ORD106625,2025-12-08,Fashion,591.03,WH-BLR,Metro
ORD106626,2025-09-27,Fashion,1555.36,WH-BLR,Tier-2
ORD106627,2025-09-02,Books,547.07,WH-DEL,Tier-3
ORD106628,2025-03-26,Grocery,2785.92,WH-HYD,Tier-2
ORD106629,2025-10-14,Electronics,1466.82,WH-KOL,Tier-2
ORD106630,2025-10-08,Electronics,1285.06,WH-KOL,Metro
ORD106631,2025-01-26,Electronics,2007.26,WH-DEL,Remote
ORD106632,2025-11-30,Books,904.6,WH-KOL,Tier-2
ORD106633,2025-09-01,Furniture,908.67,WH-BLR,Tier-3
ORD106634,2025-11-07,Fashion,625.94,WH-BLR,Metro
ORD106635,2025-04-21,Electronics,5568.45,WH-BLR,Metro
ORD106636,2025-02-21,Electronics,1116.23,WH-HYD,Tier-2
ORD106637,2025-10-14,Appliances,1040.23,WH-KOL,Tier-2
ORD106638,2025-11-07,Books,2333.19,WH-HYD,Tier-2
ORD106639,2025-06-12,Grocery,1351.99,WH-KOL,Metro
ORD106640,2025-01-10,Appliances,209.07,WH-DEL,Tier-2
ORD106641,2025-11-14,Fashion,6756.15,WH-HYD,Metro
ORD106642,2025-03-28,Grocery,912.58,WH-MUM,Metro
ORD106643,2025-05-23,Fashion,684.19,WH-HYD,Tier-2
ORD106644,2025-09-21,Electronics,1175.99,WH-HYD,Tier-3
ORD106645,2025-02-12,Grocery,886.34,WH-MUM,Metro
ORD106646,2025-01-31,Books,900.05,WH-BLR,Remote
ORD106647,2025-01-11,Electronics,1469.99,WH-MUM,Remote
ORD106648,2025-12-10,Grocery,302.46,WH-KOL,Tier-2
ORD106649,2025-05-11,Books,2411.1,WH-DEL,Tier-3
ORD106650,2025-10-03,Books,2873.6,WH-MUM,Tier-2
ORD106651,2025-12-29,Grocery,346.67,WH-KOL,Metro
ORD106652,2025-10-06,Electronics,1928.42,WH-MUM,Metro
ORD106653,2025-08-09,Books,675.33,WH-MUM,Metro
ORD106654,2025-08-07,Electronics,943.63,WH-HYD,Metro
ORD106655,2025-06-08,Fashion,1774.69,WH-MUM,Remote
ORD106656,2025-09-10,Electronics,2678.82,WH-MUM,Remote
ORD106657,2025-12-21,Grocery,1745.59,WH-HYD,Tier-2
ORD106658,2025-11-06,Furniture,440.82,WH-MUM,Tier-2
ORD106659,2025-06-28,Books,1409.95,WH-MUM,Remote
ORD106660,2025-05-20,Grocery,1981.4,WH-BLR,Tier-3
ORD106661,2025-12-01,Beauty,721.87,WH-HYD,Metro
ORD106662,2025-02-27,Grocery,680.85,WH-DEL,Remote
ORD106663,2025-11-22,Furniture,1265.03,WH-HYD,Tier-2
ORD106664,2025-04-18,Electronics,2119.44,WH-DEL,Metro
ORD106665,2025-10-18,Electronics,851.18,WH-BLR,Metro
ORD106666,2025-11-11,Grocery,1623.51,WH-MUM,Tier-3
ORD106667,2025-07-20,Appliances,488.61,WH-MUM,Metro
ORD106668,2025-03-22,Fashion,1663.01,WH-HYD,Tier-3
ORD106669,2025-11-21,Grocery,311.96,WH-DEL,Tier-3
ORD106670,2025-06-04,Fashion,1716.18,WH-DEL,Metro
ORD106671,2025-05-15,Fashion,2711.13,WH-HYD,Metro
ORD106672,2025-08-03,Fashion,1172.02,WH-MUM,Tier-2
ORD106673,2025-07-02,Electronics,2092.07,WH-KOL,Metro
ORD106674,2025-10-09,Fashion,1629.84,WH-MUM,Tier-2
ORD106675,2025-02-27,Books,445.1,WH-DEL,Remote
ORD106676,2025-07-03,Books,520.68,WH-BLR,Tier-2
ORD106677,2025-12-03,Electronics,1002.61,WH-BLR,Tier-2
ORD106678,2025-01-16,Electronics,1189.32,WH-HYD,Tier-3
ORD106679,2025-07-12,Grocery,716.2,WH-MUM,Remote
ORD106680,2025-10-03,Fashion,504.62,WH-KOL,Remote
ORD106681,2025-12-02,Books,136.31,WH-DEL,Metro
ORD106682,2025-09-07,Grocery,5109.52,WH-DEL,Metro
ORD106683,2025-11-15,Books,5238.38,WH-MUM,Tier-2
ORD106684,2025-04-04,Electronics,681.32,WH-KOL,Metro
ORD106685,2025-05-29,Beauty,423.12,WH-KOL,Tier-2
ORD106686,2025-12-16,Appliances,4289.79,WH-MUM,Tier-3
ORD106687,2025-12-02,Appliances,245.73,WH-DEL,Remote
ORD106688,2025-08-23,Beauty,3048.18,WH-KOL,Metro
ORD106689,2025-07-19,Grocery,2229.24,WH-BLR,Tier-3
ORD106690,2025-07-09,Electronics,1012.64,WH-MUM,Tier-2
ORD106691,2025-01-25,Grocery,4082.32,WH-KOL,Tier-2
ORD106692,2025-12-03,Books,790.13,WH-MUM,Metro
ORD106693,2025-11-14,Books,2623.86,WH-KOL,Metro
ORD106694,2025-07-11,Grocery,1096.93,WH-MUM,Tier-3
ORD106695,2025-04-28,Appliances,506.07,WH-DEL,Tier-2
ORD106696,2025-05-25,Fashion,6865.85,WH-MUM,Tier-3
ORD106697,2025-02-21,Fashion,759.92,WH-MUM,Metro
ORD106698,2025-10-19,Grocery,950.11,WH-KOL,Metro
ORD106699,2025-08-22,Fashion,2567.55,WH-DEL,Metro
ORD106700,2025-04-09,Electronics,3612.82,WH-KOL,Tier-2
ORD106701,2025-09-19,Appliances,466.38,WH-MUM,Tier-2
ORD106702,2025-12-26,Grocery,4241.53,WH-KOL,Tier-2
ORD106703,2025-02-21,Grocery,1332.7,WH-DEL,Metro
ORD106704,2025-07-12,Electronics,1248.48,WH-BLR,Metro
ORD106705,2025-07-27,Fashion,1171.51,WH-MUM,Metro
ORD106706,2025-03-12,Appliances,1321.63,WH-MUM,Metro
ORD106707,2025-08-12,Books,384.73,WH-BLR,Remote
ORD106708,2025-09-12,Electronics,1854.29,WH-KOL,Metro
ORD106709,2025-03-08,Books,1577.15,WH-KOL,Metro
ORD106710,2025-03-07,Books,998.39,WH-BLR,Tier-3
ORD106711,2025-11-24,Books,1578.99,WH-BLR,Remote
ORD106712,2025-05-11,Grocery,1136.73,WH-MUM,Tier-2
ORD106713,2025-09-22,Fashion,1262.38,WH-HYD,Metro
ORD106714,2025-09-21,Appliances,1870.77,WH-DEL,Tier-2
ORD106715,2025-11-19,Grocery,1117.96,WH-DEL,Metro
ORD106716,2025-10-24,Fashion,719.21,WH-DEL,Metro
ORD106717,2025-11-20,Fashion,2457.94,WH-KOL,Tier-3
ORD106718,2025-09-20,Grocery,566.77,WH-MUM,Tier-3
ORD106719,2025-07-08,Grocery,3106.34,WH-BLR,Metro
ORD106720,2025-06-15,Books,1017.43,WH-DEL,Tier-3
ORD106721,2025-06-09,Fashion,2698.91,WH-KOL,Tier-2
ORD106722,2025-06-25,Fashion,4231.34,WH-DEL,Tier-2
ORD106723,2025-02-24,Beauty,1277.34,WH-KOL,Metro
ORD106724,2025-06-28,Fashion,2691.02,WH-KOL,Remote
ORD106725,2025-06-13,Electronics,2217.79,WH-BLR,Metro
ORD106726,2025-01-15,Books,1550.36,WH-DEL,Metro
ORD106727,2025-04-26,Beauty,2169.32,WH-HYD,Metro
ORD106728,2025-10-27,Appliances,1070.74,WH-BLR,Tier-2
ORD106729,2025-08-31,Fashion,4981.64,WH-DEL,Remote
ORD106730,2025-11-11,Grocery,1432.85,WH-MUM,Metro
ORD106731,2025-08-17,Books,746.74,WH-HYD,Metro
ORD106732,2025-11-23,Books,946.53,WH-BLR,Remote
ORD106733,2025-11-08,Electronics,2724.41,WH-MUM,Tier-2
ORD106734,2025-02-11,Books,641.42,WH-DEL,Remote
ORD106735,2025-12-25,Furniture,6085.09,WH-DEL,Tier-3
ORD106736,2025-01-07,Electronics,3806.59,WH-BLR,Tier-3
ORD106737,2025-09-08,Electronics,500.23,WH-BLR,Tier-2
ORD106738,2025-11-07,Electronics,2486.58,WH-KOL,Metro
ORD106739,2025-05-20,Beauty,617.56,WH-KOL,Tier-2
ORD106740,2025-09-09,Fashion,687.57,WH-DEL,Metro
ORD106741,2025-06-02,Appliances,920.44,WH-BLR,Tier-2
ORD106742,2025-01-26,Electronics,739.61,WH-HYD,Tier-2
ORD106743,2025-01-04,Books,2393.12,WH-DEL,Metro
ORD106744,2025-02-09,Grocery,1640.71,WH-MUM,Tier-2
ORD106745,2025-02-11,Beauty,1878.3,WH-BLR,Metro
ORD106746,2025-09-14,Grocery,1342.66,WH-BLR,Tier-3
ORD106747,2025-08-09,Books,878.05,WH-BLR,Metro
ORD106748,2025-07-11,Furniture,883.14,WH-DEL,Tier-2
ORD106749,2025-10-12,Grocery,3243.83,WH-MUM,Metro
ORD106750,2025-01-08,Beauty,1013.27,WH-DEL,Metro
ORD106751,2025-04-24,Grocery,4090.96,WH-DEL,Tier-2
ORD106752,2025-11-03,Books,805.63,WH-DEL,Tier-2
ORD106753,2025-12-08,Electronics,1389.62,WH-DEL,Tier-3
ORD106754,2025-07-04,Furniture,1715.59,WH-DEL,Metro
ORD106755,2025-02-04,Beauty,3448.01,WH-BLR,Tier-3
ORD106756,2025-11-09,Books,2908.79,WH-BLR,Metro
ORD106757,2025-12-01,Grocery,1712.85,WH-DEL,Tier-2
ORD106758,2025-06-23,Grocery,1421.89,WH-MUM,Tier-2
ORD106759,2025-04-13,Books,647.44,WH-MUM,Metro
ORD106760,2025-01-19,Fashion,1148.31,WH-MUM,Metro
ORD106761,2025-09-06,Beauty,8185.97,WH-BLR,Metro
ORD106762,2025-12-08,Fashion,622.17,WH-BLR,Metro
ORD106763,2025-10-08,Electronics,854.03,WH-DEL,Metro
ORD106764,2025-05-14,Appliances,443.32,WH-DEL,Remote
ORD106765,2025-09-28,Fashion,736.7,WH-DEL,Metro
ORD106766,2025-11-17,Fashion,519.82,WH-BLR,Tier-3
ORD106767,2025-07-19,Fashion,502.37,WH-HYD,Remote
ORD106768,2025-11-14,Beauty,1734.14,WH-MUM,Metro
ORD106769,2025-06-14,Grocery,2402.71,WH-DEL,Tier-3
ORD106770,2025-05-27,Beauty,1776.03,WH-MUM,Remote
ORD106771,2025-09-02,Fashion,591.5,WH-MUM,Metro
ORD106772,2025-07-15,Fashion,348.19,WH-HYD,Tier-2
ORD106773,2025-12-25,Fashion,260.87,WH-BLR,Tier-3
ORD106774,2025-08-05,Fashion,505.14,WH-BLR,Tier-3
ORD106775,2025-06-11,Electronics,589.47,WH-BLR,Tier-3
ORD106776,2025-06-15,Electronics,927.9,WH-KOL,Metro
ORD106777,2025-08-19,Grocery,1652.11,WH-KOL,Metro
ORD106778,2025-05-30,Appliances,982.97,WH-DEL,Tier-2
ORD106779,2025-10-20,Fashion,4757.87,WH-MUM,Metro
ORD106780,2025-06-09,Grocery,8479.31,WH-BLR,Tier-2
ORD106781,2025-06-11,Fashion,1230.11,WH-HYD,Tier-2
ORD106782,2025-09-17,Grocery,289.67,WH-BLR,Tier-2
ORD106783,2025-01-26,Appliances,871.75,WH-MUM,Tier-3
ORD106784,2025-10-02,Books,1082.01,WH-HYD,Tier-2
ORD106785,2025-08-01,Books,2318.74,WH-MUM,Tier-2
ORD106786,2025-07-10,Fashion,459.95,WH-HYD,Remote
ORD106787,2025-10-19,Grocery,365.6,WH-HYD,Metro
ORD106788,2025-10-29,Books,1651.82,WH-HYD,Tier-2
ORD106789,2025-11-21,Beauty,864.83,WH-DEL,Metro
ORD106790,2025-06-07,Grocery,853.98,WH-MUM,Tier-2
ORD106791,2025-05-18,Grocery,662.64,WH-DEL,Tier-3
ORD106792,2025-10-17,Appliances,969.69,WH-HYD,Remote
ORD106793,2025-09-02,Beauty,1570.69,WH-HYD,Tier-2
ORD106794,2025-09-23,Fashion,195.88,WH-HYD,Tier-3
ORD106795,2025-08-22,Electronics,1357.08,WH-KOL,Metro
ORD106796,2025-11-02,Books,2321.76,WH-DEL,Tier-2
ORD106797,2025-03-21,Appliances,1915.48,WH-KOL,Tier-3
ORD106798,2025-08-22,Electronics,7228.46,WH-MUM,Tier-2
ORD106799,2025-03-08,Fashion,943.88,WH-KOL,Tier-3
ORD106800,2025-06-21,Grocery,1243.48,WH-KOL,Tier-3
ORD106801,2025-10-04,Appliances,3710.21,WH-BLR,Metro
ORD106802,2025-07-27,Books,1398.6,WH-DEL,Tier-3
ORD106803,2025-06-09,Electronics,4466.62,WH-DEL,Tier-2
ORD106804,2025-12-01,Fashion,2574.68,WH-HYD,Tier-2
ORD106805,2025-11-02,Appliances,1502.79,WH-BLR,Remote
ORD106806,2025-08-10,Electronics,1327.19,WH-DEL,Tier-2
ORD106807,2025-12-18,Grocery,1110.12,WH-DEL,Metro
ORD106808,2025-06-28,Grocery,1302.74,WH-MUM,Tier-3
ORD106809,2025-11-06,Fashion,681.01,WH-KOL,Metro
ORD106810,2025-03-12,Books,2302.89,WH-DEL,Tier-3
ORD106811,2025-05-01,Electronics,6194.66,WH-MUM,Remote
ORD106812,2025-05-23,Appliances,314.36,WH-HYD,Tier-3
ORD106813,2025-02-14,Furniture,3439.49,WH-BLR,Tier-2
ORD106814,2025-07-30,Grocery,1625.56,WH-MUM,Remote
ORD106815,2025-03-22,Books,3088.81,WH-MUM,Tier-2
ORD106816,2025-09-24,Fashion,837.46,WH-KOL,Metro
ORD106817,2025-03-21,Books,1158.53,WH-KOL,Tier-3
ORD106818,2025-02-21,Electronics,3686.47,WH-DEL,Tier-3
ORD106819,2025-12-23,Beauty,1287.64,WH-MUM,Tier-3
ORD106820,2025-10-03,Electronics,2591.51,WH-MUM,Tier-2
ORD106821,2025-12-15,Grocery,836.51,WH-DEL,Metro
ORD106822,2025-07-25,Electronics,1142.92,WH-DEL,Metro
ORD106823,2025-01-15,Fashion,2013.15,WH-MUM,Metro
ORD106824,2025-08-30,Electronics,1851.47,WH-BLR,Tier-3
ORD106825,2025-08-23,Electronics,2595.43,WH-KOL,Tier-2
ORD106826,2025-01-07,Electronics,1019.67,WH-DEL,Metro
ORD106827,2025-11-25,Electronics,1339.41,WH-BLR,Metro
ORD106828,2025-09-18,Appliances,2908.31,WH-KOL,Metro
ORD106829,2025-10-25,Grocery,4247.55,WH-MUM,Tier-2
ORD106830,2025-07-27,Electronics,684.57,WH-HYD,Tier-3
ORD106831,2025-09-17,Beauty,3464.84,WH-BLR,Remote
ORD106832,2025-04-19,Furniture,724.19,WH-KOL,Tier-2
ORD106833,2025-12-25,Fashion,1581.66,WH-BLR,Metro
ORD106834,2025-06-18,Fashion,1678.66,WH-KOL,Metro
ORD106835,2025-03-10,Grocery,907.02,WH-HYD,Tier-2
ORD106836,2025-01-24,Grocery,1162.07,WH-BLR,Tier-2
ORD106837,2025-09-25,Books,325.27,WH-BLR,Metro
ORD106838,2025-12-27,Grocery,2391.83,WH-HYD,Metro
ORD106839,2025-12-04,Beauty,1072.69,WH-BLR,Tier-3
ORD106840,2025-10-14,Appliances,1295.31,WH-BLR,Tier-2
ORD106841,2025-12-29,Beauty,847.35,WH-DEL,Tier-2
ORD106842,2025-10-20,Grocery,2398.12,WH-BLR,Tier-2
ORD106843,2025-05-23,Furniture,1553.45,WH-DEL,Tier-2
ORD106844,2025-09-10,Appliances,534.15,WH-DEL,Metro
ORD106845,2025-02-03,Appliances,1224.2,WH-BLR,Tier-3
ORD106846,2025-04-04,Electronics,585.2,WH-MUM,Metro
ORD106847,2025-06-25,Electronics,1361.42,WH-BLR,Metro
ORD106848,2025-03-26,Fashion,2312.8,WH-KOL,Tier-2
ORD106849,2025-12-19,Fashion,1562.65,WH-BLR,Tier-2
ORD106850,2025-12-30,Beauty,1895.97,WH-DEL,Tier-2
ORD106851,2025-06-05,Appliances,3120.31,WH-DEL,Remote
ORD106852,2025-10-16,Electronics,695.8,WH-HYD,Metro
ORD106853,2025-06-21,Fashion,943.02,WH-MUM,Metro
ORD106854,2025-02-28,Fashion,317.39,WH-BLR,Metro
ORD106855,2025-05-22,Books,988.72,WH-DEL,Metro
ORD106856,2025-04-09,Beauty,820.04,WH-DEL,Tier-3
ORD106857,2025-05-18,Electronics,2260.2,WH-HYD,Tier-2
ORD106858,2025-04-01,Fashion,1937.35,WH-BLR,Metro
ORD106859,2025-02-17,Beauty,4450.16,WH-HYD,Tier-2
ORD106860,2025-04-02,Furniture,896.83,WH-BLR,Tier-3
ORD106861,2025-12-07,Books,1839.56,WH-DEL,Remote
ORD106862,2025-02-05,Fashion,2421.77,WH-DEL,Metro
ORD106863,2025-05-17,Fashion,8375.34,WH-BLR,Tier-2
ORD106864,2025-08-11,Appliances,1897.8,WH-KOL,Metro
ORD106865,2025-05-29,Electronics,1288.92,WH-DEL,Tier-3
ORD106866,2025-08-06,Books,1481.05,WH-BLR,Remote
ORD106867,2025-01-19,Appliances,1943.5,WH-BLR,Tier-2
ORD106868,2025-09-30,Fashion,4018.66,WH-HYD,Tier-2
ORD106869,2025-08-25,Grocery,952.99,WH-HYD,Tier-2
ORD106870,2025-10-09,Books,758.44,WH-BLR,Tier-2
ORD106871,2025-08-27,Beauty,10911.0,WH-MUM,Tier-2
ORD106872,2025-07-04,Fashion,543.78,WH-DEL,Tier-3
ORD106873,2025-05-28,Books,2655.82,WH-MUM,Remote
ORD106874,2025-04-06,Electronics,1868.69,WH-MUM,Tier-3
ORD106875,2025-07-30,Beauty,1732.95,WH-MUM,Metro
ORD106876,2025-01-11,Appliances,501.65,WH-DEL,Tier-2
ORD106877,2025-05-18,Electronics,11698.98,WH-BLR,Tier-2
ORD106878,2025-10-08,Appliances,1542.52,WH-MUM,Metro
ORD106879,2025-02-15,Appliances,887.04,WH-BLR,Tier-2
ORD106880,2025-01-27,Appliances,462.32,WH-BLR,Metro
ORD106881,2025-10-01,Fashion,268.09,WH-KOL,Tier-2
ORD106882,2025-06-17,Appliances,2352.7,WH-BLR,Metro
ORD106883,2025-11-09,Books,685.33,WH-BLR,Metro
ORD106884,2025-12-15,Fashion,1080.86,WH-KOL,Remote
ORD106885,2025-12-20,Fashion,827.22,WH-KOL,Metro
ORD106886,2025-06-28,Books,2059.56,WH-HYD,Metro
ORD106887,2025-04-22,Furniture,1829.19,WH-BLR,Metro
ORD106888,2025-09-13,Grocery,2444.65,WH-DEL,Tier-2
ORD106889,2025-09-21,Books,2520.42,WH-DEL,Remote
ORD106890,2025-09-19,Electronics,755.37,WH-HYD,Tier-2
ORD106891,2025-05-16,Books,456.08,WH-BLR,Tier-3
ORD106892,2025-01-27,Grocery,1189.42,WH-MUM,Metro
ORD106893,2025-03-30,Electronics,2026.11,WH-MUM,Metro
ORD106894,2025-03-06,Beauty,1460.61,WH-DEL,Tier-3
ORD106895,2025-02-22,Appliances,300.23,WH-MUM,Metro
ORD106896,2025-12-12,Fashion,1402.47,WH-DEL,Tier-2
ORD106897,2025-01-06,Beauty,601.57,WH-DEL,Tier-2
ORD106898,2025-09-10,Beauty,1363.36,WH-HYD,Remote
ORD106899,2025-12-18,Books,2897.54,WH-KOL,Tier-2
ORD106900,2025-06-01,Electronics,182.24,WH-DEL,Remote
ORD106901,2025-08-10,Electronics,4472.45,WH-BLR,Tier-2
ORD106902,2025-10-13,Appliances,580.08,WH-KOL,Metro
ORD106903,2025-05-14,Beauty,2971.21,WH-BLR,Metro
ORD106904,2025-07-20,Fashion,2624.98,WH-BLR,Tier-2
ORD106905,2025-11-13,Grocery,1052.64,WH-MUM,Metro
ORD106906,2025-10-26,Electronics,1926.7,WH-DEL,Metro
ORD106907,2025-11-11,Grocery,764.19,WH-BLR,Tier-2
ORD106908,2025-12-28,Furniture,336.73,WH-MUM,Tier-2
ORD106909,2025-06-05,Electronics,3328.21,WH-BLR,Tier-2
ORD106910,2025-10-26,Furniture,775.47,WH-DEL,Remote
ORD106911,2025-09-11,Furniture,5656.84,WH-DEL,Metro
ORD106912,2025-10-05,Grocery,2714.65,WH-DEL,Remote
ORD106913,2025-10-24,Books,681.51,WH-MUM,Tier-2
ORD106914,2025-10-27,Electronics,2144.89,WH-HYD,Tier-3
ORD106915,2025-12-01,Electronics,2043.26,WH-MUM,Tier-2
ORD106916,2025-05-27,Grocery,5313.62,WH-MUM,Metro
ORD106917,2025-10-01,Grocery,905.82,WH-DEL,Tier-3
ORD106918,2025-04-28,Fashion,1112.3,WH-DEL,Tier-3
ORD106919,2025-09-07,Beauty,1894.35,WH-HYD,Tier-3
ORD106920,2025-10-27,Fashion,1359.03,WH-BLR,Tier-3
ORD106921,2025-11-07,Fashion,440.45,WH-HYD,Metro
ORD106922,2025-06-26,Books,3016.56,WH-MUM,Remote
ORD106923,2025-08-02,Beauty,4810.45,WH-KOL,Remote
ORD106924,2025-05-21,Grocery,1514.23,WH-DEL,Tier-3
ORD106925,2025-03-13,Electronics,483.9,WH-MUM,Tier-2
ORD106926,2025-04-20,Fashion,1223.55,WH-BLR,Tier-3
ORD106927,2025-12-08,Fashion,647.13,WH-MUM,Tier-2
ORD106928,2025-05-10,Grocery,1088.65,WH-MUM,Tier-2
ORD106929,2025-12-25,Appliances,1553.63,WH-KOL,Remote
ORD106930,2025-04-12,Fashion,2263.89,WH-KOL,Metro
ORD106931,2025-10-20,Grocery,4122.15,WH-MUM,Tier-3
ORD106932,2025-08-30,Appliances,2212.08,WH-HYD,Tier-2
ORD106933,2025-10-13,Fashion,574.56,WH-HYD,Metro
ORD106934,2025-09-28,Electronics,2311.13,WH-KOL,Tier-2
ORD106935,2025-10-15,Books,1065.72,WH-MUM,Tier-2
ORD106936,2025-12-07,Electronics,1166.36,WH-BLR,Metro
ORD106937,2025-08-25,Electronics,1324.48,WH-KOL,Tier-3
ORD106938,2025-01-29,Electronics,1492.28,WH-DEL,Metro
ORD106939,2025-04-24,Grocery,3011.17,WH-MUM,Tier-3
ORD106940,2025-10-16,Furniture,1993.13,WH-MUM,Metro
ORD106941,2025-07-27,Grocery,518.83,WH-BLR,Metro
ORD106942,2025-08-19,Fashion,402.75,WH-BLR,Metro
ORD106943,2025-09-08,Grocery,2253.32,WH-MUM,Metro
ORD106944,2025-06-10,Electronics,2061.02,WH-DEL,Tier-3
ORD106945,2025-11-02,Books,3673.5,WH-DEL,Tier-2
ORD106946,2025-10-20,Beauty,1237.97,WH-DEL,Tier-3
ORD106947,2025-10-17,Grocery,1675.72,WH-BLR,Tier-3
ORD106948,2025-10-18,Fashion,1962.44,WH-BLR,Metro
ORD106949,2025-12-03,Books,386.25,WH-MUM,Remote
ORD106950,2025-09-08,Electronics,368.78,WH-BLR,Tier-3
ORD106951,2025-12-23,Fashion,2413.21,WH-KOL,Metro
ORD106952,2025-02-20,Beauty,1799.71,WH-MUM,Tier-2
ORD106953,2025-09-23,Electronics,3933.89,WH-MUM,Tier-2
ORD106954,2025-10-18,Electronics,5854.66,WH-DEL,Tier-2
ORD106955,2025-07-20,Grocery,1053.3,WH-DEL,Metro
ORD106956,2025-05-02,Grocery,1010.3,WH-BLR,Tier-2
ORD106957,2025-08-20,Grocery,452.48,WH-HYD,Metro
ORD106958,2025-06-03,Electronics,2027.31,WH-BLR,Tier-2
ORD106959,2025-12-08,Appliances,258.11,WH-MUM,Tier-2
ORD106960,2025-05-30,Fashion,616.3,WH-MUM,Tier-3
ORD106961,2025-03-15,Beauty,1714.58,WH-DEL,Metro
ORD106962,2025-08-31,Fashion,790.69,WH-DEL,Metro
ORD106963,2025-06-16,Electronics,1289.74,WH-HYD,Tier-2
ORD106964,2025-02-10,Grocery,1135.0,WH-DEL,Tier-2
ORD106965,2025-08-26,Fashion,550.27,WH-BLR,Tier-2
ORD106966,2025-08-15,Furniture,256.55,WH-DEL,Tier-2
ORD106967,2025-03-14,Fashion,2345.06,WH-MUM,Metro
ORD106968,2025-09-09,Fashion,1161.8,WH-DEL,Tier-2
ORD106969,2025-08-27,Electronics,1757.52,WH-MUM,Tier-2
ORD106970,2025-11-02,Fashion,1278.17,WH-MUM,Tier-2
ORD106971,2025-06-01,Electronics,1260.08,WH-DEL,Tier-2
ORD106972,2025-04-15,Fashion,1526.6,WH-DEL,Tier-2
ORD106973,2025-12-19,Electronics,1148.39,WH-HYD,Tier-2
ORD106974,2025-08-24,Books,1021.65,WH-HYD,Tier-3
ORD106975,2025-01-12,Appliances,599.43,WH-MUM,Tier-2
ORD106976,2025-11-14,Electronics,9759.57,WH-BLR,Remote
ORD106977,2025-03-24,Electronics,2997.62,WH-BLR,Remote
ORD106978,2025-11-05,Electronics,4415.21,WH-BLR,Metro
ORD106979,2025-10-15,Fashion,3696.84,WH-MUM,Tier-3
ORD106980,2025-12-23,Grocery,1071.29,WH-BLR,Tier-2
ORD106981,2025-12-22,Fashion,1158.18,WH-DEL,Remote
ORD106982,2025-04-26,Beauty,1342.51,WH-MUM,Remote
ORD106983,2025-10-31,Books,1000.91,WH-BLR,Tier-2
ORD106984,2025-05-14,Electronics,2703.56,WH-MUM,Metro
ORD106985,2025-09-22,Electronics,698.71,WH-HYD,Tier-2
ORD106986,2025-09-09,Electronics,570.5,WH-MUM,Metro
ORD106987,2025-01-23,Electronics,474.8,WH-KOL,Tier-2
ORD106988,2025-01-03,Grocery,1033.58,WH-HYD,Tier-2
ORD106989,2025-01-25,Electronics,918.28,WH-KOL,Tier-2
ORD106990,2025-02-23,Electronics,816.44,WH-DEL,Metro
ORD106991,2025-04-19,Electronics,1432.25,WH-HYD,Tier-3
ORD106992,2025-12-07,Furniture,527.06,WH-MUM,Tier-2
ORD106993,2025-08-06,Electronics,2425.57,WH-DEL,Tier-2
ORD106994,2025-11-08,Beauty,556.89,WH-BLR,Tier-3
ORD106995,2025-11-19,Fashion,524.19,WH-BLR,Tier-3
ORD106996,2025-10-23,Fashion,800.35,WH-KOL,Tier-2
ORD106997,2025-06-14,Grocery,1199.36,WH-DEL,Metro
ORD106998,2025-11-26,Grocery,2666.26,WH-BLR,Metro
ORD106999,2025-10-25,Fashion,1261.79,WH-BLR,Tier-2
ORD107000,2025-10-25,Grocery,371.02,WH-MUM,Metro
ORD107001,2025-12-06,Fashion,1978.36,WH-HYD,Tier-3
ORD107002,2025-09-09,Fashion,1948.18,WH-KOL,Metro
ORD107003,2025-08-11,Electronics,841.94,WH-BLR,Metro
ORD107004,2025-12-03,Furniture,1535.6,WH-BLR,Tier-2
ORD107005,2025-07-10,Furniture,4220.33,WH-BLR,Tier-2
ORD107006,2025-11-12,Furniture,670.92,WH-DEL,Metro
ORD107007,2025-01-23,Beauty,2888.22,WH-DEL,Tier-3
ORD107008,2025-01-01,Grocery,3686.53,WH-HYD,Remote
ORD107009,2025-08-10,Books,1541.74,WH-DEL,Metro
ORD107010,2025-01-31,Fashion,501.11,WH-BLR,Remote
ORD107011,2025-12-25,Grocery,3810.56,WH-MUM,Tier-2
ORD107012,2025-01-03,Furniture,2787.2,WH-MUM,Tier-2
ORD107013,2025-10-18,Fashion,2077.06,WH-DEL,Tier-3
ORD107014,2025-04-13,Fashion,1284.45,WH-DEL,Tier-3
ORD107015,2025-12-23,Grocery,3380.93,WH-KOL,Tier-2
ORD107016,2025-06-10,Electronics,678.54,WH-BLR,Tier-2
ORD107017,2025-01-12,Fashion,2658.98,WH-KOL,Metro
ORD107018,2025-01-12,Books,1035.51,WH-BLR,Metro
ORD107019,2025-08-21,Grocery,350.32,WH-MUM,Tier-2
ORD107020,2025-12-28,Electronics,599.63,WH-BLR,Tier-2
ORD107021,2025-12-26,Electronics,1850.37,WH-MUM,Remote
ORD107022,2025-05-22,Beauty,1599.99,WH-BLR,Tier-2
ORD107023,2025-07-22,Beauty,1909.52,WH-BLR,Tier-2
ORD107024,2025-02-12,Furniture,998.6,WH-DEL,Tier-2
ORD107025,2025-08-08,Electronics,1585.76,WH-HYD,Tier-3
ORD107026,2025-09-09,Fashion,2209.18,WH-HYD,Remote
ORD107027,2025-04-16,Fashion,8848.04,WH-HYD,Tier-3
ORD107028,2025-09-15,Books,978.77,WH-HYD,Metro
ORD107029,2025-12-05,Grocery,3040.53,WH-KOL,Tier-3
ORD107030,2025-01-01,Appliances,2246.83,WH-BLR,Remote
ORD107031,2025-04-07,Fashion,1477.52,WH-KOL,Metro
ORD107032,2025-03-30,Books,472.92,WH-MUM,Tier-2
ORD107033,2025-02-22,Fashion,4072.04,WH-MUM,Tier-2
ORD107034,2025-03-11,Fashion,1634.46,WH-DEL,Tier-2
ORD107035,2025-09-21,Grocery,834.88,WH-BLR,Tier-3
ORD107036,2025-02-13,Grocery,660.16,WH-BLR,Tier-3
ORD107037,2025-10-24,Books,1650.45,WH-MUM,Metro
ORD107038,2025-12-02,Grocery,632.51,WH-HYD,Metro
ORD107039,2025-12-12,Beauty,849.83,WH-KOL,Metro
ORD107040,2025-10-03,Fashion,834.55,WH-BLR,Tier-3
ORD107041,2025-03-24,Fashion,1389.83,WH-MUM,Metro
ORD107042,2025-02-05,Fashion,2165.47,WH-DEL,Tier-2
ORD107043,2025-04-08,Electronics,1038.82,WH-MUM,Tier-2
ORD107044,2025-12-22,Books,1129.96,WH-MUM,Metro
ORD107045,2025-12-22,Electronics,1460.61,WH-MUM,Metro
ORD107046,2025-06-10,Fashion,735.96,WH-DEL,Tier-3
ORD107047,2025-05-17,Fashion,837.32,WH-BLR,Tier-2
ORD107048,2025-08-03,Appliances,921.62,WH-BLR,Tier-2
ORD107049,2025-05-03,Beauty,1686.51,WH-BLR,Metro
ORD107050,2025-12-26,Books,4851.45,WH-DEL,Metro
ORD107051,2025-04-03,Fashion,494.45,WH-MUM,Tier-2
ORD107052,2025-06-05,Grocery,1621.84,WH-DEL,Metro
ORD107053,2025-06-30,Fashion,1114.73,WH-KOL,Metro
ORD107054,2025-02-22,Beauty,1169.32,WH-MUM,Metro
ORD107055,2025-06-10,Electronics,906.51,WH-BLR,Tier-2
ORD107056,2025-11-24,Beauty,3337.56,WH-BLR,Metro
ORD107057,2025-02-28,Books,192.35,WH-KOL,Metro
ORD107058,2025-09-03,Appliances,539.95,WH-DEL,Tier-3
ORD107059,2025-06-20,Appliances,3203.53,WH-HYD,Tier-2
ORD107060,2025-03-13,Fashion,3401.14,WH-HYD,Tier-3
ORD107061,2025-01-06,Fashion,5475.07,WH-KOL,Tier-3
ORD107062,2025-04-25,Fashion,1711.81,WH-HYD,Metro
ORD107063,2025-01-26,Electronics,1969.94,WH-MUM,Tier-2
ORD107064,2025-06-08,Appliances,301.73,WH-DEL,Remote
ORD107065,2025-11-12,Grocery,1342.58,WH-KOL,Metro
ORD107066,2025-10-19,Books,2095.71,WH-DEL,Metro
ORD107067,2025-12-18,Books,906.57,WH-HYD,Metro
ORD107068,2025-06-29,Electronics,1244.18,WH-KOL,Remote
ORD107069,2025-10-16,Fashion,3589.43,WH-DEL,Metro
ORD107070,2025-10-05,Fashion,4295.85,WH-DEL,Remote
ORD107071,2025-04-02,Electronics,1636.39,WH-DEL,Tier-2
ORD107072,2025-05-08,Appliances,1286.03,WH-MUM,Tier-2
ORD107073,2025-08-11,Appliances,2399.79,WH-MUM,Tier-2
ORD107074,2025-11-08,Appliances,996.71,WH-DEL,Metro
ORD107075,2025-07-14,Grocery,3087.89,WH-KOL,Metro
ORD107076,2025-04-06,Books,880.14,WH-KOL,Tier-3
ORD107077,2025-12-30,Furniture,2440.61,WH-BLR,Tier-3
ORD107078,2025-02-18,Beauty,1318.5,WH-HYD,Tier-2
ORD107079,2025-12-20,Books,816.23,WH-BLR,Tier-2
ORD107080,2025-11-11,Appliances,1785.31,WH-DEL,Tier-2
ORD107081,2025-11-19,Electronics,978.64,WH-KOL,Tier-2
ORD107082,2025-11-08,Books,2967.34,WH-KOL,Tier-3
ORD107083,2025-03-29,Fashion,604.59,WH-DEL,Metro
ORD107084,2025-09-23,Fashion,1603.18,WH-DEL,Remote
ORD107085,2025-10-29,Grocery,745.71,WH-MUM,Tier-2
ORD107086,2025-10-26,Fashion,3501.37,WH-HYD,Tier-2
ORD107087,2025-04-25,Electronics,2372.6,WH-MUM,Metro
ORD107088,2025-03-18,Electronics,1292.29,WH-BLR,Tier-2
ORD107089,2025-05-18,Books,1323.15,WH-HYD,Metro
ORD107090,2025-07-21,Furniture,5153.96,WH-BLR,Tier-2
ORD107091,2025-08-30,Beauty,2458.45,WH-DEL,Metro
ORD107092,2025-11-19,Books,731.7,WH-MUM,Metro
ORD107093,2025-11-01,Fashion,2829.24,WH-BLR,Metro
ORD107094,2025-10-07,Books,853.89,WH-BLR,Tier-3
ORD107095,2025-04-21,Grocery,1513.83,WH-BLR,Tier-3
ORD107096,2025-07-21,Fashion,249.99,WH-BLR,Tier-2
ORD107097,2025-05-21,Beauty,2570.74,WH-DEL,Metro
ORD107098,2025-04-09,Beauty,783.88,WH-DEL,Tier-2
ORD107099,2025-01-05,Electronics,1134.46,WH-MUM,Remote
ORD107100,2025-05-23,Books,439.44,WH-HYD,Tier-3
ORD107101,2025-04-18,Electronics,1547.36,WH-HYD,Tier-3
ORD107102,2025-08-29,Beauty,1417.1,WH-DEL,Tier-3
ORD107103,2025-01-27,Furniture,483.23,WH-DEL,Tier-3
ORD107104,2025-04-24,Electronics,1374.85,WH-DEL,Metro
ORD107105,2025-01-19,Books,1083.39,WH-BLR,Metro
ORD107106,2025-09-27,Grocery,3565.84,WH-MUM,Tier-3
ORD107107,2025-08-27,Electronics,759.92,WH-MUM,Metro
ORD107108,2025-05-22,Books,1964.89,WH-HYD,Metro
ORD107109,2025-03-03,Books,413.08,WH-MUM,Tier-3
ORD107110,2025-12-20,Grocery,1427.95,WH-KOL,Tier-3
ORD107111,2025-09-03,Appliances,1783.02,WH-BLR,Metro
ORD107112,2025-10-08,Electronics,1855.54,WH-MUM,Tier-2
ORD107113,2025-08-12,Fashion,1218.0,WH-BLR,Metro
ORD107114,2025-11-11,Furniture,5353.02,WH-HYD,Metro
ORD107115,2025-12-04,Fashion,1003.78,WH-MUM,Metro
ORD107116,2025-06-10,Grocery,1969.21,WH-DEL,Tier-3
ORD107117,2025-10-11,Beauty,1041.21,WH-DEL,Metro
ORD107118,2025-04-07,Books,685.17,WH-BLR,Tier-3
ORD107119,2025-10-01,Grocery,517.95,WH-HYD,Metro
ORD107120,2025-06-17,Grocery,644.5,WH-HYD,Metro
ORD107121,2025-01-03,Books,2172.1,WH-DEL,Metro
ORD107122,2025-12-20,Books,3872.48,WH-MUM,Tier-3
ORD107123,2025-11-27,Electronics,2166.82,WH-HYD,Remote
ORD107124,2025-05-03,Grocery,1024.52,WH-DEL,Metro
ORD107125,2025-12-31,Electronics,810.27,WH-KOL,Tier-2
ORD107126,2025-05-14,Electronics,1527.52,WH-BLR,Metro
ORD107127,2025-07-12,Fashion,582.27,WH-KOL,Metro
ORD107128,2025-11-22,Furniture,2716.27,WH-KOL,Metro
ORD107129,2025-05-08,Books,1800.09,WH-MUM,Metro
ORD107130,2025-07-09,Beauty,617.57,WH-DEL,Tier-3
ORD107131,2025-10-05,Fashion,4416.48,WH-MUM,Tier-2
ORD107132,2025-02-24,Fashion,510.33,WH-BLR,Tier-3
ORD107133,2025-06-27,Electronics,1396.06,WH-DEL,Tier-3
ORD107134,2025-05-11,Electronics,2609.77,WH-BLR,Tier-3
ORD107135,2025-10-08,Electronics,2410.2,WH-BLR,Metro
ORD107136,2025-02-27,Beauty,812.41,WH-DEL,Metro
ORD107137,2025-04-08,Electronics,963.11,WH-KOL,Metro
ORD107138,2025-10-17,Appliances,623.54,WH-BLR,Metro
ORD107139,2025-03-07,Fashion,1595.64,WH-BLR,Metro
ORD107140,2025-06-27,Grocery,2581.36,WH-BLR,Metro
ORD107141,2025-10-17,Books,290.77,WH-BLR,Tier-2
ORD107142,2025-10-31,Beauty,2089.53,WH-KOL,Metro
ORD107143,2025-02-09,Fashion,903.66,WH-MUM,Tier-2
ORD107144,2025-11-23,Beauty,1243.41,WH-DEL,Tier-2
ORD107145,2025-10-20,Fashion,571.43,WH-MUM,Metro
ORD107146,2025-05-23,Books,816.45,WH-KOL,Metro
ORD107147,2025-10-30,Electronics,6593.62,WH-MUM,Tier-2
ORD107148,2025-10-21,Grocery,1021.83,WH-KOL,Tier-3
ORD107149,2025-09-10,Appliances,1327.82,WH-DEL,Tier-3
ORD107150,2025-08-23,Books,644.27,WH-KOL,Remote
ORD107151,2025-10-23,Books,10575.34,WH-MUM,Metro
ORD107152,2025-12-31,Fashion,1944.43,WH-KOL,Tier-3
ORD107153,2025-09-01,Books,1316.59,WH-MUM,Tier-3
ORD107154,2025-11-11,Fashion,2796.97,WH-DEL,Remote
ORD107155,2025-10-25,Fashion,1779.31,WH-DEL,Metro
ORD107156,2025-11-24,Electronics,1167.14,WH-MUM,Tier-3
ORD107157,2025-12-20,Fashion,1208.78,WH-DEL,Tier-2
ORD107158,2025-03-23,Electronics,390.96,WH-BLR,Tier-2
ORD107159,2025-03-11,Furniture,999.8,WH-KOL,Tier-2
ORD107160,2025-09-04,Electronics,894.03,WH-MUM,Tier-2
ORD107161,2025-07-08,Grocery,1731.68,WH-BLR,Tier-3
ORD107162,2025-08-28,Electronics,1130.72,WH-DEL,Remote
ORD107163,2025-11-08,Appliances,2318.41,WH-HYD,Tier-2
ORD107164,2025-12-14,Fashion,1450.67,WH-BLR,Metro
ORD107165,2025-06-25,Fashion,683.35,WH-MUM,Tier-2
ORD107166,2025-10-18,Furniture,4407.21,WH-DEL,Metro
ORD107167,2025-03-24,Beauty,983.1,WH-HYD,Tier-2
ORD107168,2025-08-13,Beauty,2086.81,WH-MUM,Metro
ORD107169,2025-01-10,Fashion,469.25,WH-MUM,Tier-2
ORD107170,2025-07-31,Beauty,2480.24,WH-HYD,Tier-2
ORD107171,2025-08-18,Furniture,361.86,WH-BLR,Metro
ORD107172,2025-10-23,Beauty,6308.64,WH-KOL,Metro
ORD107173,2025-09-30,Electronics,2316.41,WH-HYD,Metro
ORD107174,2025-05-31,Electronics,1125.5,WH-KOL,Tier-3
ORD107175,2025-01-03,Electronics,2115.64,WH-MUM,Tier-2
ORD107176,2025-02-18,Books,485.94,WH-BLR,Tier-2
ORD107177,2025-12-24,Electronics,1139.3,WH-DEL,Metro
ORD107178,2025-12-11,Electronics,2430.76,WH-BLR,Tier-3
ORD107179,2025-05-17,Grocery,2118.45,WH-MUM,Metro
ORD107180,2025-04-19,Beauty,1331.16,WH-MUM,Metro
ORD107181,2025-07-03,Grocery,1724.08,WH-MUM,Tier-2
ORD107182,2025-10-11,Appliances,3179.66,WH-MUM,Metro
ORD107183,2025-05-30,Electronics,2388.49,WH-MUM,Tier-3
ORD107184,2025-01-29,Beauty,298.01,WH-MUM,Tier-3
ORD107185,2025-06-19,Electronics,1331.14,WH-DEL,Tier-2
ORD107186,2025-04-20,Fashion,1359.58,WH-MUM,Metro
ORD107187,2025-05-17,Grocery,492.55,WH-DEL,Metro
ORD107188,2025-03-10,Fashion,575.57,WH-HYD,Tier-3
ORD107189,2025-10-03,Furniture,4437.3,WH-DEL,Metro
ORD107190,2025-08-10,Furniture,749.35,WH-KOL,Tier-3
ORD107191,2025-04-24,Fashion,954.57,WH-KOL,Tier-3
ORD107192,2025-08-21,Electronics,706.44,WH-BLR,Metro
ORD107193,2025-07-27,Electronics,1864.3,WH-MUM,Metro
ORD107194,2025-11-08,Electronics,1674.86,WH-HYD,Metro
ORD107195,2025-12-20,Beauty,6315.44,WH-HYD,Metro
ORD107196,2025-02-24,Furniture,871.99,WH-BLR,Remote
ORD107197,2025-12-01,Electronics,2036.26,WH-KOL,Tier-2
ORD107198,2025-10-15,Electronics,296.05,WH-HYD,Tier-2
ORD107199,2025-10-12,Books,430.7,WH-KOL,Metro
ORD107200,2025-06-07,Books,3886.28,WH-BLR,Metro
ORD107201,2025-05-25,Beauty,3242.39,WH-DEL,Tier-2
ORD107202,2025-01-03,Electronics,1910.49,WH-MUM,Remote
ORD107203,2025-12-27,Grocery,3298.55,WH-MUM,Tier-2
ORD107204,2025-09-12,Electronics,566.49,WH-BLR,Metro
ORD107205,2025-06-19,Books,5024.72,WH-BLR,Remote
ORD107206,2025-08-17,Fashion,585.29,WH-KOL,Metro
ORD107207,2025-01-18,Appliances,1735.99,WH-DEL,Tier-2
ORD107208,2025-03-14,Electronics,12302.15,WH-DEL,Tier-3
ORD107209,2025-09-19,Appliances,661.41,WH-MUM,Tier-2
ORD107210,2025-08-05,Fashion,3939.31,WH-KOL,Remote
ORD107211,2025-11-06,Books,2901.86,WH-KOL,Tier-3
ORD107212,2025-10-03,Electronics,874.01,WH-DEL,Metro
ORD107213,2025-09-10,Books,7129.7,WH-MUM,Tier-2
ORD107214,2025-11-13,Electronics,645.92,WH-BLR,Tier-3
ORD107215,2025-01-29,Furniture,1300.75,WH-DEL,Metro
ORD107216,2025-10-11,Appliances,2237.76,WH-HYD,Remote
ORD107217,2025-10-18,Fashion,1240.84,WH-KOL,Tier-3
ORD107218,2025-04-26,Fashion,16103.45,WH-BLR,Metro
ORD107219,2025-03-24,Fashion,489.56,WH-MUM,Metro
ORD107220,2025-03-31,Fashion,4887.05,WH-MUM,Metro
ORD107221,2025-03-25,Furniture,219.23,WH-MUM,Metro
ORD107222,2025-08-09,Electronics,132.58,WH-DEL,Tier-2
ORD107223,2025-02-26,Electronics,1397.37,WH-DEL,Tier-2
ORD107224,2025-10-03,Fashion,2415.46,WH-KOL,Metro
ORD107225,2025-02-14,Fashion,4411.92,WH-BLR,Tier-2
ORD107226,2025-01-12,Electronics,4849.78,WH-MUM,Metro
ORD107227,2025-05-15,Appliances,1571.82,WH-DEL,Remote
ORD107228,2025-03-22,Electronics,1995.59,WH-HYD,Tier-3
ORD107229,2025-12-29,Beauty,1626.81,WH-HYD,Metro
ORD107230,2025-05-08,Appliances,4540.33,WH-HYD,Metro
ORD107231,2025-04-04,Fashion,498.53,WH-DEL,Remote
ORD107232,2025-03-24,Books,786.96,WH-MUM,Metro
ORD107233,2025-06-07,Furniture,2656.92,WH-HYD,Tier-3
ORD107234,2025-09-12,Grocery,3109.52,WH-KOL,Metro
ORD107235,2025-11-04,Fashion,3930.92,WH-MUM,Metro
ORD107236,2025-06-03,Furniture,1265.96,WH-BLR,Tier-2
ORD107237,2025-09-21,Electronics,899.2,WH-BLR,Metro
ORD107238,2025-07-22,Grocery,2352.05,WH-DEL,Tier-3
ORD107239,2025-11-21,Electronics,557.01,WH-DEL,Remote
ORD107240,2025-08-28,Fashion,5079.75,WH-BLR,Tier-2
ORD107241,2025-05-02,Furniture,895.75,WH-BLR,Tier-2
ORD107242,2025-10-15,Electronics,1073.47,WH-DEL,Tier-3
ORD107243,2025-11-14,Fashion,2443.12,WH-MUM,Tier-3
ORD107244,2025-07-15,Books,749.17,WH-BLR,Metro
ORD107245,2025-12-28,Fashion,534.09,WH-DEL,Tier-2
ORD107246,2025-11-30,Electronics,3368.47,WH-BLR,Tier-2
ORD107247,2025-03-24,Fashion,581.46,WH-BLR,Metro
ORD107248,2025-11-05,Beauty,1648.9,WH-MUM,Tier-3
ORD107249,2025-09-10,Appliances,1362.69,WH-MUM,Tier-3
ORD107250,2025-08-13,Grocery,293.09,WH-BLR,Tier-3
ORD107251,2025-08-04,Books,579.76,WH-BLR,Tier-2
ORD107252,2025-11-23,Furniture,1778.83,WH-BLR,Tier-3
ORD107253,2025-09-14,Books,3591.74,WH-HYD,Metro
ORD107254,2025-08-14,Furniture,727.99,WH-HYD,Metro
ORD107255,2025-01-21,Books,659.33,WH-BLR,Tier-2
ORD107256,2025-07-08,Furniture,2219.62,WH-DEL,Tier-2
ORD107257,2025-12-07,Fashion,2543.95,WH-BLR,Tier-3
ORD107258,2025-10-17,Electronics,2827.7,WH-KOL,Tier-3
ORD107259,2025-01-22,Electronics,1598.19,WH-MUM,Metro
ORD107260,2025-12-01,Grocery,876.22,WH-BLR,Metro
ORD107261,2025-11-16,Beauty,2507.29,WH-MUM,Metro
ORD107262,2025-08-18,Appliances,1252.47,WH-BLR,Metro
ORD107263,2025-01-10,Appliances,2291.13,WH-BLR,Tier-2
ORD107264,2025-08-25,Furniture,884.45,WH-MUM,Remote
ORD107265,2025-01-23,Beauty,1132.35,WH-DEL,Metro
ORD107266,2025-05-15,Appliances,2055.59,WH-BLR,Tier-3
ORD107267,2025-09-22,Fashion,258.35,WH-MUM,Tier-3
ORD107268,2025-12-09,Grocery,3908.79,WH-HYD,Metro
ORD107269,2025-05-31,Fashion,1286.52,WH-MUM,Metro
ORD107270,2025-11-25,Electronics,140.53,WH-BLR,Metro
ORD107271,2025-12-10,Fashion,1533.33,WH-DEL,Tier-2
ORD107272,2025-01-09,Fashion,947.07,WH-BLR,Tier-3
ORD107273,2025-04-11,Electronics,581.81,WH-HYD,Tier-2
ORD107274,2025-10-16,Fashion,6413.93,WH-BLR,Tier-3
ORD107275,2025-10-29,Beauty,2616.52,WH-BLR,Tier-2
ORD107276,2025-06-14,Fashion,1180.43,WH-HYD,Metro
ORD107277,2025-10-02,Books,1399.08,WH-HYD,Metro
ORD107278,2025-09-15,Electronics,1658.5,WH-HYD,Tier-3
ORD107279,2025-10-24,Beauty,364.05,WH-BLR,Tier-2
ORD107280,2025-10-19,Appliances,10971.45,WH-DEL,Tier-3
ORD107281,2025-02-06,Beauty,1387.95,WH-KOL,Metro
ORD107282,2025-03-08,Grocery,5691.78,WH-MUM,Metro
ORD107283,2025-02-25,Furniture,679.62,WH-KOL,Tier-2
ORD107284,2025-12-14,Fashion,2141.81,WH-DEL,Tier-2
ORD107285,2025-12-09,Fashion,519.66,WH-HYD,Tier-3
ORD107286,2025-11-08,Appliances,133.57,WH-BLR,Metro
ORD107287,2025-02-19,Electronics,2761.37,WH-KOL,Metro
ORD107288,2025-08-30,Electronics,1565.5,WH-HYD,Tier-2
ORD107289,2025-03-20,Books,876.37,WH-HYD,Tier-2
ORD107290,2025-06-04,Electronics,90.01,WH-KOL,Metro
ORD107291,2025-04-23,Appliances,919.25,WH-HYD,Tier-2
ORD107292,2025-11-17,Electronics,1667.18,WH-DEL,Tier-2
ORD107293,2025-03-02,Fashion,565.75,WH-DEL,Tier-2
ORD107294,2025-09-29,Fashion,1488.46,WH-HYD,Metro
ORD107295,2025-12-27,Grocery,806.12,WH-HYD,Remote
ORD107296,2025-10-10,Books,512.16,WH-DEL,Metro
ORD107297,2025-02-03,Books,1195.3,WH-DEL,Metro
ORD107298,2025-12-07,Fashion,236.07,WH-KOL,Metro
ORD107299,2025-09-28,Fashion,2000.48,WH-BLR,Metro
ORD107300,2025-07-11,Books,1449.08,WH-DEL,Tier-2
ORD107301,2025-10-03,Electronics,2173.14,WH-DEL,Metro
ORD107302,2025-11-30,Electronics,3303.96,WH-HYD,Metro
ORD107303,2025-07-20,Grocery,1094.27,WH-BLR,Metro
ORD107304,2025-08-12,Books,155.97,WH-DEL,Metro
ORD107305,2025-07-10,Fashion,1090.74,WH-BLR,Metro
ORD107306,2025-01-31,Electronics,535.91,WH-DEL,Metro
ORD107307,2025-11-06,Beauty,4213.94,WH-HYD,Metro
ORD107308,2025-02-23,Beauty,995.6,WH-DEL,Tier-3
ORD107309,2025-06-15,Furniture,2625.62,WH-DEL,Tier-2
ORD107310,2025-06-12,Appliances,4310.5,WH-MUM,Metro
ORD107311,2025-04-28,Beauty,736.44,WH-DEL,Tier-2
ORD107312,2025-06-19,Furniture,1422.83,WH-KOL,Metro
ORD107313,2025-09-17,Books,1382.14,WH-HYD,Metro
ORD107314,2025-05-11,Grocery,7824.5,WH-BLR,Metro
ORD107315,2025-03-14,Fashion,3688.2,WH-DEL,Metro
ORD107316,2025-11-27,Books,571.7,WH-HYD,Metro
ORD107317,2025-12-24,Appliances,821.78,WH-DEL,Metro
ORD107318,2025-07-12,Fashion,924.15,WH-DEL,Tier-2
ORD107319,2025-05-18,Furniture,699.37,WH-KOL,Metro
ORD107320,2025-01-20,Books,1039.83,WH-KOL,Metro
ORD107321,2025-01-16,Fashion,876.57,WH-BLR,Tier-3
ORD107322,2025-06-15,Appliances,1378.93,WH-DEL,Tier-2
ORD107323,2025-12-13,Electronics,1221.49,WH-DEL,Tier-3
ORD107324,2025-10-22,Furniture,3371.04,WH-HYD,Tier-2
ORD107325,2025-05-27,Beauty,728.21,WH-MUM,Tier-2
ORD107326,2025-12-23,Books,352.37,WH-BLR,Tier-3
ORD107327,2025-06-30,Books,902.71,WH-DEL,Metro
ORD107328,2025-04-27,Appliances,820.08,WH-MUM,Tier-3
ORD107329,2025-06-29,Grocery,4353.11,WH-MUM,Tier-3
ORD107330,2025-03-30,Furniture,2634.14,WH-KOL,Metro
ORD107331,2025-12-01,Fashion,3783.06,WH-MUM,Metro
ORD107332,2025-06-01,Grocery,2893.03,WH-BLR,Metro
ORD107333,2025-10-03,Grocery,276.48,WH-BLR,Tier-2
ORD107334,2025-06-13,Grocery,677.2,WH-BLR,Tier-3
ORD107335,2025-12-06,Fashion,403.88,WH-BLR,Tier-2
ORD107336,2025-09-27,Fashion,4692.33,WH-MUM,Metro
ORD107337,2025-07-25,Fashion,2622.84,WH-BLR,Tier-2
ORD107338,2025-02-25,Fashion,1842.06,WH-DEL,Tier-2
ORD107339,2025-12-06,Fashion,849.81,WH-MUM,Tier-2
ORD107340,2025-08-18,Electronics,930.15,WH-DEL,Tier-2
ORD107341,2025-04-30,Beauty,673.11,WH-KOL,Tier-2
ORD107342,2025-11-29,Electronics,2252.73,WH-KOL,Tier-3
ORD107343,2025-01-23,Books,1455.26,WH-MUM,Tier-2
ORD107344,2025-05-12,Fashion,2333.3,WH-MUM,Tier-2
ORD107345,2025-08-14,Books,1872.21,WH-DEL,Tier-2
ORD107346,2025-05-23,Appliances,2592.65,WH-MUM,Remote
ORD107347,2025-07-20,Beauty,2024.84,WH-HYD,Tier-3
ORD107348,2025-04-22,Books,3234.66,WH-DEL,Tier-2
ORD107349,2025-02-24,Appliances,2420.66,WH-BLR,Tier-3
ORD107350,2025-01-16,Electronics,887.66,WH-MUM,Remote
ORD107351,2025-03-08,Grocery,1981.1,WH-HYD,Metro
ORD107352,2025-12-19,Fashion,1715.44,WH-DEL,Tier-3
ORD107353,2025-08-30,Books,1150.07,WH-DEL,Remote
ORD107354,2025-07-25,Books,1321.06,WH-DEL,Metro
ORD107355,2025-06-11,Fashion,2997.32,WH-MUM,Metro
ORD107356,2025-10-16,Furniture,2064.66,WH-MUM,Tier-2
ORD107357,2025-03-01,Fashion,2820.0,WH-DEL,Tier-2
ORD107358,2025-04-27,Furniture,1383.2,WH-BLR,Remote
ORD107359,2025-10-02,Furniture,3360.54,WH-DEL,Metro
ORD107360,2025-07-21,Grocery,2486.92,WH-BLR,Tier-3
ORD107361,2025-11-01,Books,702.77,WH-KOL,Tier-3
ORD107362,2025-12-04,Fashion,1005.86,WH-HYD,Tier-2
ORD107363,2025-11-15,Books,678.74,WH-BLR,Tier-2
ORD107364,2025-03-19,Appliances,564.77,WH-HYD,Tier-2
ORD107365,2025-02-08,Fashion,11426.77,WH-HYD,Metro
ORD107366,2025-03-13,Fashion,5087.21,WH-HYD,Metro
ORD107367,2025-11-05,Electronics,3376.31,WH-MUM,Metro
ORD107368,2025-12-09,Grocery,1918.29,WH-DEL,Metro
ORD107369,2025-12-12,Books,868.15,WH-DEL,Tier-2
ORD107370,2025-05-06,Electronics,551.94,WH-MUM,Tier-3
ORD107371,2025-11-20,Electronics,1132.49,WH-DEL,Metro
ORD107372,2025-08-14,Grocery,752.77,WH-MUM,Tier-2
ORD107373,2025-11-15,Fashion,2371.04,WH-KOL,Metro
ORD107374,2025-08-19,Fashion,1512.69,WH-KOL,Metro
ORD107375,2025-03-03,Furniture,2657.22,WH-MUM,Metro
ORD107376,2025-02-03,Fashion,1626.06,WH-MUM,Metro
ORD107377,2025-12-20,Books,346.36,WH-BLR,Tier-3
ORD107378,2025-06-28,Fashion,1166.88,WH-HYD,Tier-2
ORD107379,2025-05-28,Furniture,1826.3,WH-BLR,Metro
ORD107380,2025-05-30,Fashion,1668.89,WH-HYD,Metro
ORD107381,2025-06-09,Fashion,859.45,WH-HYD,Tier-3
ORD107382,2025-12-17,Grocery,905.05,WH-MUM,Tier-2
ORD107383,2025-01-27,Appliances,786.78,WH-HYD,Remote
ORD107384,2025-02-20,Beauty,352.14,WH-MUM,Tier-2
ORD107385,2025-11-06,Electronics,1308.63,WH-MUM,Tier-2
ORD107386,2025-08-19,Grocery,2498.18,WH-KOL,Tier-2
ORD107387,2025-02-24,Furniture,915.44,WH-MUM,Tier-3
ORD107388,2025-01-15,Electronics,495.93,WH-BLR,Tier-3
ORD107389,2025-04-05,Books,2967.55,WH-DEL,Metro
ORD107390,2025-04-20,Fashion,3984.64,WH-DEL,Tier-2
ORD107391,2025-01-06,Books,941.64,WH-DEL,Metro
ORD107392,2025-04-01,Grocery,632.51,WH-MUM,Tier-3
ORD107393,2025-10-24,Electronics,1192.88,WH-DEL,Tier-3
ORD107394,2025-11-24,Appliances,1676.88,WH-MUM,Metro
ORD107395,2025-12-05,Electronics,934.87,WH-MUM,Tier-2
ORD107396,2025-06-13,Appliances,381.47,WH-BLR,Tier-2
ORD107397,2025-05-15,Books,2888.61,WH-DEL,Remote
ORD107398,2025-12-31,Grocery,1625.79,WH-HYD,Tier-2
ORD107399,2025-11-01,Fashion,4624.28,WH-BLR,Metro
ORD107400,2025-08-14,Fashion,1385.56,WH-BLR,Tier-3
ORD107401,2025-04-18,Grocery,4349.62,WH-HYD,Metro
ORD107402,2025-05-16,Furniture,1117.51,WH-MUM,Tier-2
ORD107403,2025-08-05,Furniture,825.98,WH-MUM,Tier-2
ORD107404,2025-08-16,Fashion,897.68,WH-DEL,Tier-3
ORD107405,2025-01-06,Appliances,5764.13,WH-MUM,Tier-2
ORD107406,2025-12-21,Appliances,1152.77,WH-BLR,Metro
ORD107407,2025-08-30,Appliances,4747.02,WH-HYD,Tier-3
ORD107408,2025-09-05,Fashion,926.01,WH-BLR,Remote
ORD107409,2025-03-30,Grocery,442.44,WH-HYD,Tier-2
ORD107410,2025-10-31,Fashion,2342.92,WH-HYD,Tier-2
ORD107411,2025-10-23,Books,801.81,WH-BLR,Tier-2
ORD107412,2025-02-09,Books,1707.75,WH-HYD,Tier-2
ORD107413,2025-09-08,Books,1573.11,WH-DEL,Metro
ORD107414,2025-10-03,Fashion,1554.6,WH-KOL,Tier-2
ORD107415,2025-11-18,Appliances,5008.33,WH-DEL,Metro
ORD107416,2025-03-28,Books,1638.98,WH-MUM,Tier-3
ORD107417,2025-11-29,Electronics,1473.89,WH-DEL,Tier-3
ORD107418,2025-07-13,Electronics,1008.46,WH-DEL,Metro
ORD107419,2025-02-10,Electronics,2059.72,WH-HYD,Tier-3
ORD107420,2025-02-14,Furniture,1913.73,WH-MUM,Metro
ORD107421,2025-03-25,Fashion,971.5,WH-HYD,Metro
ORD107422,2025-04-29,Electronics,2846.21,WH-MUM,Metro
ORD107423,2025-07-28,Grocery,1137.16,WH-KOL,Tier-2
ORD107424,2025-10-27,Books,2130.53,WH-MUM,Tier-3
ORD107425,2025-03-20,Books,463.63,WH-BLR,Metro
ORD107426,2025-12-30,Appliances,2781.86,WH-BLR,Remote
ORD107427,2025-03-09,Books,754.12,WH-KOL,Tier-2
ORD107428,2025-09-09,Furniture,2299.24,WH-HYD,Metro
ORD107429,2025-12-13,Books,3731.96,WH-MUM,Tier-2
ORD107430,2025-11-18,Fashion,1859.42,WH-KOL,Tier-2
ORD107431,2025-09-30,Books,3368.02,WH-MUM,Tier-2
ORD107432,2025-10-18,Books,565.25,WH-BLR,Tier-2
ORD107433,2025-02-26,Appliances,1253.67,WH-BLR,Metro
ORD107434,2025-01-05,Fashion,797.73,WH-MUM,Tier-2
ORD107435,2025-07-02,Fashion,789.47,WH-DEL,Metro
ORD107436,2025-02-07,Fashion,379.0,WH-BLR,Remote
ORD107437,2025-05-31,Electronics,1428.56,WH-BLR,Tier-2
ORD107438,2025-04-05,Electronics,2842.86,WH-MUM,Metro
ORD107439,2025-12-10,Fashion,3688.61,WH-BLR,Tier-3
ORD107440,2025-11-30,Electronics,575.22,WH-DEL,Metro
ORD107441,2025-11-14,Books,912.51,WH-DEL,Metro
ORD107442,2025-10-17,Furniture,740.57,WH-BLR,Tier-3
ORD107443,2025-03-06,Books,701.14,WH-BLR,Metro
ORD107444,2025-01-21,Fashion,1056.48,WH-DEL,Tier-2
ORD107445,2025-10-02,Fashion,1360.71,WH-HYD,Tier-2
ORD107446,2025-09-27,Fashion,1061.99,WH-MUM,Tier-3
ORD107447,2025-06-05,Books,439.64,WH-DEL,Tier-2
ORD107448,2025-07-18,Electronics,2908.06,WH-KOL,Tier-3
ORD107449,2025-07-25,Appliances,1544.43,WH-HYD,Remote
ORD107450,2025-04-11,Fashion,1835.12,WH-MUM,Tier-3
ORD107451,2025-05-13,Fashion,1921.71,WH-HYD,Metro
ORD107452,2025-06-25,Electronics,2193.3,WH-DEL,Tier-3
ORD107453,2025-09-11,Grocery,1514.43,WH-DEL,Tier-3
ORD107454,2025-12-20,Electronics,687.73,WH-DEL,Tier-2
ORD107455,2025-08-15,Books,4501.79,WH-MUM,Tier-2
ORD107456,2025-10-22,Electronics,2232.26,WH-KOL,Tier-2
ORD107457,2025-11-11,Fashion,653.17,WH-BLR,Metro
ORD107458,2025-02-17,Electronics,660.68,WH-MUM,Tier-3
ORD107459,2025-10-01,Beauty,6581.0,WH-BLR,Tier-2
ORD107460,2025-07-22,Furniture,1176.2,WH-DEL,Metro
ORD107461,2025-08-29,Furniture,778.97,WH-MUM,Tier-2
ORD107462,2025-01-17,Grocery,876.29,WH-MUM,Tier-2
ORD107463,2025-12-07,Books,1921.39,WH-KOL,Tier-3
ORD107464,2025-12-19,Electronics,915.57,WH-BLR,Remote
ORD107465,2025-01-02,Books,1490.23,WH-BLR,Tier-2
ORD107466,2025-03-31,Books,8496.92,WH-DEL,Remote
ORD107467,2025-03-17,Electronics,381.1,WH-MUM,Metro
ORD107468,2025-11-04,Electronics,967.99,WH-BLR,Metro
ORD107469,2025-09-09,Grocery,1406.77,WH-MUM,Tier-3
ORD107470,2025-03-16,Electronics,326.62,WH-BLR,Tier-2
ORD107471,2025-11-13,Fashion,2025.66,WH-MUM,Tier-3
ORD107472,2025-05-29,Fashion,2741.41,WH-HYD,Tier-2
ORD107473,2025-07-13,Electronics,441.1,WH-MUM,Metro
ORD107474,2025-06-12,Appliances,1254.98,WH-MUM,Tier-2
ORD107475,2025-08-08,Grocery,1550.74,WH-MUM,Metro
ORD107476,2025-07-21,Furniture,2121.28,WH-KOL,Tier-2
ORD107477,2025-04-26,Grocery,11329.45,WH-HYD,Tier-2
ORD107478,2025-06-28,Fashion,740.23,WH-MUM,Tier-2
ORD107479,2025-12-07,Grocery,2058.87,WH-HYD,Metro
ORD107480,2025-07-31,Books,1209.56,WH-MUM,Tier-3
ORD107481,2025-12-10,Fashion,1055.18,WH-BLR,Remote
ORD107482,2025-08-20,Furniture,1356.92,WH-MUM,Metro
ORD107483,2025-11-01,Books,1860.51,WH-DEL,Metro
ORD107484,2025-05-04,Furniture,1349.79,WH-MUM,Metro
ORD107485,2025-11-06,Fashion,1669.54,WH-MUM,Tier-2
ORD107486,2025-04-22,Electronics,1256.01,WH-DEL,Metro
ORD107487,2025-01-09,Grocery,632.96,WH-KOL,Tier-2
ORD107488,2025-03-09,Appliances,2592.63,WH-KOL,Metro
ORD107489,2025-01-10,Appliances,3045.44,WH-DEL,Metro
ORD107490,2025-12-18,Appliances,2936.6,WH-DEL,Metro
ORD107491,2025-12-31,Electronics,2297.29,WH-DEL,Remote
ORD107492,2025-10-30,Appliances,720.03,WH-MUM,Metro
ORD107493,2025-02-15,Furniture,624.66,WH-HYD,Metro
ORD107494,2025-12-05,Beauty,2787.09,WH-BLR,Metro
ORD107495,2025-10-25,Appliances,511.15,WH-KOL,Remote
ORD107496,2025-05-20,Fashion,774.09,WH-MUM,Tier-2
ORD107497,2025-07-31,Furniture,7456.96,WH-BLR,Tier-3
ORD107498,2025-10-04,Furniture,2010.81,WH-MUM,Metro
ORD107499,2025-01-11,Fashion,1521.65,WH-HYD,Metro
ORD107500,2025-07-30,Grocery,304.43,WH-MUM,Tier-2
ORD107501,2025-10-22,Fashion,782.96,WH-DEL,Tier-3
ORD107502,2025-03-21,Electronics,2614.51,WH-MUM,Tier-3
ORD107503,2025-07-06,Appliances,408.85,WH-DEL,Metro
ORD107504,2025-08-12,Fashion,1848.52,WH-DEL,Remote
ORD107505,2025-10-23,Appliances,443.32,WH-KOL,Tier-2
ORD107506,2025-12-22,Grocery,813.14,WH-MUM,Tier-2
ORD107507,2025-11-22,Books,380.41,WH-MUM,Tier-3
ORD107508,2025-09-19,Appliances,1445.32,WH-BLR,Tier-2
ORD107509,2025-09-03,Appliances,343.6,WH-MUM,Tier-3
ORD107510,2025-09-11,Fashion,1252.59,WH-HYD,Tier-2
ORD107511,2025-08-18,Beauty,2232.8,WH-BLR,Metro
ORD107512,2025-01-25,Fashion,1571.66,WH-KOL,Metro
ORD107513,2025-10-13,Books,1942.74,WH-BLR,Remote
ORD107514,2025-10-18,Grocery,1604.66,WH-HYD,Tier-3
ORD107515,2025-08-04,Fashion,1245.48,WH-DEL,Remote
ORD107516,2025-11-27,Furniture,1268.06,WH-KOL,Tier-2
ORD107517,2025-10-06,Grocery,1693.29,WH-DEL,Tier-2
ORD107518,2025-06-02,Fashion,559.22,WH-DEL,Metro
ORD107519,2025-01-09,Fashion,975.77,WH-BLR,Tier-2
ORD107520,2025-01-25,Electronics,6817.35,WH-MUM,Tier-2
ORD107521,2025-05-28,Beauty,1973.93,WH-HYD,Metro
ORD107522,2025-07-14,Furniture,3638.48,WH-BLR,Tier-2
ORD107523,2025-03-12,Electronics,1758.64,WH-HYD,Metro
ORD107524,2025-03-21,Appliances,745.81,WH-MUM,Tier-2
ORD107525,2025-04-07,Furniture,1049.74,WH-MUM,Tier-3
ORD107526,2025-11-04,Appliances,332.34,WH-DEL,Tier-3
ORD107527,2025-11-01,Grocery,4022.01,WH-BLR,Tier-2
ORD107528,2025-06-10,Electronics,2741.75,WH-DEL,Metro
ORD107529,2025-03-14,Fashion,685.99,WH-KOL,Tier-2
ORD107530,2025-02-16,Appliances,2468.61,WH-BLR,Metro
ORD107531,2025-02-06,Appliances,2297.7,WH-MUM,Metro
ORD107532,2025-06-14,Appliances,1424.8,WH-BLR,Tier-3
ORD107533,2025-01-20,Electronics,1960.44,WH-DEL,Metro
ORD107534,2025-05-21,Books,2113.35,WH-HYD,Tier-2
ORD107535,2025-12-21,Fashion,1821.92,WH-KOL,Tier-2
ORD107536,2025-08-02,Appliances,1511.59,WH-MUM,Remote
ORD107537,2025-11-15,Fashion,1434.55,WH-BLR,Tier-3
ORD107538,2025-02-24,Appliances,850.79,WH-BLR,Tier-3
ORD107539,2025-04-23,Beauty,2770.23,WH-MUM,Tier-2
ORD107540,2025-12-17,Fashion,6536.43,WH-DEL,Metro
ORD107541,2025-06-11,Books,546.78,WH-KOL,Metro
ORD107542,2025-09-30,Furniture,1376.79,WH-BLR,Metro
ORD107543,2025-12-25,Fashion,794.07,WH-HYD,Tier-2
ORD107544,2025-08-20,Fashion,2080.45,WH-MUM,Metro
ORD107545,2025-05-09,Appliances,1884.1,WH-HYD,Remote
ORD107546,2025-08-12,Fashion,1491.83,WH-HYD,Metro
ORD107547,2025-01-23,Electronics,834.53,WH-HYD,Metro
ORD107548,2025-02-17,Books,917.47,WH-MUM,Tier-2
ORD107549,2025-01-04,Grocery,728.87,WH-MUM,Metro
ORD107550,2025-12-01,Appliances,337.9,WH-BLR,Metro
ORD107551,2025-10-06,Furniture,3580.71,WH-BLR,Remote
ORD107552,2025-05-06,Grocery,2286.84,WH-DEL,Metro
ORD107553,2025-04-03,Appliances,3760.2,WH-KOL,Tier-3
ORD107554,2025-10-09,Electronics,1013.28,WH-DEL,Tier-3
ORD107555,2025-12-10,Fashion,1982.34,WH-MUM,Metro
ORD107556,2025-05-06,Furniture,679.86,WH-MUM,Metro
ORD107557,2025-05-16,Beauty,849.21,WH-DEL,Tier-2
ORD107558,2025-11-23,Fashion,6901.57,WH-BLR,Tier-3
ORD107559,2025-12-03,Beauty,993.74,WH-BLR,Tier-3
ORD107560,2025-12-09,Appliances,2857.98,WH-BLR,Metro
ORD107561,2025-05-04,Grocery,1637.51,WH-HYD,Metro
ORD107562,2025-02-20,Fashion,438.82,WH-MUM,Tier-2
ORD107563,2025-07-04,Electronics,1202.74,WH-KOL,Tier-2
ORD107564,2025-05-05,Furniture,1812.09,WH-MUM,Metro
ORD107565,2025-12-01,Electronics,2363.23,WH-DEL,Tier-2
ORD107566,2025-01-16,Fashion,320.66,WH-HYD,Remote
ORD107567,2025-09-24,Fashion,618.76,WH-KOL,Remote
ORD107568,2025-12-07,Beauty,1717.08,WH-BLR,Tier-2
ORD107569,2025-12-25,Fashion,631.01,WH-BLR,Remote
ORD107570,2025-10-01,Grocery,3551.56,WH-BLR,Metro
ORD107571,2025-12-18,Fashion,1274.37,WH-MUM,Metro
ORD107572,2025-02-01,Electronics,1976.8,WH-BLR,Tier-2
ORD107573,2025-05-31,Fashion,3776.92,WH-DEL,Tier-2
ORD107574,2025-01-04,Appliances,506.9,WH-MUM,Tier-3
ORD107575,2025-12-27,Furniture,1939.02,WH-KOL,Remote
ORD107576,2025-12-06,Fashion,1491.87,WH-HYD,Tier-2
ORD107577,2025-01-12,Books,1528.62,WH-HYD,Metro
ORD107578,2025-01-08,Electronics,1119.92,WH-DEL,Metro
ORD107579,2025-06-04,Books,1521.44,WH-BLR,Tier-2
ORD107580,2025-04-19,Electronics,128.95,WH-BLR,Tier-2
ORD107581,2025-11-21,Books,3624.0,WH-MUM,Tier-2
ORD107582,2025-03-09,Beauty,459.91,WH-KOL,Metro
ORD107583,2025-11-07,Books,5539.28,WH-BLR,Tier-2
ORD107584,2025-08-21,Electronics,626.71,WH-MUM,Metro
ORD107585,2025-06-08,Grocery,605.33,WH-HYD,Tier-2
ORD107586,2025-03-03,Books,1852.12,WH-MUM,Metro
ORD107587,2025-12-31,Grocery,1664.26,WH-KOL,Tier-3
ORD107588,2025-09-17,Fashion,1921.01,WH-KOL,Tier-3
ORD107589,2025-07-04,Grocery,1789.12,WH-BLR,Tier-3
ORD107590,2025-06-05,Electronics,1196.99,WH-DEL,Metro
ORD107591,2025-12-07,Grocery,998.16,WH-BLR,Tier-2
ORD107592,2025-11-15,Electronics,2134.15,WH-MUM,Metro
ORD107593,2025-11-12,Furniture,770.22,WH-KOL,Metro
ORD107594,2025-09-16,Fashion,1473.54,WH-BLR,Tier-2
ORD107595,2025-12-02,Electronics,345.26,WH-KOL,Metro
ORD107596,2025-05-06,Electronics,1641.24,WH-KOL,Remote
ORD107597,2025-10-15,Beauty,1449.19,WH-DEL,Remote
ORD107598,2025-06-19,Grocery,1296.25,WH-MUM,Remote
ORD107599,2025-09-10,Furniture,5244.59,WH-MUM,Metro
ORD107600,2025-12-31,Appliances,4428.83,WH-MUM,Tier-2
ORD107601,2025-12-27,Furniture,2783.74,WH-BLR,Metro
ORD107602,2025-08-04,Fashion,2735.25,WH-BLR,Tier-2
ORD107603,2025-08-30,Furniture,1457.59,WH-BLR,Tier-2
ORD107604,2025-12-05,Fashion,1712.86,WH-DEL,Tier-2
ORD107605,2025-12-28,Grocery,1893.43,WH-BLR,Metro
ORD107606,2025-11-03,Fashion,2168.98,WH-MUM,Metro
ORD107607,2025-01-28,Beauty,1418.16,WH-DEL,Metro
ORD107608,2025-05-16,Grocery,2066.61,WH-BLR,Metro
ORD107609,2025-12-04,Fashion,1410.46,WH-MUM,Metro
ORD107610,2025-11-01,Furniture,1876.73,WH-BLR,Tier-3
ORD107611,2025-10-25,Electronics,2790.84,WH-BLR,Metro
ORD107612,2025-10-05,Fashion,792.43,WH-BLR,Metro
ORD107613,2025-06-24,Books,1489.01,WH-BLR,Remote
ORD107614,2025-06-19,Appliances,1423.28,WH-MUM,Tier-3
ORD107615,2025-11-11,Appliances,593.13,WH-BLR,Metro
ORD107616,2025-05-04,Grocery,4076.03,WH-MUM,Tier-3
ORD107617,2025-10-10,Fashion,691.98,WH-HYD,Metro
ORD107618,2025-10-21,Electronics,4213.67,WH-DEL,Tier-2
ORD107619,2025-11-21,Furniture,457.64,WH-MUM,Tier-3
ORD107620,2025-05-15,Grocery,404.54,WH-KOL,Tier-2
ORD107621,2025-10-25,Electronics,1023.64,WH-HYD,Metro
ORD107622,2025-02-14,Electronics,1841.32,WH-DEL,Tier-2
ORD107623,2025-02-28,Electronics,1833.14,WH-MUM,Tier-3
ORD107624,2025-06-25,Fashion,3768.3,WH-BLR,Tier-3
ORD107625,2025-01-24,Electronics,723.44,WH-MUM,Metro
ORD107626,2025-12-18,Fashion,2809.69,WH-DEL,Metro
ORD107627,2025-12-06,Grocery,355.41,WH-KOL,Tier-2
ORD107628,2025-01-21,Fashion,617.99,WH-KOL,Metro
ORD107629,2025-11-19,Electronics,1085.08,WH-BLR,Metro
ORD107630,2025-08-02,Grocery,555.43,WH-KOL,Metro
ORD107631,2025-10-14,Books,2074.94,WH-HYD,Metro
ORD107632,2025-12-02,Fashion,795.68,WH-DEL,Tier-2
ORD107633,2025-08-31,Fashion,2988.28,WH-KOL,Tier-3
ORD107634,2025-02-18,Grocery,2683.48,WH-MUM,Metro
ORD107635,2025-01-02,Fashion,780.45,WH-MUM,Tier-2
ORD107636,2025-07-28,Fashion,1010.55,WH-KOL,Tier-2
ORD107637,2025-12-18,Grocery,1247.04,WH-BLR,Tier-2
ORD107638,2025-08-29,Fashion,3958.01,WH-DEL,Tier-3
ORD107639,2025-06-06,Books,630.2,WH-HYD,Tier-3
ORD107640,2025-01-13,Books,200.54,WH-KOL,Metro
ORD107641,2025-12-09,Fashion,954.51,WH-BLR,Remote
ORD107642,2025-05-18,Fashion,641.84,WH-DEL,Tier-3
ORD107643,2025-10-15,Beauty,393.36,WH-BLR,Metro
ORD107644,2025-10-12,Grocery,1300.52,WH-HYD,Tier-3
ORD107645,2025-04-17,Beauty,523.91,WH-MUM,Tier-2
ORD107646,2025-01-27,Appliances,1755.07,WH-DEL,Tier-3
ORD107647,2025-06-11,Fashion,511.71,WH-HYD,Tier-3
ORD107648,2025-05-14,Fashion,14222.95,WH-DEL,Remote
ORD107649,2025-10-14,Electronics,3125.57,WH-DEL,Metro
ORD107650,2025-11-14,Books,745.17,WH-MUM,Tier-3
ORD107651,2025-04-04,Fashion,722.72,WH-DEL,Metro
ORD107652,2025-08-10,Furniture,1150.51,WH-DEL,Remote
ORD107653,2025-01-18,Grocery,2413.59,WH-HYD,Metro
ORD107654,2025-04-01,Books,936.11,WH-BLR,Metro
ORD107655,2025-10-30,Appliances,528.84,WH-MUM,Tier-3
ORD107656,2025-11-07,Electronics,419.54,WH-MUM,Tier-2
ORD107657,2025-11-03,Fashion,1319.48,WH-BLR,Tier-2
ORD107658,2025-03-01,Grocery,750.19,WH-HYD,Metro
ORD107659,2025-08-20,Books,1679.96,WH-DEL,Tier-2
ORD107660,2025-06-27,Appliances,244.43,WH-BLR,Tier-3
ORD107661,2025-12-29,Grocery,1954.74,WH-DEL,Tier-3
ORD107662,2025-10-02,Books,1036.14,WH-MUM,Tier-2
ORD107663,2025-12-14,Fashion,329.15,WH-HYD,Tier-3
ORD107664,2025-03-03,Electronics,1789.62,WH-BLR,Tier-2
ORD107665,2025-07-09,Books,1995.9,WH-BLR,Remote
ORD107666,2025-11-02,Grocery,702.49,WH-BLR,Tier-3
ORD107667,2025-06-04,Books,2246.47,WH-MUM,Tier-2
ORD107668,2025-09-23,Fashion,449.09,WH-HYD,Tier-2
ORD107669,2025-08-04,Grocery,213.58,WH-DEL,Metro
ORD107670,2025-12-29,Fashion,1169.24,WH-BLR,Remote
ORD107671,2025-03-15,Fashion,658.84,WH-DEL,Metro
ORD107672,2025-12-15,Electronics,494.36,WH-MUM,Metro
ORD107673,2025-06-18,Appliances,2114.37,WH-HYD,Tier-2
ORD107674,2025-07-16,Fashion,1590.53,WH-MUM,Tier-3
ORD107675,2025-08-11,Fashion,4974.96,WH-DEL,Tier-2
ORD107676,2025-04-22,Fashion,1869.82,WH-DEL,Metro
ORD107677,2025-12-22,Fashion,2084.34,WH-DEL,Metro
ORD107678,2025-12-08,Grocery,666.07,WH-MUM,Metro
ORD107679,2025-12-24,Appliances,241.74,WH-BLR,Tier-2
ORD107680,2025-12-31,Furniture,6518.08,WH-BLR,Remote
ORD107681,2025-10-06,Fashion,1986.62,WH-HYD,Tier-3
ORD107682,2025-07-09,Grocery,4832.28,WH-DEL,Tier-2
ORD107683,2025-11-22,Electronics,520.43,WH-DEL,Metro
ORD107684,2025-01-11,Grocery,2996.5,WH-DEL,Metro
ORD107685,2025-11-18,Books,1687.65,WH-BLR,Tier-3
ORD107686,2025-07-28,Grocery,3133.33,WH-MUM,Tier-2
ORD107687,2025-10-07,Beauty,2130.97,WH-DEL,Metro
ORD107688,2025-06-07,Electronics,1115.26,WH-BLR,Metro
ORD107689,2025-06-04,Appliances,1676.89,WH-KOL,Tier-2
ORD107690,2025-01-14,Appliances,1009.82,WH-BLR,Tier-2
ORD107691,2025-06-28,Appliances,2616.8,WH-DEL,Remote
ORD107692,2025-06-21,Furniture,708.6,WH-MUM,Metro
ORD107693,2025-04-05,Electronics,763.57,WH-HYD,Tier-3
ORD107694,2025-04-14,Appliances,1177.79,WH-HYD,Tier-3
ORD107695,2025-09-03,Grocery,2190.91,WH-MUM,Metro
ORD107696,2025-05-14,Grocery,1397.74,WH-MUM,Metro
ORD107697,2025-11-17,Electronics,1030.95,WH-KOL,Metro
ORD107698,2025-02-16,Electronics,3118.27,WH-DEL,Tier-2
ORD107699,2025-08-31,Beauty,2144.87,WH-BLR,Metro
ORD107700,2025-03-09,Fashion,927.53,WH-HYD,Tier-3
ORD107701,2025-08-10,Fashion,581.77,WH-MUM,Tier-3
ORD107702,2025-08-21,Electronics,1163.84,WH-MUM,Tier-3
ORD107703,2025-09-27,Furniture,813.36,WH-HYD,Tier-3
ORD107704,2025-06-29,Appliances,722.17,WH-KOL,Metro
ORD107705,2025-08-03,Beauty,2439.79,WH-BLR,Tier-3
ORD107706,2025-03-18,Grocery,3300.49,WH-MUM,Tier-2
ORD107707,2025-07-14,Fashion,1277.31,WH-MUM,Metro
ORD107708,2025-06-06,Electronics,1333.32,WH-KOL,Metro
ORD107709,2025-10-05,Fashion,741.09,WH-HYD,Tier-2
ORD107710,2025-07-02,Furniture,572.13,WH-KOL,Tier-2
ORD107711,2025-11-04,Beauty,2531.59,WH-BLR,Metro
ORD107712,2025-06-29,Electronics,484.73,WH-BLR,Tier-2
ORD107713,2025-04-10,Fashion,816.04,WH-DEL,Remote
ORD107714,2025-04-26,Furniture,795.38,WH-BLR,Metro
ORD107715,2025-01-20,Grocery,1880.41,WH-BLR,Metro
ORD107716,2025-08-15,Furniture,1143.76,WH-MUM,Tier-2
ORD107717,2025-11-17,Grocery,849.22,WH-DEL,Tier-2
ORD107718,2025-11-01,Fashion,3973.5,WH-DEL,Remote
ORD107719,2025-07-03,Grocery,4935.32,WH-HYD,Tier-2
ORD107720,2025-03-24,Fashion,1829.28,WH-BLR,Metro
ORD107721,2025-11-26,Appliances,1502.59,WH-HYD,Metro
ORD107722,2025-01-24,Electronics,895.42,WH-MUM,Metro
ORD107723,2025-06-17,Grocery,1319.86,WH-MUM,Tier-3
ORD107724,2025-11-24,Beauty,510.85,WH-DEL,Metro
ORD107725,2025-06-15,Grocery,2954.22,WH-HYD,Tier-3
ORD107726,2025-02-19,Fashion,1205.53,WH-BLR,Tier-2
ORD107727,2025-04-22,Beauty,772.75,WH-HYD,Tier-3
ORD107728,2025-09-10,Fashion,1027.39,WH-DEL,Metro
ORD107729,2025-03-05,Appliances,2356.76,WH-DEL,Metro
ORD107730,2025-10-02,Electronics,1090.95,WH-KOL,Tier-2
ORD107731,2025-07-04,Books,713.45,WH-DEL,Metro
ORD107732,2025-05-21,Electronics,251.77,WH-DEL,Tier-2
ORD107733,2025-04-12,Fashion,1258.47,WH-MUM,Tier-3
ORD107734,2025-11-15,Beauty,1808.87,WH-DEL,Remote
ORD107735,2025-06-16,Grocery,904.77,WH-HYD,Tier-2
ORD107736,2025-10-24,Fashion,709.65,WH-KOL,Metro
ORD107737,2025-07-05,Electronics,544.43,WH-HYD,Metro
ORD107738,2025-02-08,Electronics,991.38,WH-HYD,Remote
ORD107739,2025-07-05,Fashion,549.28,WH-DEL,Metro
ORD107740,2025-08-02,Grocery,546.43,WH-HYD,Metro
ORD107741,2025-07-12,Grocery,913.03,WH-MUM,Remote
ORD107742,2025-11-13,Beauty,6044.94,WH-MUM,Metro
ORD107743,2025-12-08,Appliances,8674.16,WH-DEL,Tier-3
ORD107744,2025-11-06,Beauty,3436.17,WH-DEL,Metro
ORD107745,2025-09-02,Grocery,2242.71,WH-DEL,Tier-2
ORD107746,2025-08-16,Fashion,284.23,WH-KOL,Metro
ORD107747,2025-09-28,Grocery,11395.53,WH-HYD,Tier-3
ORD107748,2025-05-01,Fashion,1832.87,WH-HYD,Metro
ORD107749,2025-11-12,Fashion,555.83,WH-HYD,Metro
ORD107750,2025-11-24,Books,11488.03,WH-HYD,Tier-3
ORD107751,2025-04-23,Appliances,1237.96,WH-DEL,Tier-2
ORD107752,2025-12-06,Fashion,2610.78,WH-MUM,Tier-2
ORD107753,2025-11-22,Fashion,1041.48,WH-HYD,Tier-2
ORD107754,2025-06-28,Fashion,2109.27,WH-MUM,Tier-2
ORD107755,2025-12-08,Grocery,2319.32,WH-HYD,Remote
ORD107756,2025-02-20,Fashion,2665.28,WH-BLR,Tier-2
ORD107757,2025-01-12,Books,3739.62,WH-DEL,Tier-2
ORD107758,2025-05-27,Grocery,1516.57,WH-MUM,Metro
ORD107759,2025-08-26,Fashion,1584.25,WH-DEL,Tier-2
ORD107760,2025-05-28,Appliances,1289.09,WH-HYD,Remote
ORD107761,2025-12-16,Beauty,581.0,WH-BLR,Metro
ORD107762,2025-04-18,Books,649.53,WH-BLR,Metro
ORD107763,2025-04-29,Grocery,1046.77,WH-KOL,Metro
ORD107764,2025-09-24,Fashion,3676.75,WH-BLR,Tier-2
ORD107765,2025-01-02,Furniture,1951.98,WH-HYD,Tier-3
ORD107766,2025-10-21,Books,1243.22,WH-HYD,Tier-2
ORD107767,2025-06-08,Beauty,1084.69,WH-HYD,Tier-3
ORD107768,2025-12-26,Grocery,526.58,WH-BLR,Tier-3
ORD107769,2025-10-11,Furniture,652.59,WH-HYD,Remote
ORD107770,2025-01-22,Fashion,1516.04,WH-KOL,Tier-2
ORD107771,2025-02-08,Electronics,1348.33,WH-MUM,Metro
ORD107772,2025-02-07,Fashion,2496.45,WH-DEL,Tier-2
ORD107773,2025-12-19,Electronics,1126.44,WH-MUM,Tier-3
ORD107774,2025-10-10,Grocery,2108.96,WH-KOL,Tier-2
ORD107775,2025-06-29,Fashion,393.46,WH-BLR,Tier-2
ORD107776,2025-03-26,Furniture,626.68,WH-MUM,Tier-3
ORD107777,2025-11-28,Furniture,1653.87,WH-BLR,Metro
ORD107778,2025-03-26,Electronics,1357.06,WH-KOL,Tier-2
ORD107779,2025-10-15,Furniture,2416.69,WH-DEL,Tier-3
ORD107780,2025-10-30,Electronics,3430.65,WH-MUM,Remote
ORD107781,2025-05-04,Electronics,3558.35,WH-BLR,Tier-3
ORD107782,2025-08-01,Beauty,4763.75,WH-KOL,Metro
ORD107783,2025-04-04,Electronics,5748.46,WH-BLR,Tier-2
ORD107784,2025-06-09,Fashion,1007.29,WH-DEL,Tier-2
ORD107785,2025-12-22,Furniture,8431.07,WH-DEL,Tier-2
ORD107786,2025-10-12,Fashion,13513.8,WH-HYD,Tier-3
ORD107787,2025-11-21,Fashion,472.52,WH-DEL,Tier-2
ORD107788,2025-08-16,Appliances,836.32,WH-HYD,Tier-3
ORD107789,2025-04-11,Furniture,1786.74,WH-BLR,Tier-3
ORD107790,2025-10-17,Grocery,1612.66,WH-MUM,Tier-2
ORD107791,2025-07-30,Books,347.5,WH-BLR,Tier-3
ORD107792,2025-03-16,Electronics,626.58,WH-MUM,Metro
ORD107793,2025-06-23,Grocery,1593.06,WH-DEL,Metro
ORD107794,2025-09-24,Fashion,1125.36,WH-DEL,Metro
ORD107795,2025-10-23,Electronics,2201.22,WH-KOL,Tier-3
ORD107796,2025-04-13,Beauty,6403.5,WH-KOL,Remote
ORD107797,2025-11-29,Appliances,494.9,WH-MUM,Remote
ORD107798,2025-06-09,Fashion,8530.07,WH-DEL,Metro
ORD107799,2025-04-24,Fashion,6032.64,WH-DEL,Remote
ORD107800,2025-03-23,Fashion,336.75,WH-KOL,Tier-3
ORD107801,2025-11-10,Appliances,515.41,WH-BLR,Metro
ORD107802,2025-05-29,Fashion,969.64,WH-DEL,Tier-2
ORD107803,2025-07-23,Beauty,624.69,WH-MUM,Remote
ORD107804,2025-04-04,Fashion,2133.65,WH-MUM,Tier-2
ORD107805,2025-10-10,Fashion,2226.06,WH-DEL,Remote
ORD107806,2025-11-04,Beauty,1500.0,WH-MUM,Tier-2
ORD107807,2025-05-23,Books,1806.6,WH-BLR,Metro
ORD107808,2025-12-17,Fashion,1203.4,WH-HYD,Metro
ORD107809,2025-01-13,Grocery,1839.62,WH-BLR,Metro
ORD107810,2025-02-25,Books,6187.31,WH-MUM,Tier-3
ORD107811,2025-09-05,Furniture,198.45,WH-DEL,Metro
ORD107812,2025-10-14,Furniture,1358.76,WH-DEL,Tier-2
ORD107813,2025-04-16,Furniture,1942.66,WH-DEL,Remote
ORD107814,2025-08-21,Beauty,1237.69,WH-KOL,Metro
ORD107815,2025-05-14,Grocery,1720.35,WH-MUM,Metro
ORD107816,2025-08-21,Electronics,3494.7,WH-BLR,Remote
ORD107817,2025-10-03,Grocery,886.27,WH-BLR,Remote
ORD107818,2025-12-24,Appliances,7841.4,WH-DEL,Tier-3
ORD107819,2025-07-11,Grocery,408.35,WH-MUM,Metro
ORD107820,2025-09-30,Fashion,2200.45,WH-KOL,Metro
ORD107821,2025-08-31,Furniture,1324.99,WH-DEL,Tier-3
ORD107822,2025-05-14,Grocery,1648.99,WH-MUM,Tier-3
ORD107823,2025-04-17,Beauty,2462.96,WH-HYD,Tier-3
ORD107824,2025-12-28,Fashion,816.87,WH-HYD,Metro
ORD107825,2025-03-28,Appliances,3235.25,WH-DEL,Tier-2
ORD107826,2025-11-06,Grocery,6503.09,WH-DEL,Tier-3
ORD107827,2025-03-03,Electronics,1062.12,WH-BLR,Tier-3
ORD107828,2025-11-10,Grocery,885.2,WH-DEL,Metro
ORD107829,2025-03-20,Electronics,3685.95,WH-BLR,Metro
ORD107830,2025-12-23,Books,2939.29,WH-DEL,Tier-2
ORD107831,2025-10-10,Appliances,382.79,WH-HYD,Tier-3
ORD107832,2025-02-07,Electronics,2084.11,WH-DEL,Tier-3
ORD107833,2025-10-12,Grocery,2490.71,WH-BLR,Metro
ORD107834,2025-09-11,Beauty,1282.0,WH-BLR,Tier-2
ORD107835,2025-05-22,Fashion,4449.02,WH-HYD,Tier-2
ORD107836,2025-04-20,Beauty,371.18,WH-BLR,Metro
ORD107837,2025-10-19,Electronics,239.8,WH-DEL,Tier-3
ORD107838,2025-10-25,Electronics,3139.83,WH-HYD,Tier-2
ORD107839,2025-05-18,Grocery,698.98,WH-MUM,Tier-3
ORD107840,2025-11-29,Fashion,1302.8,WH-HYD,Tier-2
ORD107841,2025-04-23,Books,541.1,WH-BLR,Tier-3
ORD107842,2025-01-30,Furniture,2648.76,WH-HYD,Metro
ORD107843,2025-09-10,Appliances,1759.24,WH-BLR,Tier-2
ORD107844,2025-02-14,Furniture,1204.6,WH-MUM,Tier-2
ORD107845,2025-04-27,Furniture,498.83,WH-MUM,Metro
ORD107846,2025-08-02,Appliances,1178.28,WH-KOL,Tier-2
ORD107847,2025-05-01,Furniture,1749.27,WH-DEL,Tier-3
ORD107848,2025-04-01,Books,875.3,WH-HYD,Tier-2
ORD107849,2025-10-15,Grocery,899.55,WH-DEL,Tier-3
ORD107850,2025-08-18,Fashion,1350.6,WH-HYD,Metro
ORD107851,2025-11-19,Grocery,2296.24,WH-DEL,Metro
ORD107852,2025-09-02,Fashion,1880.24,WH-MUM,Metro
ORD107853,2025-07-23,Fashion,3431.88,WH-DEL,Tier-3
ORD107854,2025-04-20,Fashion,1246.66,WH-MUM,Metro
ORD107855,2025-11-07,Fashion,3011.91,WH-KOL,Metro
ORD107856,2025-03-24,Electronics,527.05,WH-KOL,Metro
ORD107857,2025-04-12,Books,1841.97,WH-BLR,Metro
ORD107858,2025-11-20,Appliances,1765.2,WH-KOL,Tier-2
ORD107859,2025-10-25,Fashion,8831.32,WH-BLR,Tier-2
ORD107860,2025-09-15,Beauty,783.58,WH-DEL,Tier-3
ORD107861,2025-01-17,Beauty,512.44,WH-HYD,Tier-2
ORD107862,2025-02-23,Books,723.27,WH-MUM,Metro
ORD107863,2025-07-30,Electronics,807.79,WH-BLR,Tier-2
ORD107864,2025-10-26,Fashion,1859.25,WH-HYD,Metro
ORD107865,2025-07-15,Grocery,488.61,WH-MUM,Metro
ORD107866,2025-01-08,Appliances,1765.79,WH-MUM,Tier-3
ORD107867,2025-03-19,Furniture,1376.63,WH-HYD,Metro
ORD107868,2025-09-05,Furniture,2783.77,WH-MUM,Tier-3
ORD107869,2025-10-12,Appliances,2198.22,WH-BLR,Tier-2
ORD107870,2025-01-15,Beauty,2598.27,WH-KOL,Tier-3
ORD107871,2025-01-19,Grocery,1984.1,WH-DEL,Metro
ORD107872,2025-04-20,Beauty,3409.22,WH-DEL,Tier-2
ORD107873,2025-02-05,Books,406.48,WH-MUM,Tier-2
ORD107874,2025-08-16,Fashion,418.02,WH-KOL,Tier-3
ORD107875,2025-02-21,Books,1317.56,WH-BLR,Metro
ORD107876,2025-09-30,Electronics,1432.9,WH-BLR,Tier-2
ORD107877,2025-11-03,Electronics,590.39,WH-MUM,Tier-2
ORD107878,2025-12-24,Beauty,2096.81,WH-HYD,Metro
ORD107879,2025-12-18,Fashion,471.78,WH-BLR,Metro
ORD107880,2025-04-25,Grocery,1080.93,WH-MUM,Remote
ORD107881,2025-01-13,Beauty,1320.31,WH-DEL,Tier-2
ORD107882,2025-05-19,Fashion,2116.81,WH-DEL,Tier-2
ORD107883,2025-10-16,Fashion,894.94,WH-BLR,Tier-3
ORD107884,2025-01-26,Electronics,3542.05,WH-DEL,Metro
ORD107885,2025-06-01,Grocery,5136.64,WH-MUM,Metro
ORD107886,2025-05-06,Electronics,4584.3,WH-MUM,Tier-2
ORD107887,2025-04-03,Electronics,5688.86,WH-BLR,Tier-3
ORD107888,2025-10-15,Books,3142.85,WH-KOL,Tier-2
ORD107889,2025-10-03,Fashion,2191.07,WH-DEL,Tier-2
ORD107890,2025-08-14,Grocery,735.56,WH-BLR,Tier-2
ORD107891,2025-12-08,Electronics,852.95,WH-MUM,Tier-2
ORD107892,2025-02-13,Grocery,2861.3,WH-BLR,Tier-2
ORD107893,2025-03-04,Furniture,322.23,WH-DEL,Tier-2
ORD107894,2025-06-11,Fashion,3861.67,WH-DEL,Metro
ORD107895,2025-10-02,Fashion,824.71,WH-BLR,Metro
ORD107896,2025-09-03,Fashion,873.69,WH-KOL,Tier-3
ORD107897,2025-02-01,Electronics,2491.66,WH-MUM,Metro
ORD107898,2025-12-21,Electronics,1676.3,WH-BLR,Tier-3
ORD107899,2025-05-09,Grocery,957.55,WH-BLR,Tier-2
ORD107900,2025-05-31,Electronics,646.43,WH-BLR,Metro
ORD107901,2025-09-20,Fashion,403.01,WH-HYD,Tier-3
ORD107902,2025-12-17,Electronics,237.33,WH-MUM,Metro
ORD107903,2025-10-04,Books,4317.91,WH-HYD,Metro
ORD107904,2025-12-20,Fashion,1126.36,WH-BLR,Tier-2
ORD107905,2025-03-20,Grocery,657.86,WH-MUM,Tier-2
ORD107906,2025-09-18,Grocery,2443.57,WH-MUM,Metro
ORD107907,2025-11-17,Fashion,718.08,WH-MUM,Metro
ORD107908,2025-08-02,Fashion,729.4,WH-BLR,Tier-3
ORD107909,2025-06-02,Fashion,3469.43,WH-BLR,Tier-3
ORD107910,2025-12-27,Grocery,2424.12,WH-KOL,Remote
ORD107911,2025-03-01,Fashion,1550.8,WH-DEL,Metro
ORD107912,2025-06-22,Electronics,859.73,WH-BLR,Tier-3
ORD107913,2025-11-28,Beauty,1614.65,WH-HYD,Tier-3
ORD107914,2025-12-05,Appliances,2131.09,WH-MUM,Metro
ORD107915,2025-12-26,Electronics,1646.56,WH-HYD,Metro
ORD107916,2025-12-01,Beauty,3538.72,WH-KOL,Metro
ORD107917,2025-01-22,Electronics,601.21,WH-BLR,Tier-3
ORD107918,2025-12-13,Electronics,1089.55,WH-KOL,Tier-2
ORD107919,2025-06-29,Electronics,2091.31,WH-BLR,Metro
ORD107920,2025-10-01,Beauty,847.14,WH-MUM,Metro
ORD107921,2025-06-15,Fashion,2870.58,WH-DEL,Tier-3
ORD107922,2025-11-13,Books,3921.41,WH-DEL,Tier-2
ORD107923,2025-08-31,Furniture,1404.54,WH-BLR,Tier-3
ORD107924,2025-11-21,Grocery,1819.39,WH-BLR,Metro
ORD107925,2025-03-23,Fashion,1133.43,WH-MUM,Remote
ORD107926,2025-03-19,Electronics,1059.84,WH-MUM,Metro
ORD107927,2025-07-05,Appliances,3739.34,WH-MUM,Metro
ORD107928,2025-01-02,Fashion,686.13,WH-BLR,Remote
ORD107929,2025-10-12,Grocery,2595.14,WH-KOL,Metro
ORD107930,2025-05-05,Electronics,902.98,WH-HYD,Tier-2
ORD107931,2025-08-23,Appliances,681.01,WH-KOL,Metro
ORD107932,2025-01-30,Appliances,3000.08,WH-BLR,Tier-3
ORD107933,2025-03-13,Grocery,2338.17,WH-BLR,Metro
ORD107934,2025-09-19,Grocery,794.21,WH-DEL,Tier-2
ORD107935,2025-05-09,Fashion,1170.72,WH-DEL,Metro
ORD107936,2025-04-01,Fashion,1212.44,WH-DEL,Remote
ORD107937,2025-04-07,Electronics,1616.59,WH-BLR,Remote
ORD107938,2025-04-01,Appliances,905.47,WH-HYD,Tier-3
ORD107939,2025-09-19,Electronics,5373.56,WH-MUM,Tier-3
ORD107940,2025-03-12,Electronics,551.73,WH-MUM,Tier-2
ORD107941,2025-06-02,Electronics,398.3,WH-DEL,Metro
ORD107942,2025-10-11,Fashion,1219.68,WH-BLR,Metro
ORD107943,2025-08-04,Grocery,273.15,WH-BLR,Tier-3
ORD107944,2025-09-08,Appliances,719.52,WH-KOL,Tier-2
ORD107945,2025-04-16,Fashion,807.29,WH-DEL,Metro
ORD107946,2025-12-14,Fashion,1355.78,WH-BLR,Metro
ORD107947,2025-06-23,Grocery,1143.81,WH-MUM,Remote
ORD107948,2025-05-01,Grocery,1617.78,WH-BLR,Metro
ORD107949,2025-12-06,Books,717.63,WH-KOL,Metro
ORD107950,2025-10-02,Books,989.56,WH-HYD,Tier-2
ORD107951,2025-09-15,Books,2128.12,WH-DEL,Tier-2
ORD107952,2025-12-02,Books,218.0,WH-KOL,Metro
ORD107953,2025-01-25,Books,1875.4,WH-MUM,Tier-2
ORD107954,2025-11-19,Grocery,240.88,WH-HYD,Metro
ORD107955,2025-10-08,Grocery,1350.84,WH-MUM,Metro
ORD107956,2025-06-01,Appliances,2030.29,WH-HYD,Tier-2
ORD107957,2025-04-18,Electronics,1713.3,WH-KOL,Remote
ORD107958,2025-02-14,Fashion,815.51,WH-MUM,Tier-3
ORD107959,2025-12-16,Beauty,1645.07,WH-BLR,Metro
ORD107960,2025-03-01,Grocery,630.27,WH-BLR,Metro
ORD107961,2025-04-20,Electronics,4046.55,WH-MUM,Tier-2
ORD107962,2025-10-11,Fashion,2604.57,WH-BLR,Metro
ORD107963,2025-10-16,Electronics,626.9,WH-MUM,Metro
ORD107964,2025-03-09,Fashion,4029.89,WH-DEL,Metro
ORD107965,2025-11-13,Grocery,1565.08,WH-BLR,Metro
ORD107966,2025-08-03,Grocery,542.54,WH-KOL,Tier-2
ORD107967,2025-11-22,Grocery,3408.62,WH-BLR,Metro
ORD107968,2025-02-06,Electronics,4988.3,WH-BLR,Metro
ORD107969,2025-01-18,Fashion,1091.6,WH-BLR,Metro
ORD107970,2025-09-25,Electronics,1795.05,WH-KOL,Tier-2
ORD107971,2025-03-05,Fashion,1325.45,WH-MUM,Metro
ORD107972,2025-08-09,Furniture,2129.19,WH-BLR,Metro
ORD107973,2025-01-06,Electronics,2529.71,WH-BLR,Metro
ORD107974,2025-11-04,Beauty,2947.9,WH-MUM,Metro
ORD107975,2025-12-05,Furniture,305.42,WH-KOL,Tier-3
ORD107976,2025-11-19,Fashion,884.86,WH-DEL,Metro
ORD107977,2025-12-21,Fashion,2899.42,WH-MUM,Tier-2
ORD107978,2025-12-06,Electronics,766.21,WH-MUM,Tier-3
ORD107979,2025-07-06,Electronics,1768.26,WH-BLR,Tier-2
ORD107980,2025-06-17,Beauty,643.47,WH-DEL,Tier-2
ORD107981,2025-12-04,Furniture,2303.81,WH-MUM,Tier-2
ORD107982,2025-12-12,Appliances,1380.2,WH-HYD,Tier-2
ORD107983,2025-12-24,Furniture,2171.54,WH-BLR,Metro
ORD107984,2025-11-01,Beauty,1837.16,WH-BLR,Metro
ORD107985,2025-03-26,Books,435.2,WH-DEL,Metro
ORD107986,2025-12-17,Electronics,7157.66,WH-HYD,Tier-2
ORD107987,2025-12-18,Electronics,470.46,WH-MUM,Metro
ORD107988,2025-10-05,Fashion,9782.07,WH-HYD,Remote
ORD107989,2025-11-24,Fashion,237.88,WH-HYD,Metro
ORD107990,2025-08-24,Grocery,1414.41,WH-KOL,Metro
ORD107991,2025-12-17,Fashion,434.39,WH-MUM,Tier-2
ORD107992,2025-02-09,Books,4878.54,WH-KOL,Tier-3
ORD107993,2025-11-26,Electronics,594.94,WH-DEL,Tier-2
ORD107994,2025-01-24,Books,557.8,WH-DEL,Tier-2
ORD107995,2025-05-23,Fashion,1376.54,WH-DEL,Metro
ORD107996,2025-02-26,Electronics,4205.72,WH-BLR,Remote
ORD107997,2025-07-21,Books,3591.45,WH-DEL,Tier-2
ORD107998,2025-04-08,Fashion,1120.83,WH-HYD,Metro
ORD107999,2025-12-19,Appliances,1036.52,WH-KOL,Tier-3
ORD108000,2025-08-24,Books,2032.93,WH-MUM,Metro
ORD108001,2025-12-05,Electronics,1278.41,WH-KOL,Tier-2
ORD108002,2025-04-27,Fashion,1428.69,WH-BLR,Tier-2
ORD108003,2025-01-11,Electronics,1195.87,WH-KOL,Tier-3
ORD108004,2025-11-03,Electronics,2182.81,WH-DEL,Remote
ORD108005,2025-10-14,Beauty,1921.23,WH-DEL,Metro
ORD108006,2025-08-18,Books,4523.93,WH-DEL,Tier-2
ORD108007,2025-11-13,Fashion,804.73,WH-KOL,Tier-2
ORD108008,2025-11-20,Appliances,798.82,WH-BLR,Metro
ORD108009,2025-09-05,Beauty,1243.7,WH-MUM,Tier-2
ORD108010,2025-12-23,Fashion,1139.36,WH-KOL,Tier-3
ORD108011,2025-10-19,Electronics,2671.22,WH-BLR,Tier-2
ORD108012,2025-10-08,Books,575.99,WH-DEL,Tier-2
ORD108013,2025-06-01,Appliances,3699.85,WH-DEL,Tier-2
ORD108014,2025-01-01,Electronics,1066.81,WH-HYD,Tier-3
ORD108015,2025-04-12,Grocery,3446.28,WH-KOL,Metro
ORD108016,2025-10-30,Electronics,10147.74,WH-MUM,Metro
ORD108017,2025-10-16,Furniture,3044.81,WH-DEL,Tier-2
ORD108018,2025-05-20,Furniture,2208.11,WH-DEL,Metro
ORD108019,2025-09-20,Fashion,3269.97,WH-DEL,Tier-3
ORD108020,2025-03-24,Books,1058.46,WH-BLR,Metro
ORD108021,2025-04-21,Grocery,1653.09,WH-MUM,Metro
ORD108022,2025-12-18,Appliances,782.28,WH-DEL,Tier-3
ORD108023,2025-06-23,Furniture,823.09,WH-BLR,Metro
ORD108024,2025-04-13,Grocery,1714.23,WH-DEL,Tier-2
ORD108025,2025-07-24,Fashion,1446.02,WH-BLR,Tier-2
ORD108026,2025-06-12,Fashion,1891.5,WH-KOL,Tier-3
ORD108027,2025-10-21,Appliances,1491.26,WH-HYD,Metro
ORD108028,2025-12-22,Furniture,1068.6,WH-DEL,Tier-2
ORD108029,2025-09-06,Fashion,2804.5,WH-KOL,Remote
ORD108030,2025-09-06,Beauty,817.3,WH-KOL,Tier-2
ORD108031,2025-06-03,Books,1637.43,WH-HYD,Metro
ORD108032,2025-08-26,Electronics,3354.71,WH-DEL,Metro
ORD108033,2025-05-15,Electronics,2362.73,WH-MUM,Tier-2
ORD108034,2025-01-01,Grocery,1308.8,WH-HYD,Metro
ORD108035,2025-11-26,Electronics,318.35,WH-DEL,Tier-2
ORD108036,2025-06-30,Beauty,1020.38,WH-MUM,Tier-2
ORD108037,2025-07-26,Furniture,7328.92,WH-DEL,Tier-3
ORD108038,2025-02-05,Electronics,1098.3,WH-BLR,Tier-2
ORD108039,2025-11-19,Fashion,1333.96,WH-HYD,Tier-2
ORD108040,2025-03-13,Fashion,1534.04,WH-KOL,Metro
ORD108041,2025-06-22,Grocery,1885.32,WH-BLR,Tier-2
ORD108042,2025-11-20,Fashion,793.0,WH-BLR,Tier-3
ORD108043,2025-07-12,Books,2456.32,WH-KOL,Tier-3
ORD108044,2025-12-13,Appliances,1857.57,WH-BLR,Metro
ORD108045,2025-03-29,Beauty,337.66,WH-HYD,Metro
ORD108046,2025-10-18,Electronics,174.98,WH-MUM,Tier-2
ORD108047,2025-12-26,Fashion,871.72,WH-DEL,Tier-2
ORD108048,2025-08-19,Books,508.43,WH-BLR,Tier-2
ORD108049,2025-10-12,Fashion,1715.49,WH-BLR,Metro
ORD108050,2025-06-15,Fashion,992.79,WH-DEL,Metro
ORD108051,2025-10-27,Beauty,1951.0,WH-MUM,Metro
ORD108052,2025-12-08,Appliances,1971.53,WH-HYD,Metro
ORD108053,2025-10-15,Books,599.08,WH-KOL,Metro
ORD108054,2025-12-15,Fashion,1000.83,WH-HYD,Tier-3
ORD108055,2025-09-05,Grocery,860.38,WH-MUM,Tier-3
ORD108056,2025-08-31,Grocery,2825.51,WH-MUM,Metro
ORD108057,2025-05-09,Grocery,1163.81,WH-BLR,Metro
ORD108058,2025-10-16,Electronics,3643.78,WH-DEL,Metro
ORD108059,2025-11-30,Books,3809.62,WH-MUM,Remote
ORD108060,2025-09-29,Fashion,1201.78,WH-HYD,Metro
ORD108061,2025-04-08,Grocery,833.9,WH-DEL,Remote
ORD108062,2025-08-17,Books,664.8,WH-BLR,Tier-2
ORD108063,2025-10-28,Appliances,2363.64,WH-MUM,Tier-3
ORD108064,2025-12-16,Electronics,1236.1,WH-DEL,Metro
ORD108065,2025-03-07,Furniture,747.63,WH-HYD,Tier-2
ORD108066,2025-02-23,Grocery,2745.36,WH-MUM,Metro
ORD108067,2025-06-23,Fashion,2785.88,WH-DEL,Tier-2
ORD108068,2025-02-22,Electronics,627.17,WH-BLR,Tier-2
ORD108069,2025-12-26,Furniture,1788.68,WH-KOL,Tier-3
ORD108070,2025-06-28,Appliances,2145.14,WH-DEL,Tier-2
ORD108071,2025-08-13,Beauty,5225.24,WH-HYD,Remote
ORD108072,2025-04-06,Fashion,1173.77,WH-MUM,Tier-2
ORD108073,2025-07-08,Fashion,1339.64,WH-KOL,Tier-2
ORD108074,2025-12-27,Electronics,2272.95,WH-HYD,Metro
ORD108075,2025-07-25,Beauty,3696.53,WH-BLR,Metro
ORD108076,2025-01-04,Books,1845.48,WH-DEL,Metro
ORD108077,2025-04-12,Beauty,1604.17,WH-MUM,Metro
ORD108078,2025-12-26,Grocery,854.87,WH-HYD,Metro
ORD108079,2025-12-29,Fashion,1033.91,WH-HYD,Metro
ORD108080,2025-03-30,Grocery,1188.93,WH-MUM,Metro
ORD108081,2025-09-16,Fashion,2347.26,WH-MUM,Tier-2
ORD108082,2025-02-02,Fashion,1917.94,WH-HYD,Tier-2
ORD108083,2025-08-31,Electronics,771.73,WH-HYD,Remote
ORD108084,2025-02-22,Electronics,2643.38,WH-DEL,Metro
ORD108085,2025-11-14,Fashion,1169.97,WH-DEL,Metro
ORD108086,2025-12-16,Beauty,1183.38,WH-MUM,Tier-3
ORD108087,2025-03-14,Appliances,2476.08,WH-MUM,Tier-3
ORD108088,2025-07-14,Appliances,2735.87,WH-KOL,Metro
ORD108089,2025-02-12,Fashion,1766.43,WH-HYD,Metro
ORD108090,2025-05-23,Appliances,5986.42,WH-BLR,Tier-3
ORD108091,2025-01-28,Fashion,298.92,WH-MUM,Remote
ORD108092,2025-04-22,Electronics,2900.16,WH-MUM,Remote
ORD108093,2025-12-29,Fashion,602.15,WH-BLR,Metro
ORD108094,2025-01-19,Electronics,1321.45,WH-KOL,Metro
ORD108095,2025-11-24,Books,1365.95,WH-BLR,Metro
ORD108096,2025-02-02,Books,1287.36,WH-MUM,Tier-2
ORD108097,2025-08-11,Fashion,650.62,WH-HYD,Metro
ORD108098,2025-07-09,Furniture,455.08,WH-BLR,Metro
ORD108099,2025-12-14,Fashion,289.66,WH-MUM,Remote
ORD108100,2025-03-25,Electronics,1142.07,WH-DEL,Metro
ORD108101,2025-03-17,Furniture,1502.58,WH-MUM,Metro
ORD108102,2025-10-27,Appliances,2169.78,WH-MUM,Tier-2
ORD108103,2025-10-20,Appliances,3415.28,WH-DEL,Remote
ORD108104,2025-10-13,Electronics,2641.62,WH-KOL,Remote
ORD108105,2025-01-11,Grocery,2972.99,WH-KOL,Metro
ORD108106,2025-04-20,Electronics,605.7,WH-BLR,Tier-2
ORD108107,2025-11-19,Electronics,3262.64,WH-DEL,Remote
ORD108108,2025-09-10,Electronics,1819.52,WH-DEL,Tier-2
ORD108109,2025-09-11,Electronics,477.01,WH-MUM,Metro
ORD108110,2025-05-05,Fashion,3176.69,WH-MUM,Tier-2
ORD108111,2025-04-20,Fashion,665.99,WH-DEL,Tier-2
ORD108112,2025-12-17,Appliances,588.85,WH-MUM,Tier-2
ORD108113,2025-10-21,Fashion,4633.05,WH-KOL,Tier-2
ORD108114,2025-02-23,Electronics,1633.24,WH-BLR,Metro
ORD108115,2025-12-15,Beauty,585.59,WH-BLR,Tier-3
ORD108116,2025-09-02,Books,876.97,WH-KOL,Metro
ORD108117,2025-05-21,Electronics,3143.51,WH-KOL,Metro
ORD108118,2025-06-16,Fashion,515.96,WH-MUM,Tier-2
ORD108119,2025-10-20,Electronics,1203.87,WH-HYD,Tier-2
ORD108120,2025-06-08,Beauty,1203.31,WH-HYD,Tier-2
ORD108121,2025-09-01,Fashion,11902.47,WH-MUM,Tier-3
ORD108122,2025-10-16,Electronics,420.04,WH-DEL,Tier-3
ORD108123,2025-03-24,Appliances,434.17,WH-HYD,Tier-2
ORD108124,2025-12-17,Appliances,856.4,WH-MUM,Tier-2
ORD108125,2025-05-30,Fashion,807.79,WH-KOL,Tier-2
ORD108126,2025-06-26,Fashion,1386.15,WH-KOL,Metro
ORD108127,2025-10-13,Fashion,924.3,WH-MUM,Tier-2
ORD108128,2025-09-13,Fashion,2653.8,WH-BLR,Tier-2
ORD108129,2025-07-04,Fashion,1446.05,WH-KOL,Tier-3
ORD108130,2025-10-01,Books,622.61,WH-DEL,Tier-3
ORD108131,2025-12-06,Appliances,1114.61,WH-BLR,Metro
ORD108132,2025-11-09,Appliances,1086.23,WH-HYD,Remote
ORD108133,2025-11-15,Appliances,3367.16,WH-DEL,Remote
ORD108134,2025-04-19,Grocery,2695.49,WH-BLR,Metro
ORD108135,2025-06-26,Fashion,2388.15,WH-MUM,Remote
ORD108136,2025-08-21,Appliances,754.4,WH-HYD,Tier-2
ORD108137,2025-01-19,Electronics,1733.93,WH-KOL,Metro
ORD108138,2025-11-01,Electronics,537.33,WH-MUM,Tier-3
ORD108139,2025-05-16,Electronics,2275.49,WH-BLR,Metro
ORD108140,2025-04-29,Appliances,3572.37,WH-MUM,Tier-2
ORD108141,2025-04-19,Grocery,254.3,WH-DEL,Tier-3
ORD108142,2025-04-30,Grocery,1262.37,WH-MUM,Metro
ORD108143,2025-05-23,Grocery,1261.32,WH-DEL,Metro
ORD108144,2025-09-12,Books,2800.59,WH-BLR,Metro
ORD108145,2025-09-03,Electronics,845.84,WH-HYD,Tier-2
ORD108146,2025-04-18,Fashion,836.43,WH-HYD,Tier-2
ORD108147,2025-03-28,Appliances,1545.32,WH-HYD,Tier-3
ORD108148,2025-11-16,Furniture,2211.67,WH-MUM,Tier-3
ORD108149,2025-02-08,Fashion,1604.0,WH-DEL,Tier-2
ORD108150,2025-08-04,Fashion,2753.64,WH-MUM,Tier-2
ORD108151,2025-08-07,Beauty,2361.48,WH-MUM,Metro
ORD108152,2025-08-30,Fashion,899.94,WH-DEL,Tier-2
ORD108153,2025-12-01,Books,1387.46,WH-HYD,Metro
ORD108154,2025-09-20,Appliances,2113.59,WH-HYD,Tier-2
ORD108155,2025-12-25,Books,722.81,WH-BLR,Tier-2
ORD108156,2025-11-28,Electronics,791.14,WH-DEL,Tier-2
ORD108157,2025-04-01,Grocery,424.19,WH-MUM,Metro
ORD108158,2025-04-12,Fashion,3504.83,WH-DEL,Tier-2
ORD108159,2025-05-25,Fashion,7726.33,WH-MUM,Tier-3
ORD108160,2025-06-14,Fashion,793.71,WH-HYD,Tier-3
ORD108161,2025-08-21,Fashion,2162.83,WH-KOL,Tier-2
ORD108162,2025-04-08,Fashion,3707.51,WH-MUM,Tier-3
ORD108163,2025-04-04,Furniture,536.65,WH-HYD,Tier-3
ORD108164,2025-06-10,Fashion,1804.77,WH-HYD,Tier-3
ORD108165,2025-10-06,Fashion,3952.72,WH-DEL,Tier-3
ORD108166,2025-10-11,Fashion,1108.27,WH-DEL,Tier-3
ORD108167,2025-12-25,Appliances,1285.97,WH-MUM,Tier-3
ORD108168,2025-03-27,Electronics,4144.13,WH-BLR,Metro
ORD108169,2025-06-15,Appliances,978.92,WH-BLR,Tier-2
ORD108170,2025-12-22,Fashion,868.35,WH-DEL,Tier-3
ORD108171,2025-10-11,Grocery,1186.68,WH-BLR,Metro
ORD108172,2025-09-06,Appliances,5911.8,WH-MUM,Metro
ORD108173,2025-08-15,Grocery,2611.76,WH-KOL,Tier-2
ORD108174,2025-02-01,Furniture,2125.59,WH-DEL,Tier-2
ORD108175,2025-12-03,Beauty,2107.82,WH-BLR,Tier-3
ORD108176,2025-09-20,Electronics,567.04,WH-HYD,Tier-2
ORD108177,2025-08-29,Fashion,2176.61,WH-BLR,Metro
ORD108178,2025-08-15,Beauty,991.45,WH-HYD,Tier-3
ORD108179,2025-06-14,Books,1197.43,WH-BLR,Metro
ORD108180,2025-04-18,Furniture,1149.34,WH-BLR,Tier-3
ORD108181,2025-10-28,Fashion,2983.58,WH-KOL,Tier-2
ORD108182,2025-08-03,Fashion,6080.6,WH-MUM,Metro
ORD108183,2025-01-15,Books,678.38,WH-BLR,Tier-2
ORD108184,2025-06-17,Appliances,3323.54,WH-BLR,Tier-2
ORD108185,2025-12-13,Fashion,1255.88,WH-MUM,Tier-3
ORD108186,2025-06-07,Electronics,2668.79,WH-HYD,Tier-2
ORD108187,2025-06-23,Books,1850.5,WH-BLR,Remote
ORD108188,2025-09-20,Grocery,890.95,WH-BLR,Metro
ORD108189,2025-11-09,Beauty,880.22,WH-HYD,Metro
ORD108190,2025-10-05,Fashion,1229.57,WH-MUM,Tier-2
ORD108191,2025-11-22,Fashion,1946.02,WH-BLR,Tier-2
ORD108192,2025-02-17,Fashion,2174.03,WH-BLR,Metro
ORD108193,2025-12-12,Grocery,15740.62,WH-KOL,Metro
ORD108194,2025-12-06,Fashion,2265.23,WH-DEL,Tier-2
ORD108195,2025-08-07,Electronics,519.15,WH-DEL,Metro
ORD108196,2025-09-20,Fashion,4013.83,WH-DEL,Tier-3
ORD108197,2025-03-31,Fashion,2365.46,WH-DEL,Metro
ORD108198,2025-07-08,Books,1289.78,WH-HYD,Tier-2
ORD108199,2025-03-27,Fashion,605.55,WH-KOL,Tier-2
ORD108200,2025-01-10,Grocery,1176.14,WH-DEL,Remote
ORD108201,2025-12-26,Furniture,3751.41,WH-HYD,Metro
ORD108202,2025-04-19,Electronics,2191.51,WH-BLR,Metro
ORD108203,2025-09-07,Grocery,4355.42,WH-MUM,Metro
ORD108204,2025-05-07,Books,4174.4,WH-DEL,Remote
ORD108205,2025-06-05,Grocery,1733.99,WH-BLR,Metro
ORD108206,2025-06-17,Grocery,118.37,WH-BLR,Tier-3
ORD108207,2025-05-21,Books,714.18,WH-BLR,Tier-2
ORD108208,2025-09-25,Beauty,428.24,WH-MUM,Tier-3
ORD108209,2025-12-21,Books,4568.18,WH-HYD,Metro
ORD108210,2025-06-30,Fashion,2217.54,WH-BLR,Tier-2
ORD108211,2025-12-24,Furniture,1235.47,WH-DEL,Remote
ORD108212,2025-10-05,Grocery,967.75,WH-BLR,Metro
ORD108213,2025-09-13,Fashion,3493.59,WH-DEL,Tier-2
ORD108214,2025-04-10,Fashion,714.93,WH-MUM,Remote
ORD108215,2025-01-27,Books,522.38,WH-BLR,Metro
ORD108216,2025-11-23,Fashion,487.62,WH-MUM,Tier-3
ORD108217,2025-08-30,Books,1598.03,WH-BLR,Metro
ORD108218,2025-06-24,Beauty,763.55,WH-MUM,Metro
ORD108219,2025-11-12,Fashion,3253.29,WH-DEL,Metro
ORD108220,2025-05-11,Electronics,1444.91,WH-KOL,Tier-3
ORD108221,2025-11-05,Beauty,474.56,WH-DEL,Metro
ORD108222,2025-05-18,Electronics,1190.72,WH-DEL,Tier-2
ORD108223,2025-12-11,Appliances,658.84,WH-DEL,Tier-2
ORD108224,2025-04-23,Electronics,1295.69,WH-MUM,Metro
ORD108225,2025-02-27,Fashion,3417.32,WH-DEL,Metro
ORD108226,2025-10-13,Fashion,1259.41,WH-DEL,Metro
ORD108227,2025-03-10,Fashion,833.62,WH-MUM,Metro
ORD108228,2025-12-18,Beauty,2024.43,WH-HYD,Tier-2
ORD108229,2025-10-02,Electronics,1007.3,WH-MUM,Tier-2
ORD108230,2025-04-08,Electronics,2171.57,WH-BLR,Remote
ORD108231,2025-03-29,Appliances,1838.86,WH-DEL,Tier-3
ORD108232,2025-12-12,Beauty,608.39,WH-HYD,Remote
ORD108233,2025-09-13,Fashion,494.15,WH-HYD,Tier-3
ORD108234,2025-12-04,Appliances,1049.62,WH-MUM,Remote
ORD108235,2025-02-16,Electronics,1958.62,WH-DEL,Metro
ORD108236,2025-12-12,Books,5625.3,WH-KOL,Metro
ORD108237,2025-08-07,Appliances,568.85,WH-BLR,Metro
ORD108238,2025-10-05,Books,626.76,WH-DEL,Tier-2
ORD108239,2025-06-06,Furniture,3053.87,WH-MUM,Tier-3
ORD108240,2025-01-25,Beauty,1626.53,WH-HYD,Tier-2
ORD108241,2025-12-20,Fashion,1205.82,WH-MUM,Remote
ORD108242,2025-12-30,Appliances,2381.0,WH-HYD,Metro
ORD108243,2025-06-03,Appliances,3752.08,WH-BLR,Tier-2
ORD108244,2025-12-17,Fashion,3187.44,WH-BLR,Tier-2
ORD108245,2025-03-12,Beauty,792.08,WH-BLR,Metro
ORD108246,2025-03-06,Appliances,1973.83,WH-MUM,Tier-3
ORD108247,2025-01-31,Books,3432.95,WH-HYD,Tier-2
ORD108248,2025-06-14,Fashion,1102.14,WH-BLR,Metro
ORD108249,2025-01-22,Books,1873.59,WH-BLR,Tier-2
ORD108250,2025-06-15,Fashion,869.31,WH-HYD,Tier-2
ORD108251,2025-02-28,Beauty,648.5,WH-MUM,Tier-3
ORD108252,2025-10-22,Electronics,1937.46,WH-DEL,Tier-2
ORD108253,2025-11-18,Furniture,2912.83,WH-BLR,Tier-3
ORD108254,2025-10-11,Electronics,2564.83,WH-KOL,Metro
ORD108255,2025-03-26,Appliances,478.06,WH-DEL,Metro
ORD108256,2025-10-31,Fashion,3987.72,WH-BLR,Metro
ORD108257,2025-04-15,Books,2223.49,WH-DEL,Tier-2
ORD108258,2025-10-29,Books,3445.7,WH-MUM,Metro
ORD108259,2025-08-27,Fashion,665.65,WH-MUM,Tier-2
ORD108260,2025-06-04,Books,2749.27,WH-MUM,Remote
ORD108261,2025-02-05,Appliances,2342.38,WH-DEL,Remote
ORD108262,2025-11-16,Fashion,510.9,WH-DEL,Metro
ORD108263,2025-12-16,Fashion,2002.59,WH-BLR,Tier-3
ORD108264,2025-10-05,Fashion,617.46,WH-HYD,Remote
ORD108265,2025-12-22,Electronics,1427.03,WH-BLR,Tier-2
ORD108266,2025-12-14,Grocery,9008.17,WH-DEL,Metro
ORD108267,2025-03-23,Grocery,1778.4,WH-BLR,Metro
ORD108268,2025-10-22,Fashion,1288.08,WH-MUM,Metro
ORD108269,2025-05-27,Beauty,430.35,WH-DEL,Tier-3
ORD108270,2025-07-24,Electronics,1779.66,WH-DEL,Metro
ORD108271,2025-03-07,Books,1250.23,WH-HYD,Metro
ORD108272,2025-12-25,Books,282.69,WH-DEL,Tier-3
ORD108273,2025-10-21,Appliances,589.91,WH-KOL,Tier-3
ORD108274,2025-04-23,Grocery,2878.67,WH-KOL,Metro
ORD108275,2025-06-06,Electronics,3968.0,WH-KOL,Tier-2
ORD108276,2025-06-27,Books,1498.34,WH-MUM,Tier-2
ORD108277,2025-10-26,Appliances,3172.06,WH-BLR,Metro
ORD108278,2025-12-12,Books,1451.61,WH-DEL,Tier-2
ORD108279,2025-05-16,Fashion,771.88,WH-MUM,Tier-3
ORD108280,2025-07-18,Grocery,8222.44,WH-HYD,Metro
ORD108281,2025-09-07,Fashion,456.79,WH-BLR,Metro
ORD108282,2025-06-15,Furniture,1983.38,WH-HYD,Remote
ORD108283,2025-07-31,Appliances,839.96,WH-BLR,Remote
ORD108284,2025-02-14,Electronics,1196.68,WH-KOL,Tier-2
ORD108285,2025-03-12,Electronics,5039.84,WH-DEL,Metro
ORD108286,2025-06-18,Electronics,1465.44,WH-BLR,Metro
ORD108287,2025-12-09,Electronics,1091.24,WH-DEL,Metro
ORD108288,2025-05-27,Fashion,913.31,WH-DEL,Metro
ORD108289,2025-04-15,Electronics,2216.34,WH-KOL,Tier-2
ORD108290,2025-10-25,Fashion,662.83,WH-DEL,Metro
ORD108291,2025-12-18,Furniture,1524.69,WH-DEL,Metro
ORD108292,2025-07-12,Books,1269.36,WH-MUM,Tier-3
ORD108293,2025-01-04,Fashion,755.8,WH-HYD,Metro
ORD108294,2025-10-11,Electronics,449.54,WH-BLR,Metro
ORD108295,2025-06-24,Appliances,1452.73,WH-KOL,Tier-2
ORD108296,2025-10-07,Fashion,1049.4,WH-DEL,Metro
ORD108297,2025-04-27,Fashion,1690.62,WH-HYD,Tier-2
ORD108298,2025-01-02,Grocery,249.46,WH-HYD,Metro
ORD108299,2025-05-25,Beauty,979.0,WH-BLR,Metro
ORD108300,2025-10-15,Fashion,2796.18,WH-MUM,Tier-2
ORD108301,2025-06-15,Beauty,377.79,WH-MUM,Tier-2
ORD108302,2025-04-03,Fashion,6331.66,WH-BLR,Metro
ORD108303,2025-07-14,Electronics,1888.95,WH-BLR,Tier-3
ORD108304,2025-10-27,Electronics,1261.05,WH-HYD,Remote
ORD108305,2025-02-20,Appliances,1539.18,WH-DEL,Tier-2
ORD108306,2025-10-12,Grocery,713.68,WH-DEL,Metro
ORD108307,2025-10-05,Grocery,4393.3,WH-MUM,Metro
ORD108308,2025-06-05,Beauty,1628.19,WH-BLR,Remote
ORD108309,2025-12-24,Grocery,1487.99,WH-MUM,Metro
ORD108310,2025-12-04,Electronics,3147.72,WH-MUM,Metro
ORD108311,2025-05-13,Appliances,1923.85,WH-KOL,Metro
ORD108312,2025-01-14,Fashion,819.27,WH-DEL,Metro
ORD108313,2025-05-10,Grocery,1373.64,WH-BLR,Metro
ORD108314,2025-03-28,Books,2221.99,WH-DEL,Metro
ORD108315,2025-08-18,Grocery,1478.67,WH-DEL,Tier-3
ORD108316,2025-12-10,Fashion,480.2,WH-BLR,Metro
ORD108317,2025-11-27,Grocery,4322.8,WH-BLR,Tier-3
ORD108318,2025-05-09,Electronics,1603.14,WH-BLR,Tier-2
ORD108319,2025-06-30,Fashion,1027.62,WH-HYD,Metro
ORD108320,2025-01-16,Grocery,2372.21,WH-HYD,Tier-3
ORD108321,2025-08-17,Fashion,949.04,WH-DEL,Tier-2
ORD108322,2025-01-27,Electronics,413.65,WH-BLR,Tier-2
ORD108323,2025-12-15,Grocery,1403.24,WH-MUM,Metro
ORD108324,2025-11-27,Fashion,2404.55,WH-MUM,Tier-2
ORD108325,2025-04-01,Fashion,1133.12,WH-MUM,Tier-3
ORD108326,2025-10-14,Beauty,1168.76,WH-DEL,Remote
ORD108327,2025-08-27,Electronics,1211.5,WH-BLR,Tier-2
ORD108328,2025-11-09,Electronics,1294.39,WH-BLR,Tier-2
ORD108329,2025-07-19,Books,1580.26,WH-DEL,Tier-3
ORD108330,2025-03-22,Electronics,2659.69,WH-MUM,Metro
ORD108331,2025-09-26,Beauty,2531.45,WH-DEL,Tier-2
ORD108332,2025-02-03,Furniture,7139.03,WH-HYD,Tier-3
ORD108333,2025-09-03,Grocery,5666.76,WH-DEL,Metro
ORD108334,2025-03-31,Fashion,705.03,WH-KOL,Metro
ORD108335,2025-10-10,Fashion,1169.18,WH-DEL,Metro
ORD108336,2025-11-16,Books,2499.8,WH-HYD,Metro
ORD108337,2025-02-16,Electronics,334.62,WH-DEL,Tier-3
ORD108338,2025-06-18,Appliances,1803.92,WH-HYD,Tier-3
ORD108339,2025-10-23,Books,706.93,WH-MUM,Tier-3
ORD108340,2025-03-10,Appliances,1343.62,WH-MUM,Remote
ORD108341,2025-08-27,Electronics,1415.38,WH-MUM,Metro
ORD108342,2025-10-06,Appliances,340.22,WH-DEL,Tier-3
ORD108343,2025-05-30,Appliances,9702.07,WH-MUM,Metro
ORD108344,2025-11-17,Electronics,909.59,WH-KOL,Tier-3
ORD108345,2025-08-03,Books,4428.87,WH-DEL,Tier-2
ORD108346,2025-09-21,Electronics,378.94,WH-MUM,Remote
ORD108347,2025-03-01,Beauty,829.1,WH-DEL,Tier-3
ORD108348,2025-01-10,Electronics,2619.53,WH-HYD,Metro
ORD108349,2025-01-22,Fashion,1139.81,WH-HYD,Tier-2
ORD108350,2025-12-06,Appliances,2620.62,WH-DEL,Metro
ORD108351,2025-12-01,Electronics,2295.47,WH-BLR,Tier-2
ORD108352,2025-11-11,Electronics,711.34,WH-HYD,Metro
ORD108353,2025-03-25,Electronics,3677.01,WH-KOL,Tier-2
ORD108354,2025-08-09,Books,2186.4,WH-KOL,Tier-3
ORD108355,2025-11-08,Electronics,433.43,WH-DEL,Metro
ORD108356,2025-10-07,Furniture,1496.97,WH-BLR,Metro
ORD108357,2025-02-18,Grocery,2320.47,WH-KOL,Metro
ORD108358,2025-12-04,Grocery,1270.57,WH-BLR,Metro
ORD108359,2025-03-09,Fashion,1430.55,WH-BLR,Metro
ORD108360,2025-03-14,Fashion,2030.31,WH-DEL,Tier-2
ORD108361,2025-12-06,Beauty,372.12,WH-MUM,Tier-3
ORD108362,2025-07-23,Books,1171.79,WH-HYD,Tier-2
ORD108363,2025-06-06,Beauty,1019.58,WH-DEL,Metro
ORD108364,2025-08-21,Appliances,2517.79,WH-BLR,Tier-2
ORD108365,2025-12-27,Books,876.16,WH-DEL,Remote
ORD108366,2025-02-20,Beauty,6532.31,WH-HYD,Metro
ORD108367,2025-10-29,Grocery,859.96,WH-HYD,Tier-2
ORD108368,2025-05-21,Beauty,557.86,WH-BLR,Tier-2
ORD108369,2025-02-19,Electronics,3667.15,WH-MUM,Metro
ORD108370,2025-06-27,Electronics,2209.57,WH-BLR,Metro
ORD108371,2025-08-19,Grocery,1862.63,WH-HYD,Tier-2
ORD108372,2025-03-28,Grocery,1125.7,WH-DEL,Metro
ORD108373,2025-06-20,Fashion,1029.88,WH-MUM,Tier-2
ORD108374,2025-09-25,Grocery,1971.3,WH-MUM,Metro
ORD108375,2025-08-31,Grocery,866.85,WH-HYD,Metro
ORD108376,2025-10-20,Books,5667.62,WH-HYD,Tier-2
ORD108377,2025-11-19,Fashion,1650.85,WH-MUM,Metro
ORD108378,2025-06-21,Fashion,1098.76,WH-BLR,Metro
ORD108379,2025-06-27,Appliances,979.84,WH-MUM,Tier-2
ORD108380,2025-07-28,Furniture,515.03,WH-KOL,Tier-2
ORD108381,2025-08-26,Books,2401.31,WH-DEL,Tier-3
ORD108382,2025-02-15,Fashion,724.57,WH-HYD,Tier-3
ORD108383,2025-05-12,Electronics,1208.25,WH-MUM,Tier-2
ORD108384,2025-03-14,Beauty,10280.03,WH-MUM,Metro
ORD108385,2025-06-12,Electronics,316.42,WH-BLR,Metro
ORD108386,2025-12-25,Appliances,1237.1,WH-MUM,Metro
ORD108387,2025-09-02,Fashion,448.2,WH-BLR,Metro
ORD108388,2025-06-30,Fashion,871.48,WH-DEL,Metro
ORD108389,2025-08-26,Books,1195.25,WH-MUM,Tier-3
ORD108390,2025-10-06,Fashion,472.03,WH-HYD,Tier-2
ORD108391,2025-07-02,Electronics,1858.08,WH-MUM,Metro
ORD108392,2025-07-08,Appliances,4336.12,WH-BLR,Tier-2
ORD108393,2025-10-14,Electronics,1748.11,WH-BLR,Tier-3
ORD108394,2025-01-26,Fashion,2623.33,WH-MUM,Metro
ORD108395,2025-08-15,Grocery,4911.78,WH-DEL,Metro
ORD108396,2025-08-18,Fashion,2177.04,WH-DEL,Tier-2
ORD108397,2025-10-29,Furniture,203.48,WH-DEL,Metro
ORD108398,2025-12-27,Fashion,1545.75,WH-HYD,Metro
ORD108399,2025-11-08,Fashion,180.93,WH-MUM,Tier-2
ORD108400,2025-07-31,Fashion,751.55,WH-MUM,Tier-2
ORD108401,2025-03-13,Books,403.76,WH-BLR,Tier-3
ORD108402,2025-09-05,Electronics,1666.25,WH-BLR,Metro
ORD108403,2025-11-18,Beauty,653.4,WH-MUM,Tier-3
ORD108404,2025-12-14,Fashion,1703.28,WH-DEL,Metro
ORD108405,2025-11-16,Fashion,2502.34,WH-HYD,Metro
ORD108406,2025-03-21,Appliances,622.26,WH-MUM,Metro
ORD108407,2025-10-17,Fashion,1637.63,WH-MUM,Metro
ORD108408,2025-11-30,Furniture,164.81,WH-KOL,Tier-3
ORD108409,2025-10-09,Beauty,405.84,WH-HYD,Metro
ORD108410,2025-10-10,Books,3692.58,WH-DEL,Metro
ORD108411,2025-07-30,Grocery,661.44,WH-MUM,Tier-2
ORD108412,2025-09-25,Appliances,879.99,WH-MUM,Metro
ORD108413,2025-05-04,Fashion,696.29,WH-HYD,Tier-2
ORD108414,2025-02-07,Appliances,334.76,WH-BLR,Tier-3
ORD108415,2025-11-16,Electronics,585.73,WH-DEL,Metro
ORD108416,2025-12-17,Electronics,1333.25,WH-BLR,Metro
ORD108417,2025-11-24,Grocery,984.15,WH-DEL,Tier-2
ORD108418,2025-05-21,Fashion,3160.88,WH-DEL,Tier-3
ORD108419,2025-02-09,Appliances,816.59,WH-BLR,Remote
ORD108420,2025-04-28,Electronics,1326.61,WH-MUM,Tier-3
ORD108421,2025-11-20,Electronics,866.79,WH-BLR,Tier-2
ORD108422,2025-10-02,Furniture,2827.54,WH-HYD,Tier-2
ORD108423,2025-12-23,Grocery,425.61,WH-KOL,Tier-3
ORD108424,2025-05-24,Beauty,1962.85,WH-MUM,Tier-3
ORD108425,2025-08-20,Fashion,1851.83,WH-BLR,Metro
ORD108426,2025-11-06,Electronics,694.35,WH-KOL,Tier-3
ORD108427,2025-04-09,Electronics,1237.13,WH-HYD,Tier-3
ORD108428,2025-12-22,Fashion,1825.42,WH-HYD,Remote
ORD108429,2025-09-06,Electronics,770.14,WH-MUM,Tier-3
ORD108430,2025-01-04,Appliances,757.38,WH-BLR,Tier-3
ORD108431,2025-01-11,Electronics,500.81,WH-KOL,Remote
ORD108432,2025-12-01,Beauty,6753.92,WH-MUM,Metro
ORD108433,2025-09-29,Grocery,921.92,WH-MUM,Tier-2
ORD108434,2025-10-30,Appliances,502.3,WH-HYD,Tier-3
ORD108435,2025-11-05,Electronics,325.55,WH-DEL,Tier-2
ORD108436,2025-06-26,Electronics,704.7,WH-BLR,Remote
ORD108437,2025-11-09,Fashion,1658.28,WH-KOL,Metro
ORD108438,2025-12-15,Grocery,1091.85,WH-DEL,Metro
ORD108439,2025-03-14,Grocery,1773.12,WH-BLR,Metro
ORD108440,2025-10-31,Fashion,2373.75,WH-BLR,Metro
ORD108441,2025-05-10,Fashion,1187.1,WH-DEL,Tier-2
ORD108442,2025-05-16,Beauty,1209.5,WH-DEL,Tier-2
ORD108443,2025-06-23,Fashion,4687.13,WH-BLR,Metro
ORD108444,2025-11-26,Electronics,2414.66,WH-DEL,Tier-3
ORD108445,2025-01-10,Fashion,1821.84,WH-MUM,Tier-2
ORD108446,2025-07-02,Fashion,1017.94,WH-MUM,Metro
ORD108447,2025-10-08,Fashion,2299.26,WH-KOL,Tier-2
ORD108448,2025-02-16,Furniture,1775.53,WH-MUM,Tier-3
ORD108449,2025-11-07,Furniture,1722.82,WH-KOL,Metro
ORD108450,2025-12-16,Appliances,2377.44,WH-MUM,Tier-3
ORD108451,2025-02-08,Electronics,1738.64,WH-BLR,Tier-2
ORD108452,2025-03-06,Electronics,397.26,WH-BLR,Tier-3
ORD108453,2025-12-25,Books,1399.32,WH-KOL,Metro
ORD108454,2025-03-25,Fashion,548.92,WH-BLR,Tier-3
ORD108455,2025-02-03,Fashion,2223.05,WH-BLR,Metro
ORD108456,2025-12-19,Grocery,381.93,WH-MUM,Tier-3
ORD108457,2025-12-03,Appliances,1306.55,WH-DEL,Metro
ORD108458,2025-10-02,Electronics,1402.86,WH-MUM,Metro
ORD108459,2025-08-20,Beauty,535.08,WH-BLR,Tier-2
ORD108460,2025-12-10,Fashion,1255.31,WH-DEL,Metro
ORD108461,2025-10-02,Beauty,2475.46,WH-KOL,Metro
ORD108462,2025-10-03,Fashion,858.05,WH-KOL,Metro
ORD108463,2025-11-20,Appliances,1688.53,WH-KOL,Tier-3
ORD108464,2025-10-01,Fashion,2010.44,WH-MUM,Tier-2
ORD108465,2025-07-31,Books,570.26,WH-BLR,Metro
ORD108466,2025-06-13,Grocery,1384.45,WH-BLR,Metro
ORD108467,2025-07-31,Books,1131.52,WH-HYD,Tier-2
ORD108468,2025-08-08,Appliances,1323.62,WH-HYD,Tier-2
ORD108469,2025-06-01,Grocery,371.2,WH-DEL,Metro
ORD108470,2025-07-08,Fashion,434.46,WH-MUM,Metro
ORD108471,2025-11-09,Fashion,3554.81,WH-MUM,Tier-2
ORD108472,2025-06-25,Beauty,2452.92,WH-MUM,Metro
ORD108473,2025-01-11,Beauty,1597.32,WH-MUM,Remote
ORD108474,2025-04-29,Electronics,2755.36,WH-MUM,Metro
ORD108475,2025-04-08,Fashion,463.72,WH-BLR,Metro
ORD108476,2025-11-07,Electronics,1117.01,WH-BLR,Metro
ORD108477,2025-07-08,Fashion,1036.06,WH-BLR,Tier-2
ORD108478,2025-04-28,Fashion,723.32,WH-KOL,Metro
ORD108479,2025-11-12,Books,540.8,WH-KOL,Metro
ORD108480,2025-01-09,Electronics,3838.88,WH-HYD,Metro
ORD108481,2025-03-15,Books,809.57,WH-HYD,Metro
ORD108482,2025-11-16,Beauty,1920.83,WH-BLR,Metro
ORD108483,2025-08-20,Fashion,1747.25,WH-BLR,Metro
ORD108484,2025-11-02,Grocery,3091.28,WH-BLR,Tier-2
ORD108485,2025-11-19,Grocery,2409.9,WH-BLR,Metro
ORD108486,2025-12-16,Fashion,1047.3,WH-HYD,Metro
ORD108487,2025-01-27,Appliances,486.84,WH-BLR,Remote
ORD108488,2025-11-09,Grocery,2734.97,WH-KOL,Tier-2
ORD108489,2025-10-16,Electronics,3560.08,WH-DEL,Remote
ORD108490,2025-03-28,Books,9609.67,WH-BLR,Metro
ORD108491,2025-12-14,Fashion,2928.98,WH-HYD,Tier-2
ORD108492,2025-06-19,Electronics,803.47,WH-HYD,Metro
ORD108493,2025-12-02,Beauty,891.43,WH-DEL,Remote
ORD108494,2025-09-12,Electronics,254.39,WH-BLR,Remote
ORD108495,2025-08-10,Electronics,699.68,WH-MUM,Tier-2
ORD108496,2025-03-09,Fashion,485.37,WH-DEL,Metro
ORD108497,2025-12-09,Fashion,2144.05,WH-HYD,Tier-2
ORD108498,2025-08-22,Fashion,2881.37,WH-MUM,Tier-3
ORD108499,2025-01-03,Appliances,8156.18,WH-KOL,Tier-2
ORD108500,2025-01-08,Fashion,15833.7,WH-MUM,Tier-3
ORD108501,2025-11-03,Grocery,1634.42,WH-KOL,Tier-2
ORD108502,2025-03-10,Electronics,840.3,WH-BLR,Metro
ORD108503,2025-09-09,Fashion,979.63,WH-HYD,Tier-3
ORD108504,2025-10-09,Beauty,769.79,WH-BLR,Metro
ORD108505,2025-04-28,Appliances,8733.85,WH-HYD,Tier-3
ORD108506,2025-08-28,Appliances,146.03,WH-HYD,Metro
ORD108507,2025-04-11,Fashion,4896.12,WH-MUM,Tier-2
ORD108508,2025-12-17,Grocery,634.81,WH-BLR,Metro
ORD108509,2025-11-25,Books,979.48,WH-KOL,Metro
ORD108510,2025-05-02,Books,170.0,WH-KOL,Tier-3
ORD108511,2025-08-11,Appliances,3115.04,WH-HYD,Tier-3
ORD108512,2025-07-30,Grocery,2526.32,WH-MUM,Remote
ORD108513,2025-12-21,Electronics,558.53,WH-BLR,Tier-2
ORD108514,2025-06-15,Electronics,3248.75,WH-MUM,Metro
ORD108515,2025-08-25,Electronics,2784.98,WH-HYD,Metro
ORD108516,2025-12-13,Fashion,876.41,WH-BLR,Metro
ORD108517,2025-03-10,Electronics,259.32,WH-BLR,Metro
ORD108518,2025-08-20,Fashion,1124.1,WH-KOL,Tier-2
ORD108519,2025-02-14,Grocery,3082.0,WH-DEL,Metro
ORD108520,2025-09-17,Grocery,644.21,WH-DEL,Remote
ORD108521,2025-06-03,Grocery,3181.25,WH-KOL,Metro
ORD108522,2025-12-23,Fashion,672.83,WH-DEL,Tier-3
ORD108523,2025-06-24,Grocery,1245.83,WH-MUM,Tier-2
ORD108524,2025-02-27,Beauty,743.07,WH-KOL,Tier-2
ORD108525,2025-11-18,Fashion,1518.07,WH-KOL,Tier-2
ORD108526,2025-11-14,Books,2583.74,WH-BLR,Remote
ORD108527,2025-10-12,Fashion,4937.42,WH-MUM,Tier-2
ORD108528,2025-10-27,Furniture,1582.38,WH-MUM,Metro
ORD108529,2025-04-22,Grocery,384.91,WH-BLR,Metro
ORD108530,2025-09-27,Appliances,2220.88,WH-BLR,Tier-3
ORD108531,2025-01-16,Books,1055.47,WH-BLR,Tier-2
ORD108532,2025-03-24,Fashion,1037.49,WH-DEL,Tier-3
ORD108533,2025-12-14,Appliances,1457.74,WH-BLR,Metro
ORD108534,2025-10-24,Books,2095.11,WH-KOL,Tier-3
ORD108535,2025-04-07,Books,962.12,WH-DEL,Tier-2
ORD108536,2025-02-16,Electronics,2131.89,WH-MUM,Tier-2
ORD108537,2025-12-18,Electronics,1851.58,WH-HYD,Remote
ORD108538,2025-02-17,Books,2133.15,WH-DEL,Tier-2
ORD108539,2025-04-19,Appliances,2707.77,WH-HYD,Metro
ORD108540,2025-03-18,Beauty,229.29,WH-KOL,Tier-2
ORD108541,2025-01-04,Fashion,978.27,WH-HYD,Metro
ORD108542,2025-05-12,Books,1185.4,WH-HYD,Metro
ORD108543,2025-12-25,Books,1097.46,WH-HYD,Tier-2
ORD108544,2025-05-24,Books,669.86,WH-MUM,Metro
ORD108545,2025-07-31,Appliances,794.76,WH-DEL,Tier-2
ORD108546,2025-10-26,Electronics,2032.42,WH-DEL,Tier-2
ORD108547,2025-08-20,Appliances,1936.54,WH-KOL,Metro
ORD108548,2025-10-25,Furniture,1374.76,WH-DEL,Metro
ORD108549,2025-10-04,Fashion,599.92,WH-BLR,Tier-2
ORD108550,2025-09-13,Fashion,2664.15,WH-MUM,Remote
ORD108551,2025-09-30,Books,2514.73,WH-MUM,Metro
ORD108552,2025-11-09,Electronics,3261.47,WH-MUM,Metro
ORD108553,2025-10-16,Fashion,716.74,WH-DEL,Remote
ORD108554,2025-11-07,Furniture,24382.07,WH-KOL,Tier-3
ORD108555,2025-03-03,Beauty,1597.25,WH-MUM,Remote
ORD108556,2025-10-08,Furniture,730.75,WH-KOL,Metro
ORD108557,2025-10-23,Fashion,8983.69,WH-HYD,Remote
ORD108558,2025-05-07,Electronics,2435.96,WH-BLR,Tier-3
ORD108559,2025-11-29,Fashion,1575.32,WH-MUM,Metro
ORD108560,2025-05-09,Fashion,1735.1,WH-KOL,Tier-2
ORD108561,2025-04-13,Books,3736.51,WH-HYD,Metro
ORD108562,2025-11-27,Fashion,1638.89,WH-BLR,Tier-2
ORD108563,2025-04-14,Electronics,337.05,WH-DEL,Tier-2
ORD108564,2025-06-24,Books,1320.27,WH-MUM,Metro
ORD108565,2025-06-04,Electronics,2750.83,WH-DEL,Remote
ORD108566,2025-12-05,Electronics,1289.19,WH-BLR,Remote
ORD108567,2025-07-11,Grocery,609.04,WH-MUM,Tier-3
ORD108568,2025-10-12,Electronics,1301.03,WH-MUM,Metro
ORD108569,2025-11-07,Electronics,2674.19,WH-DEL,Tier-2
ORD108570,2025-09-21,Beauty,3717.46,WH-BLR,Tier-3
ORD108571,2025-12-17,Books,551.51,WH-HYD,Metro
ORD108572,2025-11-10,Appliances,522.21,WH-HYD,Tier-2
ORD108573,2025-06-18,Furniture,1277.78,WH-DEL,Metro
ORD108574,2025-12-19,Electronics,769.47,WH-KOL,Tier-2
ORD108575,2025-08-09,Books,843.41,WH-HYD,Tier-2
ORD108576,2025-01-10,Grocery,1080.31,WH-BLR,Tier-3
ORD108577,2025-04-20,Electronics,2472.2,WH-BLR,Tier-2
ORD108578,2025-09-19,Fashion,681.93,WH-DEL,Tier-3
ORD108579,2025-03-07,Grocery,526.9,WH-HYD,Metro
ORD108580,2025-09-03,Electronics,741.56,WH-KOL,Tier-2
ORD108581,2025-06-01,Fashion,399.3,WH-BLR,Tier-3
ORD108582,2025-08-13,Fashion,1396.98,WH-BLR,Tier-3
ORD108583,2025-01-01,Grocery,1461.61,WH-HYD,Tier-3
ORD108584,2025-11-22,Electronics,3004.89,WH-KOL,Tier-2
ORD108585,2025-06-02,Grocery,574.28,WH-MUM,Tier-2
ORD108586,2025-02-28,Electronics,1477.73,WH-MUM,Remote
ORD108587,2025-07-04,Grocery,1751.04,WH-HYD,Metro
ORD108588,2025-07-24,Fashion,388.24,WH-MUM,Tier-3
ORD108589,2025-09-25,Fashion,1596.06,WH-HYD,Tier-2
ORD108590,2025-08-09,Furniture,1644.25,WH-KOL,Tier-3
ORD108591,2025-01-19,Furniture,1209.1,WH-MUM,Tier-2
ORD108592,2025-11-28,Electronics,480.55,WH-MUM,Tier-2
ORD108593,2025-07-11,Grocery,1260.3,WH-KOL,Metro
ORD108594,2025-02-02,Books,280.07,WH-MUM,Remote
ORD108595,2025-11-02,Fashion,1737.43,WH-BLR,Metro
ORD108596,2025-10-03,Grocery,2424.33,WH-DEL,Tier-2
ORD108597,2025-09-30,Fashion,1124.2,WH-DEL,Metro
ORD108598,2025-06-29,Books,3727.68,WH-MUM,Tier-2
ORD108599,2025-06-22,Fashion,766.85,WH-HYD,Metro
ORD108600,2025-08-14,Beauty,748.14,WH-BLR,Tier-2
ORD108601,2025-01-22,Furniture,1071.88,WH-BLR,Tier-3
ORD108602,2025-05-06,Grocery,8191.59,WH-MUM,Tier-2
ORD108603,2025-12-28,Fashion,1067.05,WH-DEL,Metro
ORD108604,2025-10-04,Grocery,7440.3,WH-HYD,Tier-3
ORD108605,2025-06-26,Electronics,1298.81,WH-DEL,Tier-2
ORD108606,2025-04-04,Fashion,702.22,WH-HYD,Metro
ORD108607,2025-10-26,Fashion,6388.96,WH-BLR,Metro
ORD108608,2025-04-20,Furniture,1552.72,WH-MUM,Tier-3
ORD108609,2025-03-10,Appliances,1058.65,WH-MUM,Remote
ORD108610,2025-03-06,Beauty,2667.22,WH-HYD,Tier-3
ORD108611,2025-10-21,Fashion,3633.03,WH-DEL,Tier-3
ORD108612,2025-09-28,Books,841.34,WH-HYD,Tier-2
ORD108613,2025-01-30,Books,2755.69,WH-MUM,Tier-2
ORD108614,2025-02-18,Books,1117.35,WH-KOL,Tier-3
ORD108615,2025-09-24,Appliances,610.99,WH-HYD,Metro
ORD108616,2025-08-28,Fashion,760.59,WH-KOL,Tier-3
ORD108617,2025-10-10,Books,524.49,WH-MUM,Tier-2
ORD108618,2025-03-16,Grocery,1436.12,WH-BLR,Metro
ORD108619,2025-10-21,Appliances,1440.27,WH-DEL,Metro
ORD108620,2025-12-15,Fashion,3340.2,WH-MUM,Metro
ORD108621,2025-09-10,Electronics,2683.12,WH-HYD,Metro
ORD108622,2025-03-24,Fashion,969.62,WH-BLR,Tier-2
ORD108623,2025-10-08,Grocery,1147.76,WH-DEL,Metro
ORD108624,2025-05-25,Fashion,796.97,WH-BLR,Metro
ORD108625,2025-01-21,Books,1462.32,WH-DEL,Metro
ORD108626,2025-05-08,Electronics,1122.56,WH-BLR,Tier-2
ORD108627,2025-12-07,Electronics,1393.68,WH-KOL,Tier-3
ORD108628,2025-06-22,Fashion,4314.54,WH-BLR,Tier-2
ORD108629,2025-11-26,Electronics,4496.43,WH-DEL,Tier-2
ORD108630,2025-08-02,Fashion,812.77,WH-BLR,Tier-2
ORD108631,2025-08-06,Appliances,2493.53,WH-BLR,Tier-2
ORD108632,2025-01-03,Beauty,2259.11,WH-MUM,Remote
ORD108633,2025-09-25,Fashion,863.15,WH-BLR,Tier-2
ORD108634,2025-02-15,Fashion,4144.84,WH-DEL,Tier-2
ORD108635,2025-07-21,Appliances,410.39,WH-BLR,Tier-3
ORD108636,2025-04-20,Fashion,3166.76,WH-HYD,Tier-2
ORD108637,2025-06-14,Appliances,1219.84,WH-HYD,Tier-2
ORD108638,2025-08-14,Grocery,568.46,WH-HYD,Tier-3
ORD108639,2025-01-07,Books,1156.05,WH-BLR,Metro
ORD108640,2025-04-30,Electronics,6017.21,WH-MUM,Tier-2
ORD108641,2025-12-29,Beauty,9983.36,WH-BLR,Tier-3
ORD108642,2025-01-25,Beauty,718.43,WH-MUM,Tier-2
ORD108643,2025-05-15,Electronics,1298.32,WH-HYD,Metro
ORD108644,2025-05-16,Grocery,1154.27,WH-BLR,Tier-2
ORD108645,2025-06-09,Fashion,1319.16,WH-MUM,Tier-3
ORD108646,2025-10-10,Fashion,4914.6,WH-HYD,Tier-2
ORD108647,2025-04-15,Beauty,979.74,WH-MUM,Remote
ORD108648,2025-07-13,Electronics,716.56,WH-BLR,Metro
ORD108649,2025-09-28,Fashion,938.56,WH-KOL,Tier-2
ORD108650,2025-05-16,Electronics,1153.03,WH-BLR,Metro
ORD108651,2025-12-18,Grocery,2480.02,WH-HYD,Tier-2
ORD108652,2025-12-26,Books,1481.16,WH-BLR,Remote
ORD108653,2025-02-20,Furniture,2280.81,WH-KOL,Tier-2
ORD108654,2025-05-25,Furniture,3124.08,WH-HYD,Tier-2
ORD108655,2025-03-29,Electronics,1069.52,WH-MUM,Tier-3
ORD108656,2025-03-20,Appliances,1266.55,WH-KOL,Tier-2
ORD108657,2025-07-26,Fashion,1983.92,WH-BLR,Tier-2
ORD108658,2025-08-25,Grocery,818.11,WH-HYD,Metro
ORD108659,2025-06-28,Grocery,1387.8,WH-DEL,Tier-2
ORD108660,2025-04-25,Beauty,3123.91,WH-BLR,Tier-3
ORD108661,2025-04-28,Appliances,1476.95,WH-DEL,Tier-2
ORD108662,2025-12-29,Appliances,3715.57,WH-BLR,Metro
ORD108663,2025-12-11,Fashion,646.26,WH-DEL,Metro
ORD108664,2025-02-01,Electronics,1755.5,WH-DEL,Metro
ORD108665,2025-10-02,Grocery,2126.91,WH-MUM,Tier-3
ORD108666,2025-07-11,Furniture,1725.6,WH-HYD,Remote
ORD108667,2025-10-11,Appliances,1063.85,WH-KOL,Tier-2
ORD108668,2025-09-08,Furniture,416.92,WH-DEL,Tier-3
ORD108669,2025-12-02,Fashion,3276.85,WH-DEL,Metro
ORD108670,2025-01-29,Fashion,433.24,WH-BLR,Tier-3
ORD108671,2025-05-27,Electronics,460.04,WH-KOL,Metro
ORD108672,2025-12-28,Appliances,2132.41,WH-HYD,Metro
ORD108673,2025-03-18,Beauty,996.88,WH-KOL,Metro
ORD108674,2025-02-23,Grocery,1502.57,WH-HYD,Tier-2
ORD108675,2025-10-21,Furniture,479.93,WH-MUM,Tier-2
ORD108676,2025-11-03,Appliances,1691.24,WH-BLR,Metro
ORD108677,2025-10-06,Electronics,2614.87,WH-DEL,Metro
ORD108678,2025-11-03,Electronics,384.15,WH-BLR,Tier-3
ORD108679,2025-10-12,Fashion,1638.84,WH-DEL,Tier-3
ORD108680,2025-02-27,Beauty,2756.86,WH-MUM,Metro
ORD108681,2025-09-13,Electronics,460.75,WH-HYD,Metro
ORD108682,2025-11-03,Grocery,1503.91,WH-DEL,Tier-2
ORD108683,2025-11-26,Fashion,1395.71,WH-MUM,Tier-2
ORD108684,2025-04-14,Furniture,1781.83,WH-HYD,Tier-2
ORD108685,2025-02-23,Fashion,1077.06,WH-MUM,Tier-2
ORD108686,2025-11-04,Beauty,417.69,WH-MUM,Tier-2
ORD108687,2025-04-18,Fashion,974.77,WH-MUM,Tier-2
ORD108688,2025-01-14,Beauty,858.74,WH-BLR,Tier-3
ORD108689,2025-11-16,Grocery,1268.68,WH-MUM,Tier-3
ORD108690,2025-08-01,Fashion,3512.55,WH-MUM,Tier-2
ORD108691,2025-05-18,Appliances,407.84,WH-BLR,Metro
ORD108692,2025-01-05,Grocery,2888.6,WH-MUM,Remote
ORD108693,2025-01-15,Electronics,5511.25,WH-MUM,Metro
ORD108694,2025-11-07,Appliances,5247.94,WH-HYD,Remote
ORD108695,2025-07-25,Grocery,5611.09,WH-BLR,Tier-2
ORD108696,2025-03-04,Grocery,1562.61,WH-MUM,Tier-3
ORD108697,2025-05-31,Appliances,1419.08,WH-BLR,Tier-2
ORD108698,2025-03-11,Furniture,315.26,WH-BLR,Metro
ORD108699,2025-02-17,Fashion,1125.6,WH-MUM,Metro
ORD108700,2025-04-27,Fashion,3314.64,WH-MUM,Metro
ORD108701,2025-08-19,Fashion,429.72,WH-HYD,Metro
ORD108702,2025-03-30,Grocery,673.15,WH-HYD,Metro
ORD108703,2025-05-25,Fashion,1462.14,WH-KOL,Tier-2
ORD108704,2025-07-20,Electronics,356.63,WH-KOL,Tier-3
ORD108705,2025-06-26,Books,5760.25,WH-BLR,Metro
ORD108706,2025-02-24,Fashion,2136.6,WH-BLR,Tier-3
ORD108707,2025-01-17,Electronics,1762.66,WH-MUM,Metro
ORD108708,2025-01-15,Books,2558.85,WH-DEL,Tier-2
ORD108709,2025-05-28,Appliances,1021.47,WH-DEL,Tier-2
ORD108710,2025-10-19,Appliances,1675.69,WH-MUM,Tier-3
ORD108711,2025-02-25,Fashion,613.04,WH-KOL,Metro
ORD108712,2025-11-06,Furniture,209.92,WH-DEL,Metro
ORD108713,2025-10-18,Beauty,1305.1,WH-KOL,Metro
ORD108714,2025-01-02,Fashion,4748.95,WH-KOL,Remote
ORD108715,2025-01-12,Electronics,5113.82,WH-MUM,Metro
ORD108716,2025-03-23,Electronics,1151.74,WH-BLR,Tier-2
ORD108717,2025-01-24,Books,1073.58,WH-MUM,Metro
ORD108718,2025-08-12,Fashion,385.92,WH-MUM,Tier-2
ORD108719,2025-01-17,Grocery,3133.14,WH-KOL,Tier-2
ORD108720,2025-11-10,Grocery,1879.0,WH-KOL,Metro
ORD108721,2025-07-27,Beauty,1151.38,WH-BLR,Metro
ORD108722,2025-10-21,Fashion,276.47,WH-BLR,Metro
ORD108723,2025-10-27,Grocery,316.66,WH-HYD,Metro
ORD108724,2025-08-01,Beauty,1485.58,WH-DEL,Tier-2
ORD108725,2025-12-12,Fashion,389.93,WH-HYD,Tier-3
ORD108726,2025-12-29,Grocery,2060.14,WH-MUM,Metro
ORD108727,2025-05-31,Electronics,2142.08,WH-BLR,Metro
ORD108728,2025-02-22,Fashion,467.91,WH-MUM,Metro
ORD108729,2025-06-02,Electronics,1392.25,WH-BLR,Tier-3
ORD108730,2025-04-04,Fashion,631.97,WH-MUM,Metro
ORD108731,2025-08-12,Fashion,2844.35,WH-BLR,Tier-3
ORD108732,2025-06-08,Books,18631.67,WH-MUM,Metro
ORD108733,2025-07-21,Grocery,1217.87,WH-HYD,Metro
ORD108734,2025-10-30,Fashion,4368.58,WH-BLR,Metro
ORD108735,2025-04-26,Appliances,3048.07,WH-KOL,Tier-2
ORD108736,2025-08-14,Beauty,1258.83,WH-BLR,Tier-2
ORD108737,2025-05-21,Fashion,2050.11,WH-DEL,Metro
ORD108738,2025-11-05,Electronics,486.64,WH-MUM,Remote
ORD108739,2025-09-26,Electronics,1495.45,WH-HYD,Tier-2
ORD108740,2025-01-04,Books,1053.63,WH-BLR,Tier-3
ORD108741,2025-10-03,Books,3974.41,WH-MUM,Tier-3
ORD108742,2025-03-13,Grocery,811.42,WH-KOL,Tier-2
ORD108743,2025-10-20,Electronics,576.28,WH-BLR,Tier-3
ORD108744,2025-08-27,Grocery,594.31,WH-HYD,Tier-2
ORD108745,2025-06-18,Furniture,2655.88,WH-HYD,Tier-2
ORD108746,2025-10-12,Fashion,1156.14,WH-MUM,Tier-3
ORD108747,2025-11-24,Electronics,348.23,WH-BLR,Tier-2
ORD108748,2025-11-03,Fashion,3015.95,WH-HYD,Tier-2
ORD108749,2025-08-18,Appliances,400.05,WH-KOL,Metro
ORD108750,2025-10-20,Beauty,863.69,WH-BLR,Remote
ORD108751,2025-06-23,Electronics,1131.65,WH-HYD,Metro
ORD108752,2025-11-06,Beauty,557.45,WH-HYD,Metro
ORD108753,2025-11-17,Grocery,344.65,WH-DEL,Metro
ORD108754,2025-02-27,Furniture,2567.6,WH-HYD,Tier-2
ORD108755,2025-04-11,Books,2256.29,WH-BLR,Metro
ORD108756,2025-04-24,Grocery,1398.36,WH-MUM,Tier-3
ORD108757,2025-03-11,Electronics,1794.11,WH-KOL,Tier-2
ORD108758,2025-06-14,Fashion,343.48,WH-HYD,Tier-3
ORD108759,2025-03-23,Books,2033.59,WH-MUM,Metro
ORD108760,2025-09-08,Grocery,1864.76,WH-DEL,Tier-2
ORD108761,2025-02-12,Fashion,1908.12,WH-BLR,Tier-2
ORD108762,2025-04-24,Grocery,1902.73,WH-BLR,Metro
ORD108763,2025-10-05,Fashion,2967.24,WH-BLR,Metro
ORD108764,2025-06-17,Fashion,1220.72,WH-BLR,Tier-3
ORD108765,2025-06-27,Books,1408.62,WH-MUM,Tier-2
ORD108766,2025-11-08,Fashion,460.41,WH-MUM,Remote
ORD108767,2025-12-27,Fashion,2318.2,WH-HYD,Tier-2
ORD108768,2025-08-26,Fashion,784.52,WH-KOL,Metro
ORD108769,2025-02-03,Beauty,831.0,WH-MUM,Tier-3
ORD108770,2025-02-13,Electronics,965.67,WH-BLR,Remote
ORD108771,2025-12-23,Electronics,568.03,WH-KOL,Tier-2
ORD108772,2025-10-08,Fashion,1230.02,WH-BLR,Metro
ORD108773,2025-10-27,Electronics,2589.86,WH-DEL,Metro
ORD108774,2025-10-07,Electronics,550.35,WH-BLR,Tier-3
ORD108775,2025-03-17,Electronics,1321.78,WH-KOL,Metro
ORD108776,2025-07-08,Electronics,2282.73,WH-MUM,Metro
ORD108777,2025-11-08,Furniture,184.17,WH-KOL,Metro
ORD108778,2025-11-26,Electronics,5904.41,WH-KOL,Tier-3
ORD108779,2025-04-10,Fashion,925.57,WH-KOL,Tier-2
ORD108780,2025-09-08,Appliances,633.98,WH-HYD,Tier-2
ORD108781,2025-03-08,Electronics,1429.72,WH-HYD,Tier-2
ORD108782,2025-12-21,Fashion,780.6,WH-KOL,Tier-3
ORD108783,2025-04-16,Beauty,1265.82,WH-BLR,Metro
ORD108784,2025-10-21,Grocery,735.67,WH-HYD,Metro
ORD108785,2025-04-08,Furniture,3299.43,WH-BLR,Metro
ORD108786,2025-09-16,Grocery,11465.08,WH-MUM,Metro
ORD108787,2025-10-03,Beauty,2388.4,WH-MUM,Metro
ORD108788,2025-05-19,Electronics,1571.29,WH-KOL,Tier-2
ORD108789,2025-11-14,Electronics,861.22,WH-MUM,Metro
ORD108790,2025-12-01,Books,3130.65,WH-DEL,Tier-3
ORD108791,2025-11-23,Electronics,724.46,WH-DEL,Metro
ORD108792,2025-05-20,Grocery,1728.26,WH-DEL,Remote
ORD108793,2025-10-25,Electronics,883.54,WH-BLR,Metro
ORD108794,2025-08-24,Fashion,490.21,WH-DEL,Metro
ORD108795,2025-09-07,Furniture,1129.54,WH-DEL,Tier-3
ORD108796,2025-07-20,Grocery,608.96,WH-KOL,Tier-3
ORD108797,2025-09-10,Grocery,4361.09,WH-KOL,Metro
ORD108798,2025-02-27,Electronics,732.68,WH-BLR,Tier-3
ORD108799,2025-06-21,Fashion,1206.94,WH-BLR,Tier-3
ORD108800,2025-03-16,Appliances,796.63,WH-DEL,Tier-2
ORD108801,2025-04-28,Electronics,498.57,WH-MUM,Tier-2
ORD108802,2025-02-23,Grocery,2315.88,WH-HYD,Metro
ORD108803,2025-03-31,Grocery,1241.8,WH-HYD,Metro
ORD108804,2025-11-04,Fashion,8730.6,WH-BLR,Metro
ORD108805,2025-08-20,Fashion,3096.3,WH-KOL,Metro
ORD108806,2025-01-10,Books,1416.63,WH-MUM,Tier-2
ORD108807,2025-11-06,Fashion,1796.49,WH-KOL,Metro
ORD108808,2025-12-08,Electronics,1246.33,WH-MUM,Metro
ORD108809,2025-11-30,Beauty,588.84,WH-HYD,Metro
ORD108810,2025-11-15,Electronics,424.29,WH-BLR,Tier-2
ORD108811,2025-12-29,Books,575.7,WH-DEL,Tier-2
ORD108812,2025-09-04,Electronics,3904.64,WH-BLR,Tier-3
ORD108813,2025-12-22,Fashion,1645.31,WH-HYD,Remote
ORD108814,2025-12-18,Grocery,2058.52,WH-KOL,Remote
ORD108815,2025-05-12,Electronics,2514.22,WH-HYD,Metro
ORD108816,2025-11-26,Appliances,1141.3,WH-DEL,Metro
ORD108817,2025-11-07,Fashion,825.13,WH-BLR,Tier-2
ORD108818,2025-11-03,Grocery,6739.7,WH-KOL,Metro
ORD108819,2025-12-04,Books,2048.09,WH-MUM,Metro
ORD108820,2025-06-11,Grocery,353.72,WH-DEL,Tier-3
ORD108821,2025-06-18,Grocery,328.93,WH-MUM,Tier-2
ORD108822,2025-09-26,Fashion,2440.64,WH-HYD,Tier-2
ORD108823,2025-10-24,Electronics,660.67,WH-MUM,Tier-3
ORD108824,2025-11-30,Beauty,1206.91,WH-MUM,Tier-3
ORD108825,2025-11-29,Grocery,232.7,WH-BLR,Tier-3
ORD108826,2025-10-19,Furniture,924.71,WH-DEL,Tier-3
ORD108827,2025-12-20,Fashion,2778.83,WH-MUM,Metro
ORD108828,2025-03-17,Fashion,872.86,WH-KOL,Tier-2
ORD108829,2025-12-18,Electronics,525.23,WH-HYD,Metro
ORD108830,2025-01-27,Electronics,1101.64,WH-KOL,Remote
ORD108831,2025-08-22,Fashion,1377.23,WH-MUM,Metro
ORD108832,2025-02-07,Fashion,1010.41,WH-DEL,Metro
ORD108833,2025-08-27,Electronics,378.92,WH-MUM,Remote
ORD108834,2025-06-13,Grocery,1834.8,WH-KOL,Tier-2
ORD108835,2025-02-04,Grocery,846.35,WH-MUM,Metro
ORD108836,2025-09-30,Fashion,1539.88,WH-MUM,Metro
ORD108837,2025-10-22,Books,613.32,WH-MUM,Tier-2
ORD108838,2025-03-15,Grocery,3629.0,WH-MUM,Tier-2
ORD108839,2025-10-12,Electronics,2368.51,WH-KOL,Tier-2
ORD108840,2025-03-17,Appliances,1004.52,WH-BLR,Metro
ORD108841,2025-02-27,Grocery,1708.52,WH-DEL,Tier-3
ORD108842,2025-03-03,Grocery,4957.17,WH-MUM,Metro
ORD108843,2025-09-09,Books,3429.1,WH-BLR,Remote
ORD108844,2025-11-03,Electronics,4480.09,WH-KOL,Tier-2
ORD108845,2025-09-08,Grocery,2173.46,WH-HYD,Remote
ORD108846,2025-11-11,Fashion,868.2,WH-KOL,Metro
ORD108847,2025-09-06,Electronics,2144.62,WH-MUM,Remote
ORD108848,2025-11-08,Fashion,5215.45,WH-HYD,Tier-3
ORD108849,2025-12-25,Fashion,2174.43,WH-DEL,Tier-2
ORD108850,2025-06-14,Electronics,691.14,WH-DEL,Remote
ORD108851,2025-03-05,Grocery,1412.33,WH-BLR,Tier-3
ORD108852,2025-02-26,Fashion,2461.01,WH-BLR,Remote
ORD108853,2025-09-09,Fashion,1536.98,WH-BLR,Tier-3
ORD108854,2025-08-18,Electronics,2466.74,WH-HYD,Remote
ORD108855,2025-03-19,Fashion,816.04,WH-HYD,Metro
ORD108856,2025-12-01,Grocery,1127.81,WH-DEL,Metro
ORD108857,2025-12-20,Grocery,1759.81,WH-BLR,Tier-2
ORD108858,2025-04-17,Appliances,1827.79,WH-HYD,Tier-3
ORD108859,2025-03-28,Beauty,807.3,WH-BLR,Metro
ORD108860,2025-03-31,Electronics,188.72,WH-KOL,Tier-2
ORD108861,2025-06-12,Fashion,133.64,WH-MUM,Metro
ORD108862,2025-11-23,Books,1290.23,WH-HYD,Remote
ORD108863,2025-09-08,Furniture,1550.67,WH-BLR,Tier-3
ORD108864,2025-01-29,Beauty,1134.98,WH-MUM,Metro
ORD108865,2025-07-18,Appliances,1377.63,WH-MUM,Metro
ORD108866,2025-02-07,Appliances,4821.5,WH-MUM,Remote
ORD108867,2025-06-20,Electronics,900.38,WH-BLR,Metro
ORD108868,2025-06-19,Fashion,1793.71,WH-DEL,Tier-2
ORD108869,2025-09-30,Grocery,5151.86,WH-BLR,Remote
ORD108870,2025-08-19,Grocery,584.62,WH-KOL,Remote
ORD108871,2025-11-29,Appliances,5520.79,WH-MUM,Metro
ORD108872,2025-01-07,Beauty,2912.89,WH-MUM,Tier-2
ORD108873,2025-11-02,Fashion,1045.04,WH-DEL,Remote
ORD108874,2025-01-10,Fashion,176.27,WH-HYD,Metro
ORD108875,2025-05-08,Books,4074.43,WH-BLR,Tier-2
ORD108876,2025-11-30,Books,5520.4,WH-DEL,Tier-3
ORD108877,2025-10-11,Books,768.37,WH-KOL,Metro
ORD108878,2025-03-14,Furniture,5805.08,WH-MUM,Metro
ORD108879,2025-07-26,Beauty,346.38,WH-BLR,Metro
ORD108880,2025-10-19,Fashion,1691.45,WH-MUM,Metro
ORD108881,2025-12-15,Electronics,1162.03,WH-KOL,Metro
ORD108882,2025-09-24,Electronics,459.56,WH-BLR,Metro
ORD108883,2025-01-11,Fashion,1096.71,WH-BLR,Tier-2
ORD108884,2025-07-29,Books,1306.78,WH-KOL,Remote
ORD108885,2025-03-06,Grocery,517.11,WH-HYD,Remote
ORD108886,2025-01-21,Furniture,2298.81,WH-MUM,Tier-3
ORD108887,2025-09-09,Fashion,776.41,WH-BLR,Tier-3
ORD108888,2025-11-03,Appliances,1004.88,WH-DEL,Metro
ORD108889,2025-01-16,Electronics,4262.13,WH-HYD,Tier-2
ORD108890,2025-11-05,Grocery,793.48,WH-MUM,Tier-3
ORD108891,2025-10-15,Electronics,219.35,WH-BLR,Remote
ORD108892,2025-10-27,Grocery,1095.28,WH-KOL,Tier-2
ORD108893,2025-04-13,Fashion,1461.43,WH-HYD,Tier-3
ORD108894,2025-06-15,Furniture,1104.18,WH-MUM,Remote
ORD108895,2025-02-20,Grocery,2665.81,WH-KOL,Tier-2
ORD108896,2025-04-11,Beauty,1844.88,WH-DEL,Tier-3
ORD108897,2025-05-08,Beauty,829.16,WH-KOL,Remote
ORD108898,2025-05-15,Fashion,2338.32,WH-BLR,Tier-3
ORD108899,2025-03-15,Electronics,1940.81,WH-MUM,Metro
ORD108900,2025-03-21,Electronics,1894.44,WH-DEL,Remote
ORD108901,2025-12-06,Electronics,1178.76,WH-MUM,Tier-3
ORD108902,2025-11-05,Fashion,1682.97,WH-MUM,Metro
ORD108903,2025-05-25,Books,1461.57,WH-DEL,Remote
ORD108904,2025-12-18,Beauty,1053.4,WH-DEL,Metro
ORD108905,2025-04-11,Fashion,1965.2,WH-MUM,Remote
ORD108906,2025-06-20,Appliances,2090.89,WH-MUM,Tier-3
ORD108907,2025-11-13,Books,2091.64,WH-DEL,Metro
ORD108908,2025-07-06,Fashion,2194.29,WH-DEL,Tier-3
ORD108909,2025-04-09,Books,221.46,WH-MUM,Metro
ORD108910,2025-06-04,Beauty,2761.31,WH-MUM,Remote
ORD108911,2025-07-30,Beauty,619.39,WH-BLR,Tier-2
ORD108912,2025-09-18,Appliances,3281.6,WH-HYD,Tier-2
ORD108913,2025-06-20,Fashion,451.07,WH-HYD,Remote
ORD108914,2025-07-01,Fashion,4748.34,WH-DEL,Metro
ORD108915,2025-04-21,Beauty,233.47,WH-DEL,Tier-2
ORD108916,2025-08-13,Fashion,1734.72,WH-BLR,Tier-3
ORD108917,2025-04-03,Fashion,999.71,WH-MUM,Metro
ORD108918,2025-11-27,Fashion,1940.55,WH-MUM,Metro
ORD108919,2025-10-26,Grocery,5326.1,WH-MUM,Tier-2
ORD108920,2025-06-22,Electronics,1618.58,WH-MUM,Metro
ORD108921,2025-10-26,Books,2840.29,WH-BLR,Tier-2
ORD108922,2025-01-03,Grocery,4571.88,WH-KOL,Tier-2
ORD108923,2025-05-25,Fashion,816.29,WH-DEL,Metro
ORD108924,2025-07-05,Fashion,1789.36,WH-HYD,Metro
ORD108925,2025-07-17,Grocery,4001.62,WH-DEL,Metro
ORD108926,2025-10-27,Appliances,1776.14,WH-HYD,Metro
ORD108927,2025-12-22,Beauty,837.82,WH-BLR,Tier-3
ORD108928,2025-06-09,Books,2022.43,WH-BLR,Metro
ORD108929,2025-05-28,Fashion,1468.36,WH-DEL,Remote
ORD108930,2025-09-14,Books,2013.1,WH-DEL,Metro
ORD108931,2025-04-29,Grocery,877.65,WH-BLR,Metro
ORD108932,2025-03-01,Furniture,1625.81,WH-DEL,Tier-3
ORD108933,2025-12-21,Furniture,1197.99,WH-BLR,Metro
ORD108934,2025-11-11,Fashion,901.61,WH-BLR,Tier-2
ORD108935,2025-12-21,Grocery,3819.28,WH-KOL,Metro
ORD108936,2025-04-02,Appliances,888.07,WH-DEL,Remote
ORD108937,2025-01-08,Fashion,731.99,WH-MUM,Metro
ORD108938,2025-07-03,Appliances,518.44,WH-BLR,Metro
ORD108939,2025-12-14,Fashion,1271.88,WH-KOL,Tier-2
ORD108940,2025-02-28,Grocery,1185.81,WH-KOL,Metro
ORD108941,2025-02-19,Books,2386.8,WH-MUM,Remote
ORD108942,2025-01-29,Electronics,500.15,WH-MUM,Remote
ORD108943,2025-10-31,Fashion,348.08,WH-DEL,Tier-3
ORD108944,2025-11-05,Grocery,303.73,WH-BLR,Metro
ORD108945,2025-10-12,Electronics,1929.18,WH-DEL,Tier-2
ORD108946,2025-01-23,Fashion,3064.61,WH-BLR,Metro
ORD108947,2025-10-20,Appliances,2871.15,WH-BLR,Metro
ORD108948,2025-07-08,Electronics,896.76,WH-DEL,Metro
ORD108949,2025-03-08,Furniture,1486.35,WH-MUM,Tier-2
ORD108950,2025-05-05,Electronics,221.97,WH-DEL,Tier-2
ORD108951,2025-07-30,Electronics,4886.91,WH-MUM,Tier-3
ORD108952,2025-05-19,Fashion,3379.41,WH-MUM,Tier-2
ORD108953,2025-12-24,Beauty,2760.5,WH-KOL,Metro
ORD108954,2025-07-19,Grocery,653.19,WH-MUM,Metro
ORD108955,2025-06-06,Fashion,1001.4,WH-DEL,Tier-2
ORD108956,2025-10-07,Fashion,1150.41,WH-MUM,Tier-2
ORD108957,2025-10-01,Grocery,5219.91,WH-HYD,Metro
ORD108958,2025-01-02,Furniture,2980.95,WH-DEL,Tier-2
ORD108959,2025-09-17,Fashion,1153.34,WH-BLR,Tier-3
ORD108960,2025-04-13,Electronics,2138.11,WH-BLR,Metro
ORD108961,2025-06-07,Grocery,645.9,WH-DEL,Tier-3
ORD108962,2025-10-15,Furniture,442.37,WH-HYD,Remote
ORD108963,2025-08-23,Books,1267.7,WH-BLR,Remote
ORD108964,2025-06-04,Grocery,539.22,WH-DEL,Metro
ORD108965,2025-03-12,Appliances,346.03,WH-DEL,Metro
ORD108966,2025-08-01,Grocery,1375.56,WH-MUM,Tier-3
ORD108967,2025-05-15,Grocery,1083.76,WH-DEL,Metro
ORD108968,2025-12-09,Furniture,597.69,WH-MUM,Metro
ORD108969,2025-08-13,Fashion,972.41,WH-DEL,Tier-2
ORD108970,2025-11-26,Beauty,1813.44,WH-HYD,Tier-2
ORD108971,2025-06-13,Fashion,1118.12,WH-KOL,Metro
ORD108972,2025-11-16,Furniture,1498.21,WH-DEL,Metro
ORD108973,2025-01-24,Grocery,1169.17,WH-MUM,Tier-3
ORD108974,2025-05-06,Books,5345.64,WH-HYD,Tier-2
ORD108975,2025-02-02,Electronics,3879.11,WH-HYD,Metro
ORD108976,2025-01-14,Books,1469.96,WH-MUM,Remote
ORD108977,2025-12-10,Electronics,695.4,WH-MUM,Tier-3
ORD108978,2025-10-18,Electronics,855.49,WH-BLR,Tier-2
ORD108979,2025-09-20,Books,476.7,WH-DEL,Metro
ORD108980,2025-08-12,Fashion,707.69,WH-MUM,Tier-3
ORD108981,2025-08-28,Furniture,2285.58,WH-BLR,Tier-3
ORD108982,2025-09-26,Grocery,833.04,WH-DEL,Tier-3
ORD108983,2025-11-16,Beauty,1164.49,WH-KOL,Metro
ORD108984,2025-09-08,Books,3446.63,WH-BLR,Tier-2
ORD108985,2025-10-26,Fashion,2084.78,WH-DEL,Metro
ORD108986,2025-04-29,Books,1415.24,WH-KOL,Remote
ORD108987,2025-12-25,Fashion,1222.48,WH-KOL,Metro
ORD108988,2025-01-14,Furniture,1143.16,WH-MUM,Tier-2
ORD108989,2025-06-12,Appliances,2821.19,WH-BLR,Tier-3
ORD108990,2025-12-01,Appliances,1699.89,WH-MUM,Tier-3
ORD108991,2025-03-17,Furniture,1090.91,WH-MUM,Tier-2
ORD108992,2025-03-01,Books,483.46,WH-MUM,Tier-2
ORD108993,2025-06-03,Grocery,1970.74,WH-DEL,Remote
ORD108994,2025-06-29,Beauty,1761.64,WH-HYD,Tier-2
ORD108995,2025-12-14,Electronics,377.73,WH-DEL,Tier-2
ORD108996,2025-11-18,Fashion,1183.65,WH-KOL,Tier-3
ORD108997,2025-07-15,Books,1751.06,WH-HYD,Tier-2
ORD108998,2025-12-24,Fashion,1086.72,WH-DEL,Tier-2
ORD108999,2025-09-27,Fashion,5717.57,WH-BLR,Metro
ORD109000,2025-11-28,Appliances,4544.36,WH-HYD,Metro
ORD109001,2025-04-14,Grocery,488.03,WH-DEL,Tier-2
ORD109002,2025-07-25,Electronics,1098.19,WH-MUM,Metro
ORD109003,2025-01-13,Electronics,2907.55,WH-BLR,Metro
ORD109004,2025-01-04,Fashion,1252.96,WH-DEL,Tier-2
ORD109005,2025-10-15,Fashion,2415.1,WH-BLR,Tier-2
ORD109006,2025-02-19,Electronics,797.64,WH-HYD,Metro
ORD109007,2025-08-19,Books,381.49,WH-BLR,Tier-2
ORD109008,2025-10-13,Fashion,2332.24,WH-DEL,Metro
ORD109009,2025-01-14,Books,1026.8,WH-MUM,Metro
ORD109010,2025-07-08,Beauty,10536.31,WH-MUM,Metro
ORD109011,2025-10-10,Fashion,2841.66,WH-HYD,Tier-3
ORD109012,2025-12-03,Beauty,573.62,WH-MUM,Tier-2
ORD109013,2025-05-06,Electronics,2295.69,WH-BLR,Remote
ORD109014,2025-12-25,Furniture,1265.86,WH-BLR,Tier-2
ORD109015,2025-11-21,Beauty,2039.67,WH-BLR,Remote
ORD109016,2025-10-01,Books,750.89,WH-MUM,Metro
ORD109017,2025-06-14,Fashion,1719.31,WH-BLR,Tier-2
ORD109018,2025-10-17,Fashion,3125.65,WH-MUM,Tier-2
ORD109019,2025-11-13,Fashion,2586.15,WH-DEL,Tier-2
ORD109020,2025-05-08,Beauty,3214.99,WH-KOL,Tier-3
ORD109021,2025-12-30,Fashion,16196.69,WH-BLR,Tier-2
ORD109022,2025-12-08,Grocery,922.0,WH-KOL,Metro
ORD109023,2025-07-24,Fashion,5677.93,WH-KOL,Tier-3
ORD109024,2025-10-20,Fashion,1696.82,WH-DEL,Metro
ORD109025,2025-08-09,Fashion,982.68,WH-HYD,Metro
ORD109026,2025-10-30,Fashion,1331.62,WH-MUM,Tier-2
ORD109027,2025-11-16,Grocery,2758.01,WH-BLR,Metro
ORD109028,2025-01-10,Fashion,997.64,WH-KOL,Tier-3
ORD109029,2025-02-03,Fashion,279.24,WH-KOL,Tier-2
ORD109030,2025-05-22,Grocery,2622.27,WH-MUM,Tier-3
ORD109031,2025-12-10,Fashion,1606.78,WH-BLR,Tier-2
ORD109032,2025-06-17,Appliances,884.28,WH-BLR,Metro
ORD109033,2025-12-02,Grocery,488.45,WH-MUM,Tier-2
ORD109034,2025-07-14,Grocery,1854.64,WH-KOL,Tier-3
ORD109035,2025-05-02,Fashion,3762.23,WH-BLR,Metro
ORD109036,2025-12-05,Electronics,653.73,WH-DEL,Metro
ORD109037,2025-08-24,Books,1678.4,WH-HYD,Metro
ORD109038,2025-06-01,Books,7869.59,WH-MUM,Metro
ORD109039,2025-01-19,Fashion,2861.31,WH-DEL,Remote
ORD109040,2025-02-16,Fashion,1344.54,WH-MUM,Tier-2
ORD109041,2025-02-28,Fashion,1240.58,WH-BLR,Tier-2
ORD109042,2025-06-03,Appliances,921.34,WH-DEL,Metro
ORD109043,2025-09-13,Electronics,1430.82,WH-BLR,Tier-2
ORD109044,2025-05-10,Beauty,969.11,WH-DEL,Tier-3
ORD109045,2025-01-28,Electronics,1090.16,WH-MUM,Metro
ORD109046,2025-04-22,Beauty,1231.29,WH-HYD,Remote
ORD109047,2025-06-21,Electronics,374.35,WH-DEL,Metro
ORD109048,2025-12-29,Fashion,1209.25,WH-KOL,Metro
ORD109049,2025-06-15,Fashion,11926.49,WH-HYD,Tier-3
ORD109050,2025-02-07,Fashion,454.8,WH-HYD,Tier-2
ORD109051,2025-09-02,Beauty,4725.51,WH-MUM,Tier-2
ORD109052,2025-12-10,Grocery,3223.36,WH-MUM,Remote
ORD109053,2025-11-05,Electronics,2340.04,WH-HYD,Tier-3
ORD109054,2025-11-18,Beauty,915.61,WH-HYD,Remote
ORD109055,2025-12-13,Fashion,2939.29,WH-DEL,Tier-2
ORD109056,2025-09-25,Electronics,6149.69,WH-BLR,Tier-2
ORD109057,2025-12-30,Electronics,3393.38,WH-BLR,Tier-2
ORD109058,2025-01-14,Grocery,1751.79,WH-BLR,Metro
ORD109059,2025-11-18,Beauty,1460.61,WH-BLR,Metro
ORD109060,2025-11-24,Electronics,863.88,WH-HYD,Tier-3
ORD109061,2025-12-10,Appliances,1571.16,WH-DEL,Metro
ORD109062,2025-07-20,Fashion,2236.02,WH-DEL,Tier-3
ORD109063,2025-11-06,Fashion,1498.63,WH-BLR,Metro
ORD109064,2025-03-23,Appliances,1364.25,WH-HYD,Metro
ORD109065,2025-09-11,Appliances,1379.29,WH-BLR,Metro
ORD109066,2025-05-31,Grocery,6304.8,WH-BLR,Metro
ORD109067,2025-09-08,Fashion,1674.7,WH-HYD,Metro
ORD109068,2025-10-07,Electronics,1725.41,WH-DEL,Metro
ORD109069,2025-05-26,Appliances,213.63,WH-BLR,Tier-2
ORD109070,2025-04-01,Grocery,3151.94,WH-BLR,Tier-2
ORD109071,2025-05-16,Fashion,2327.61,WH-MUM,Metro
ORD109072,2025-10-04,Fashion,2241.13,WH-DEL,Metro
ORD109073,2025-10-08,Appliances,2365.62,WH-MUM,Metro
ORD109074,2025-10-25,Electronics,680.95,WH-DEL,Remote
ORD109075,2025-02-23,Furniture,1153.33,WH-MUM,Tier-3
ORD109076,2025-11-14,Appliances,5956.63,WH-DEL,Metro
ORD109077,2025-10-11,Fashion,474.3,WH-HYD,Metro
ORD109078,2025-01-13,Grocery,497.93,WH-HYD,Metro
ORD109079,2025-05-22,Grocery,449.07,WH-BLR,Tier-3
ORD109080,2025-07-16,Grocery,1255.11,WH-BLR,Metro
ORD109081,2025-06-01,Beauty,5209.87,WH-BLR,Tier-2
ORD109082,2025-02-19,Grocery,1816.84,WH-BLR,Metro
ORD109083,2025-03-29,Electronics,3470.8,WH-MUM,Tier-3
ORD109084,2025-01-11,Fashion,293.94,WH-BLR,Metro
ORD109085,2025-02-09,Furniture,741.88,WH-HYD,Metro
ORD109086,2025-04-22,Fashion,842.85,WH-HYD,Metro
ORD109087,2025-11-14,Appliances,5237.36,WH-DEL,Tier-2
ORD109088,2025-08-10,Electronics,1631.03,WH-MUM,Tier-2
ORD109089,2025-06-28,Electronics,1398.19,WH-DEL,Tier-2
ORD109090,2025-10-04,Fashion,1700.71,WH-DEL,Metro
ORD109091,2025-08-16,Books,1203.11,WH-DEL,Tier-2
ORD109092,2025-02-25,Appliances,7144.09,WH-BLR,Metro
ORD109093,2025-04-04,Grocery,6919.99,WH-KOL,Tier-2
ORD109094,2025-04-04,Fashion,3565.65,WH-MUM,Tier-3
ORD109095,2025-09-10,Beauty,3257.96,WH-MUM,Metro
ORD109096,2025-07-13,Books,967.08,WH-MUM,Tier-3
ORD109097,2025-06-12,Fashion,2117.42,WH-MUM,Remote
ORD109098,2025-08-22,Appliances,293.04,WH-KOL,Remote
ORD109099,2025-12-24,Beauty,1031.97,WH-DEL,Metro
ORD109100,2025-05-13,Fashion,420.09,WH-KOL,Tier-3
ORD109101,2025-08-07,Fashion,2172.34,WH-KOL,Metro
ORD109102,2025-07-21,Grocery,1342.21,WH-DEL,Metro
ORD109103,2025-10-18,Fashion,2689.3,WH-HYD,Tier-2
ORD109104,2025-10-22,Appliances,2458.16,WH-KOL,Metro
ORD109105,2025-10-21,Grocery,3579.89,WH-BLR,Metro
ORD109106,2025-03-26,Fashion,788.88,WH-MUM,Remote
ORD109107,2025-07-08,Fashion,345.68,WH-MUM,Metro
ORD109108,2025-11-12,Furniture,6883.87,WH-DEL,Tier-2
ORD109109,2025-06-10,Electronics,942.54,WH-HYD,Tier-3
ORD109110,2025-12-27,Fashion,1404.22,WH-MUM,Metro
ORD109111,2025-06-03,Electronics,3432.63,WH-HYD,Remote
ORD109112,2025-07-29,Books,1152.24,WH-DEL,Remote
ORD109113,2025-07-19,Electronics,583.31,WH-MUM,Metro
ORD109114,2025-07-02,Electronics,7918.75,WH-DEL,Tier-2
ORD109115,2025-11-21,Books,939.03,WH-HYD,Metro
ORD109116,2025-03-07,Electronics,6391.65,WH-MUM,Remote
ORD109117,2025-08-27,Appliances,1960.21,WH-MUM,Metro
ORD109118,2025-09-17,Fashion,3271.11,WH-DEL,Tier-2
ORD109119,2025-11-22,Books,3221.03,WH-MUM,Tier-2
ORD109120,2025-09-13,Electronics,1053.15,WH-BLR,Tier-2
ORD109121,2025-12-21,Electronics,2368.41,WH-HYD,Tier-2
ORD109122,2025-11-28,Fashion,7109.89,WH-BLR,Metro
ORD109123,2025-05-27,Beauty,4218.29,WH-MUM,Tier-3
ORD109124,2025-11-25,Books,3702.0,WH-HYD,Tier-3
ORD109125,2025-12-21,Fashion,2546.87,WH-DEL,Tier-2
ORD109126,2025-04-19,Fashion,1356.49,WH-MUM,Tier-3
ORD109127,2025-09-14,Electronics,741.5,WH-MUM,Metro
ORD109128,2025-04-29,Fashion,5267.92,WH-BLR,Metro
ORD109129,2025-09-30,Fashion,933.42,WH-BLR,Metro
ORD109130,2025-02-09,Books,996.22,WH-KOL,Metro
ORD109131,2025-10-23,Electronics,1493.02,WH-BLR,Metro
ORD109132,2025-06-26,Books,456.21,WH-BLR,Metro
ORD109133,2025-09-04,Electronics,1093.04,WH-HYD,Tier-2
ORD109134,2025-01-11,Books,805.05,WH-KOL,Tier-2
ORD109135,2025-10-13,Fashion,466.72,WH-DEL,Tier-2
ORD109136,2025-07-28,Electronics,539.24,WH-MUM,Tier-3
ORD109137,2025-09-20,Books,1431.7,WH-MUM,Metro
ORD109138,2025-05-13,Fashion,3316.82,WH-KOL,Tier-2
ORD109139,2025-03-03,Books,1358.92,WH-DEL,Metro
ORD109140,2025-07-02,Appliances,608.93,WH-HYD,Tier-3
ORD109141,2025-12-17,Beauty,862.39,WH-MUM,Tier-2
ORD109142,2025-04-06,Books,1920.8,WH-HYD,Metro
ORD109143,2025-10-07,Fashion,3656.13,WH-KOL,Metro
ORD109144,2025-01-21,Fashion,3146.54,WH-MUM,Metro
ORD109145,2025-10-18,Appliances,1771.21,WH-MUM,Tier-2
ORD109146,2025-04-11,Fashion,4912.81,WH-BLR,Metro
ORD109147,2025-07-09,Grocery,956.9,WH-HYD,Tier-3
ORD109148,2025-06-04,Fashion,570.68,WH-MUM,Metro
ORD109149,2025-02-17,Furniture,1162.98,WH-MUM,Remote
ORD109150,2025-05-26,Fashion,4010.02,WH-DEL,Metro
ORD109151,2025-05-28,Electronics,2559.33,WH-HYD,Metro
ORD109152,2025-08-08,Beauty,3498.94,WH-MUM,Remote
ORD109153,2025-12-24,Books,1362.55,WH-KOL,Metro
ORD109154,2025-07-17,Fashion,1644.57,WH-BLR,Tier-3
ORD109155,2025-12-09,Electronics,1237.01,WH-DEL,Metro
ORD109156,2025-07-13,Appliances,737.01,WH-DEL,Tier-2
ORD109157,2025-02-15,Fashion,1511.61,WH-DEL,Tier-3
ORD109158,2025-04-07,Furniture,1230.53,WH-DEL,Metro
ORD109159,2025-06-21,Appliances,999.72,WH-DEL,Metro
ORD109160,2025-05-17,Fashion,2389.61,WH-HYD,Metro
ORD109161,2025-11-26,Fashion,1631.61,WH-HYD,Metro
ORD109162,2025-10-08,Electronics,4341.3,WH-KOL,Tier-2
ORD109163,2025-09-01,Fashion,736.41,WH-KOL,Tier-3
ORD109164,2025-07-26,Grocery,1063.81,WH-DEL,Metro
ORD109165,2025-06-16,Electronics,357.29,WH-DEL,Tier-2
ORD109166,2025-09-15,Beauty,666.22,WH-MUM,Tier-3
ORD109167,2025-02-22,Appliances,2435.94,WH-DEL,Tier-3
ORD109168,2025-03-10,Fashion,2823.47,WH-BLR,Remote
ORD109169,2025-05-08,Grocery,2563.87,WH-MUM,Tier-3
ORD109170,2025-03-13,Fashion,4160.62,WH-KOL,Metro
ORD109171,2025-10-08,Fashion,2276.92,WH-DEL,Metro
ORD109172,2025-01-11,Grocery,1552.52,WH-BLR,Tier-3
ORD109173,2025-03-09,Electronics,2522.05,WH-DEL,Metro
ORD109174,2025-12-06,Fashion,806.17,WH-MUM,Metro
ORD109175,2025-12-31,Electronics,397.93,WH-HYD,Tier-3
ORD109176,2025-07-24,Electronics,1082.41,WH-BLR,Tier-2
ORD109177,2025-07-28,Furniture,1190.49,WH-DEL,Metro
ORD109178,2025-11-02,Beauty,1622.06,WH-DEL,Tier-2
ORD109179,2025-01-16,Furniture,783.85,WH-DEL,Metro
ORD109180,2025-06-29,Beauty,917.59,WH-MUM,Metro
ORD109181,2025-02-11,Grocery,2791.1,WH-HYD,Remote
ORD109182,2025-06-18,Fashion,560.78,WH-HYD,Metro
ORD109183,2025-12-27,Books,1376.54,WH-MUM,Tier-2
ORD109184,2025-10-28,Electronics,907.13,WH-MUM,Metro
ORD109185,2025-12-28,Electronics,385.98,WH-DEL,Metro
ORD109186,2025-10-26,Beauty,1076.26,WH-MUM,Metro
ORD109187,2025-09-13,Furniture,727.84,WH-MUM,Metro
ORD109188,2025-10-28,Beauty,1066.53,WH-MUM,Tier-2
ORD109189,2025-10-03,Electronics,1591.51,WH-MUM,Metro
ORD109190,2025-07-15,Appliances,262.02,WH-HYD,Tier-2
ORD109191,2025-05-03,Fashion,3408.35,WH-KOL,Tier-2
ORD109192,2025-08-07,Fashion,16538.14,WH-DEL,Metro
ORD109193,2025-04-19,Books,701.75,WH-BLR,Metro
ORD109194,2025-07-24,Fashion,931.94,WH-MUM,Metro
ORD109195,2025-03-03,Furniture,774.08,WH-BLR,Metro
ORD109196,2025-08-26,Books,627.8,WH-DEL,Metro
ORD109197,2025-04-14,Books,7348.0,WH-DEL,Metro
ORD109198,2025-05-04,Electronics,1163.5,WH-KOL,Metro
ORD109199,2025-07-29,Electronics,2602.37,WH-MUM,Metro
ORD109200,2025-03-10,Beauty,3825.93,WH-BLR,Metro
ORD109201,2025-12-22,Grocery,3445.52,WH-DEL,Tier-2
ORD109202,2025-07-07,Grocery,3659.59,WH-MUM,Metro
ORD109203,2025-05-29,Electronics,520.72,WH-BLR,Tier-2
ORD109204,2025-01-13,Electronics,3097.96,WH-MUM,Remote
ORD109205,2025-11-20,Beauty,1095.51,WH-BLR,Tier-3
ORD109206,2025-09-20,Grocery,5556.96,WH-BLR,Metro
ORD109207,2025-06-24,Books,736.41,WH-MUM,Tier-2
ORD109208,2025-04-14,Fashion,573.67,WH-HYD,Remote
ORD109209,2025-10-26,Fashion,1429.82,WH-KOL,Tier-3
ORD109210,2025-12-17,Grocery,2389.44,WH-MUM,Tier-2
ORD109211,2025-06-10,Books,340.17,WH-MUM,Tier-2
ORD109212,2025-02-26,Fashion,1028.89,WH-HYD,Tier-3
ORD109213,2025-02-15,Fashion,591.76,WH-KOL,Metro
ORD109214,2025-01-03,Grocery,2978.78,WH-HYD,Tier-2
ORD109215,2025-10-25,Electronics,904.74,WH-MUM,Metro
ORD109216,2025-12-27,Fashion,3502.26,WH-KOL,Tier-2
ORD109217,2025-12-30,Grocery,801.87,WH-DEL,Metro
ORD109218,2025-11-05,Electronics,1813.71,WH-BLR,Tier-3
ORD109219,2025-03-10,Furniture,471.19,WH-BLR,Metro
ORD109220,2025-12-26,Electronics,1303.23,WH-KOL,Tier-2
ORD109221,2025-05-18,Appliances,591.95,WH-KOL,Remote
ORD109222,2025-05-21,Books,4828.48,WH-MUM,Metro
ORD109223,2025-10-10,Books,3356.76,WH-DEL,Metro
ORD109224,2025-01-21,Furniture,1690.54,WH-MUM,Tier-2
ORD109225,2025-11-16,Grocery,3225.33,WH-DEL,Tier-2
ORD109226,2025-12-31,Fashion,953.03,WH-MUM,Metro
ORD109227,2025-11-02,Fashion,2319.05,WH-MUM,Tier-3
ORD109228,2025-11-04,Electronics,1334.12,WH-MUM,Tier-2
ORD109229,2025-06-14,Appliances,2147.35,WH-MUM,Metro
ORD109230,2025-01-28,Electronics,1569.09,WH-KOL,Tier-2
ORD109231,2025-11-07,Fashion,1359.63,WH-KOL,Metro
ORD109232,2025-09-08,Grocery,334.23,WH-BLR,Metro
ORD109233,2025-12-08,Furniture,848.41,WH-MUM,Remote
ORD109234,2025-02-18,Fashion,6073.6,WH-MUM,Tier-2
ORD109235,2025-05-09,Fashion,1297.08,WH-BLR,Metro
ORD109236,2025-06-01,Grocery,804.03,WH-DEL,Metro
ORD109237,2025-10-09,Beauty,1480.44,WH-MUM,Tier-2
ORD109238,2025-11-06,Furniture,421.17,WH-BLR,Tier-2
ORD109239,2025-12-21,Fashion,976.09,WH-KOL,Metro
ORD109240,2025-05-05,Books,1655.79,WH-HYD,Metro
ORD109241,2025-07-27,Electronics,2117.15,WH-BLR,Tier-3
ORD109242,2025-01-13,Fashion,1882.11,WH-DEL,Metro
ORD109243,2025-04-17,Electronics,4788.48,WH-MUM,Metro
ORD109244,2025-06-07,Fashion,832.63,WH-DEL,Remote
ORD109245,2025-09-07,Furniture,428.85,WH-MUM,Tier-2
ORD109246,2025-07-17,Grocery,1070.15,WH-BLR,Metro
ORD109247,2025-06-03,Books,907.61,WH-MUM,Metro
ORD109248,2025-09-20,Grocery,1654.61,WH-KOL,Tier-2
ORD109249,2025-11-16,Fashion,1131.59,WH-HYD,Tier-2
ORD109250,2025-04-12,Grocery,1598.28,WH-DEL,Metro
ORD109251,2025-05-25,Appliances,1547.19,WH-HYD,Tier-3
ORD109252,2025-10-15,Grocery,2892.29,WH-HYD,Metro
ORD109253,2025-11-03,Fashion,1408.77,WH-KOL,Metro
ORD109254,2025-11-16,Grocery,1677.3,WH-BLR,Tier-2
ORD109255,2025-03-29,Grocery,5920.01,WH-BLR,Tier-3
ORD109256,2025-08-15,Fashion,384.11,WH-HYD,Tier-2
ORD109257,2025-12-05,Books,1647.21,WH-KOL,Metro
ORD109258,2025-06-14,Fashion,1297.16,WH-DEL,Metro
ORD109259,2025-06-30,Electronics,1478.21,WH-KOL,Metro
ORD109260,2025-12-28,Appliances,2262.64,WH-DEL,Metro
ORD109261,2025-02-17,Books,729.97,WH-BLR,Tier-2
ORD109262,2025-10-15,Furniture,901.07,WH-KOL,Tier-2
ORD109263,2025-11-22,Grocery,2558.78,WH-HYD,Tier-3
ORD109264,2025-03-05,Beauty,1255.55,WH-DEL,Remote
ORD109265,2025-10-18,Fashion,659.91,WH-HYD,Tier-2
ORD109266,2025-07-17,Fashion,2667.79,WH-MUM,Tier-3
ORD109267,2025-11-23,Grocery,2358.82,WH-DEL,Metro
ORD109268,2025-12-07,Fashion,1611.18,WH-MUM,Tier-3
ORD109269,2025-11-28,Grocery,1969.47,WH-DEL,Metro
ORD109270,2025-01-28,Beauty,2225.38,WH-DEL,Tier-2
ORD109271,2025-10-29,Fashion,1315.78,WH-BLR,Metro
ORD109272,2025-12-11,Electronics,1811.04,WH-BLR,Tier-2
ORD109273,2025-09-19,Fashion,544.68,WH-BLR,Tier-2
ORD109274,2025-09-10,Grocery,1197.52,WH-DEL,Metro
ORD109275,2025-01-19,Appliances,3056.48,WH-MUM,Tier-3
ORD109276,2025-11-24,Beauty,8197.0,WH-DEL,Remote
ORD109277,2025-01-20,Appliances,1559.14,WH-DEL,Tier-2
ORD109278,2025-05-12,Beauty,685.52,WH-BLR,Metro
ORD109279,2025-12-12,Fashion,1063.81,WH-HYD,Tier-3
ORD109280,2025-12-18,Fashion,442.34,WH-DEL,Metro
ORD109281,2025-12-29,Fashion,2416.95,WH-DEL,Metro
ORD109282,2025-07-20,Books,1465.58,WH-BLR,Metro
ORD109283,2025-03-16,Electronics,657.74,WH-DEL,Tier-2
ORD109284,2025-07-25,Electronics,1212.48,WH-DEL,Metro
ORD109285,2025-02-12,Fashion,2484.47,WH-HYD,Metro
ORD109286,2025-11-28,Fashion,1471.33,WH-BLR,Metro
ORD109287,2025-08-24,Furniture,814.66,WH-HYD,Tier-3
ORD109288,2025-06-19,Books,3202.76,WH-KOL,Tier-3
ORD109289,2025-02-03,Electronics,1859.73,WH-HYD,Tier-3
ORD109290,2025-06-20,Grocery,766.14,WH-KOL,Metro
ORD109291,2025-11-26,Electronics,1442.0,WH-BLR,Tier-3
ORD109292,2025-10-15,Fashion,260.31,WH-DEL,Tier-2
ORD109293,2025-02-04,Fashion,1739.7,WH-MUM,Metro
ORD109294,2025-03-09,Grocery,13220.62,WH-DEL,Metro
ORD109295,2025-06-14,Grocery,3382.75,WH-DEL,Metro
ORD109296,2025-02-12,Furniture,1231.72,WH-HYD,Tier-2
ORD109297,2025-12-14,Books,1719.39,WH-KOL,Tier-3
ORD109298,2025-10-01,Electronics,2177.29,WH-KOL,Tier-2
ORD109299,2025-02-09,Appliances,2293.25,WH-MUM,Metro
ORD109300,2025-11-06,Furniture,1282.38,WH-KOL,Tier-3
ORD109301,2025-06-04,Electronics,246.07,WH-KOL,Tier-3
ORD109302,2025-04-13,Fashion,1063.45,WH-HYD,Tier-2
ORD109303,2025-08-28,Electronics,871.59,WH-MUM,Tier-2
ORD109304,2025-01-06,Electronics,1297.74,WH-BLR,Tier-3
ORD109305,2025-07-15,Fashion,771.3,WH-MUM,Metro
ORD109306,2025-11-20,Fashion,2282.73,WH-BLR,Tier-2
ORD109307,2025-12-13,Beauty,7114.04,WH-MUM,Remote
ORD109308,2025-05-24,Books,3065.19,WH-BLR,Tier-3
ORD109309,2025-09-27,Grocery,1328.68,WH-DEL,Metro
ORD109310,2025-04-06,Appliances,4715.92,WH-DEL,Remote
ORD109311,2025-08-24,Beauty,2985.83,WH-BLR,Metro
ORD109312,2025-04-17,Fashion,2515.01,WH-KOL,Tier-2
ORD109313,2025-08-29,Grocery,887.39,WH-BLR,Tier-2
ORD109314,2025-03-14,Furniture,1249.02,WH-MUM,Metro
ORD109315,2025-12-16,Beauty,2239.28,WH-DEL,Metro
ORD109316,2025-12-02,Books,7874.08,WH-DEL,Tier-2
ORD109317,2025-05-22,Electronics,4429.6,WH-MUM,Metro
ORD109318,2025-11-03,Appliances,2252.59,WH-DEL,Tier-2
ORD109319,2025-02-10,Fashion,1594.98,WH-MUM,Tier-3
ORD109320,2025-10-24,Fashion,2581.71,WH-MUM,Tier-2
ORD109321,2025-04-29,Grocery,2150.97,WH-MUM,Tier-3
ORD109322,2025-02-26,Appliances,4778.62,WH-BLR,Remote
ORD109323,2025-10-08,Electronics,584.46,WH-KOL,Remote
ORD109324,2025-07-17,Fashion,1441.91,WH-DEL,Metro
ORD109325,2025-08-11,Appliances,2574.8,WH-BLR,Metro
ORD109326,2025-08-07,Electronics,4389.55,WH-HYD,Tier-2
ORD109327,2025-01-25,Books,6695.7,WH-HYD,Remote
ORD109328,2025-01-22,Grocery,437.63,WH-MUM,Tier-3
ORD109329,2025-09-10,Grocery,791.27,WH-KOL,Tier-2
ORD109330,2025-09-20,Electronics,1329.78,WH-DEL,Tier-3
ORD109331,2025-01-20,Beauty,521.63,WH-BLR,Tier-2
ORD109332,2025-06-09,Beauty,5332.52,WH-HYD,Tier-2
ORD109333,2025-09-15,Electronics,1553.41,WH-KOL,Metro
ORD109334,2025-10-02,Furniture,3597.54,WH-MUM,Tier-2
ORD109335,2025-11-16,Books,1221.41,WH-BLR,Metro
ORD109336,2025-06-26,Electronics,1950.97,WH-DEL,Metro
ORD109337,2025-08-19,Grocery,472.67,WH-HYD,Metro
ORD109338,2025-09-01,Books,603.22,WH-MUM,Tier-2
ORD109339,2025-05-12,Grocery,612.39,WH-KOL,Tier-2
ORD109340,2025-01-23,Beauty,357.6,WH-BLR,Tier-3
ORD109341,2025-01-02,Electronics,3198.44,WH-HYD,Remote
ORD109342,2025-11-18,Beauty,1390.84,WH-KOL,Metro
ORD109343,2025-03-26,Beauty,3278.82,WH-BLR,Metro
ORD109344,2025-09-22,Electronics,1282.27,WH-DEL,Metro
ORD109345,2025-08-31,Fashion,3464.44,WH-BLR,Metro
ORD109346,2025-06-17,Furniture,3016.37,WH-DEL,Tier-3
ORD109347,2025-11-18,Books,1275.91,WH-DEL,Tier-2
ORD109348,2025-10-13,Electronics,1648.68,WH-HYD,Metro
ORD109349,2025-01-10,Fashion,1864.79,WH-DEL,Tier-2
ORD109350,2025-11-03,Books,3433.78,WH-MUM,Tier-3
ORD109351,2025-08-02,Fashion,1370.45,WH-BLR,Metro
ORD109352,2025-05-26,Furniture,1871.52,WH-BLR,Remote
ORD109353,2025-10-21,Grocery,431.84,WH-DEL,Metro
ORD109354,2025-10-10,Beauty,694.79,WH-KOL,Metro
ORD109355,2025-05-11,Electronics,781.66,WH-HYD,Metro
ORD109356,2025-12-27,Beauty,2125.67,WH-MUM,Metro
ORD109357,2025-09-30,Grocery,800.47,WH-KOL,Metro
ORD109358,2025-09-12,Beauty,1539.58,WH-BLR,Metro
ORD109359,2025-01-30,Electronics,1232.52,WH-KOL,Metro
ORD109360,2025-04-28,Furniture,1408.78,WH-BLR,Tier-2
ORD109361,2025-07-07,Books,2813.63,WH-BLR,Metro
ORD109362,2025-09-22,Books,1602.16,WH-HYD,Metro
ORD109363,2025-08-04,Electronics,1150.03,WH-MUM,Tier-2
ORD109364,2025-10-30,Grocery,1939.41,WH-KOL,Tier-2
ORD109365,2025-04-21,Electronics,5115.4,WH-HYD,Tier-2
ORD109366,2025-10-14,Electronics,1464.79,WH-BLR,Tier-2
ORD109367,2025-11-13,Appliances,503.19,WH-BLR,Tier-3
ORD109368,2025-10-31,Beauty,467.67,WH-MUM,Metro
ORD109369,2025-11-01,Furniture,1070.31,WH-DEL,Tier-3
ORD109370,2025-12-02,Electronics,537.9,WH-MUM,Tier-2
ORD109371,2025-02-05,Fashion,197.6,WH-BLR,Remote
ORD109372,2025-10-13,Fashion,1059.86,WH-BLR,Metro
ORD109373,2025-12-23,Electronics,1816.22,WH-DEL,Remote
ORD109374,2025-08-30,Books,4052.55,WH-BLR,Tier-3
ORD109375,2025-04-02,Electronics,1320.69,WH-MUM,Metro
ORD109376,2025-12-31,Electronics,1716.15,WH-BLR,Tier-2
ORD109377,2025-03-15,Appliances,2023.34,WH-KOL,Metro
ORD109378,2025-05-22,Electronics,1431.18,WH-DEL,Metro
ORD109379,2025-03-14,Fashion,785.26,WH-BLR,Metro
ORD109380,2025-07-15,Grocery,7607.44,WH-HYD,Tier-2
ORD109381,2025-06-26,Electronics,607.52,WH-MUM,Tier-2
ORD109382,2025-07-26,Grocery,1868.94,WH-DEL,Metro
ORD109383,2025-12-13,Grocery,717.7,WH-MUM,Metro
ORD109384,2025-07-20,Furniture,1466.03,WH-MUM,Metro
ORD109385,2025-08-05,Fashion,1858.62,WH-KOL,Metro
ORD109386,2025-12-02,Fashion,1139.5,WH-BLR,Tier-2
ORD109387,2025-11-14,Furniture,507.34,WH-DEL,Metro
ORD109388,2025-04-11,Electronics,1014.45,WH-BLR,Tier-3
ORD109389,2025-01-06,Electronics,3292.05,WH-MUM,Tier-3
ORD109390,2025-09-22,Fashion,402.74,WH-DEL,Remote
ORD109391,2025-11-21,Electronics,4937.99,WH-BLR,Metro
ORD109392,2025-08-21,Electronics,1445.04,WH-BLR,Metro
ORD109393,2025-03-30,Beauty,2372.75,WH-MUM,Metro
ORD109394,2025-10-25,Grocery,576.4,WH-MUM,Metro
ORD109395,2025-10-06,Grocery,1188.88,WH-KOL,Remote
ORD109396,2025-08-26,Fashion,786.19,WH-DEL,Tier-2
ORD109397,2025-11-26,Electronics,1696.4,WH-KOL,Remote
ORD109398,2025-11-05,Appliances,559.2,WH-KOL,Remote
ORD109399,2025-10-05,Appliances,815.32,WH-BLR,Metro
ORD109400,2025-10-04,Beauty,7002.16,WH-KOL,Tier-2
ORD109401,2025-10-04,Electronics,2247.38,WH-KOL,Metro
ORD109402,2025-08-09,Electronics,1815.0,WH-MUM,Tier-3
ORD109403,2025-07-14,Appliances,1791.72,WH-DEL,Tier-2
ORD109404,2025-10-16,Fashion,4302.34,WH-MUM,Metro
ORD109405,2025-09-14,Electronics,1210.47,WH-BLR,Remote
ORD109406,2025-07-25,Fashion,2833.22,WH-MUM,Tier-3
ORD109407,2025-02-23,Electronics,202.74,WH-BLR,Remote
ORD109408,2025-10-14,Books,1216.91,WH-MUM,Metro
ORD109409,2025-09-29,Books,1046.05,WH-DEL,Tier-3
ORD109410,2025-05-24,Furniture,880.54,WH-BLR,Tier-2
ORD109411,2025-05-30,Fashion,2419.94,WH-BLR,Metro
ORD109412,2025-04-14,Appliances,1202.76,WH-BLR,Metro
ORD109413,2025-12-21,Furniture,1177.76,WH-KOL,Metro
ORD109414,2025-11-25,Books,715.29,WH-HYD,Metro
ORD109415,2025-08-24,Grocery,977.61,WH-BLR,Tier-2
ORD109416,2025-06-18,Beauty,268.94,WH-HYD,Tier-3
ORD109417,2025-10-23,Fashion,1040.64,WH-HYD,Remote
ORD109418,2025-08-10,Furniture,431.77,WH-HYD,Metro
ORD109419,2025-12-25,Books,4608.81,WH-KOL,Tier-2
ORD109420,2025-01-24,Books,2408.94,WH-MUM,Metro
ORD109421,2025-01-15,Beauty,2780.51,WH-BLR,Metro
ORD109422,2025-08-27,Fashion,465.6,WH-KOL,Tier-3
ORD109423,2025-03-27,Appliances,2618.79,WH-HYD,Remote
ORD109424,2025-09-11,Fashion,785.43,WH-MUM,Remote
ORD109425,2025-11-04,Furniture,1671.44,WH-DEL,Tier-2
ORD109426,2025-02-28,Electronics,1153.61,WH-DEL,Tier-3
ORD109427,2025-07-05,Fashion,444.56,WH-MUM,Metro
ORD109428,2025-10-11,Beauty,584.04,WH-DEL,Tier-3
ORD109429,2025-11-18,Books,2269.78,WH-BLR,Metro
ORD109430,2025-07-28,Grocery,2212.72,WH-MUM,Metro
ORD109431,2025-03-28,Electronics,446.79,WH-MUM,Remote
ORD109432,2025-09-04,Fashion,3325.42,WH-BLR,Metro
ORD109433,2025-07-10,Electronics,987.02,WH-DEL,Tier-3
ORD109434,2025-11-02,Electronics,480.26,WH-MUM,Metro
ORD109435,2025-08-22,Beauty,863.22,WH-MUM,Tier-3
ORD109436,2025-04-28,Grocery,452.89,WH-BLR,Remote
ORD109437,2025-10-28,Electronics,749.7,WH-DEL,Metro
ORD109438,2025-08-06,Appliances,913.6,WH-MUM,Metro
ORD109439,2025-03-16,Electronics,2023.73,WH-BLR,Tier-3
ORD109440,2025-08-25,Fashion,2566.11,WH-HYD,Metro
ORD109441,2025-12-18,Fashion,3135.16,WH-DEL,Metro
ORD109442,2025-10-15,Electronics,2512.28,WH-DEL,Metro
ORD109443,2025-05-06,Grocery,292.17,WH-DEL,Metro
ORD109444,2025-10-17,Appliances,421.61,WH-MUM,Metro
ORD109445,2025-04-29,Grocery,3223.77,WH-BLR,Metro
ORD109446,2025-08-17,Books,922.51,WH-MUM,Metro
ORD109447,2025-08-10,Beauty,1198.86,WH-HYD,Remote
ORD109448,2025-04-14,Books,2221.78,WH-DEL,Metro
ORD109449,2025-05-27,Beauty,3760.66,WH-HYD,Metro
ORD109450,2025-12-16,Beauty,1950.88,WH-KOL,Tier-3
ORD109451,2025-04-16,Books,673.24,WH-MUM,Tier-3
ORD109452,2025-11-09,Fashion,504.58,WH-KOL,Tier-2
ORD109453,2025-10-05,Electronics,568.86,WH-DEL,Metro
ORD109454,2025-08-12,Appliances,3567.58,WH-DEL,Metro
ORD109455,2025-02-27,Books,2666.21,WH-DEL,Remote
ORD109456,2025-03-27,Books,1389.66,WH-MUM,Tier-3
ORD109457,2025-03-17,Furniture,428.3,WH-BLR,Metro
ORD109458,2025-09-04,Books,2734.06,WH-BLR,Tier-2
ORD109459,2025-12-25,Appliances,1558.44,WH-MUM,Tier-3
ORD109460,2025-11-29,Furniture,725.38,WH-BLR,Tier-3
ORD109461,2025-01-11,Electronics,1282.58,WH-BLR,Metro
ORD109462,2025-04-26,Grocery,2009.4,WH-BLR,Remote
ORD109463,2025-03-08,Electronics,937.82,WH-KOL,Tier-3
ORD109464,2025-12-25,Electronics,584.66,WH-BLR,Tier-2
ORD109465,2025-04-10,Grocery,1557.88,WH-KOL,Tier-2
ORD109466,2025-03-26,Electronics,1638.62,WH-DEL,Tier-2
ORD109467,2025-09-18,Beauty,294.44,WH-BLR,Tier-3
ORD109468,2025-08-22,Grocery,1264.45,WH-BLR,Tier-2
ORD109469,2025-04-05,Appliances,682.66,WH-BLR,Tier-3
ORD109470,2025-10-06,Electronics,1961.25,WH-MUM,Tier-3
ORD109471,2025-02-10,Books,342.82,WH-BLR,Tier-3
ORD109472,2025-01-09,Grocery,483.47,WH-HYD,Metro
ORD109473,2025-02-04,Grocery,205.49,WH-MUM,Tier-2
ORD109474,2025-06-03,Furniture,1866.74,WH-DEL,Metro
ORD109475,2025-12-25,Grocery,403.81,WH-DEL,Metro
ORD109476,2025-08-18,Grocery,463.6,WH-DEL,Tier-2
ORD109477,2025-10-28,Appliances,1245.23,WH-KOL,Tier-2
ORD109478,2025-05-16,Books,1179.11,WH-MUM,Metro
ORD109479,2025-10-19,Fashion,2229.49,WH-MUM,Tier-2
ORD109480,2025-12-23,Beauty,2416.59,WH-KOL,Metro
ORD109481,2025-05-31,Fashion,3308.24,WH-KOL,Remote
ORD109482,2025-12-31,Fashion,4874.19,WH-HYD,Tier-2
ORD109483,2025-09-26,Fashion,3084.45,WH-HYD,Metro
ORD109484,2025-10-26,Fashion,1747.7,WH-MUM,Tier-3
ORD109485,2025-04-16,Fashion,1593.83,WH-DEL,Metro
ORD109486,2025-09-28,Books,2193.63,WH-MUM,Metro
ORD109487,2025-08-03,Grocery,265.95,WH-DEL,Metro
ORD109488,2025-12-20,Beauty,1183.53,WH-HYD,Metro
ORD109489,2025-12-06,Electronics,310.48,WH-MUM,Tier-3
ORD109490,2025-06-16,Furniture,744.02,WH-DEL,Remote
ORD109491,2025-12-18,Electronics,411.29,WH-HYD,Tier-3
ORD109492,2025-12-01,Grocery,1828.23,WH-BLR,Metro
ORD109493,2025-09-06,Fashion,2166.54,WH-DEL,Metro
ORD109494,2025-02-04,Appliances,3543.53,WH-HYD,Metro
ORD109495,2025-03-09,Appliances,617.75,WH-BLR,Metro
ORD109496,2025-02-02,Fashion,791.39,WH-MUM,Remote
ORD109497,2025-02-15,Electronics,3185.05,WH-BLR,Metro
ORD109498,2025-12-25,Fashion,889.25,WH-BLR,Metro
ORD109499,2025-03-31,Fashion,753.75,WH-MUM,Tier-3
ORD109500,2025-10-11,Furniture,2368.62,WH-DEL,Tier-2
ORD109501,2025-09-25,Grocery,2028.17,WH-MUM,Remote
ORD109502,2025-09-23,Books,2880.44,WH-DEL,Remote
ORD109503,2025-03-28,Beauty,1970.15,WH-BLR,Tier-2
ORD109504,2025-09-01,Fashion,977.19,WH-HYD,Remote
ORD109505,2025-09-20,Beauty,4021.49,WH-MUM,Remote
ORD109506,2025-08-28,Appliances,2715.14,WH-DEL,Tier-3
ORD109507,2025-03-20,Electronics,1321.19,WH-BLR,Remote
ORD109508,2025-10-20,Books,2721.65,WH-HYD,Tier-2
ORD109509,2025-01-31,Grocery,1325.2,WH-DEL,Metro
ORD109510,2025-09-06,Appliances,637.87,WH-KOL,Tier-3
ORD109511,2025-07-03,Appliances,1463.44,WH-MUM,Metro
ORD109512,2025-04-16,Books,6254.46,WH-KOL,Remote
ORD109513,2025-11-11,Appliances,3081.5,WH-MUM,Tier-2
ORD109514,2025-03-15,Books,1868.23,WH-BLR,Tier-2
ORD109515,2025-12-14,Fashion,653.73,WH-DEL,Tier-3
ORD109516,2025-12-01,Beauty,519.97,WH-BLR,Metro
ORD109517,2025-06-01,Furniture,1101.56,WH-HYD,Metro
ORD109518,2025-05-09,Appliances,823.87,WH-MUM,Tier-3
ORD109519,2025-02-27,Books,1358.57,WH-HYD,Metro
ORD109520,2025-12-10,Electronics,1511.28,WH-MUM,Tier-3
ORD109521,2025-09-21,Fashion,429.21,WH-DEL,Remote
ORD109522,2025-01-14,Books,685.14,WH-HYD,Metro
ORD109523,2025-08-03,Beauty,1008.63,WH-DEL,Tier-2
ORD109524,2025-02-06,Appliances,1898.87,WH-DEL,Metro
ORD109525,2025-08-30,Grocery,1956.52,WH-DEL,Tier-3
ORD109526,2025-08-02,Fashion,585.98,WH-DEL,Tier-2
ORD109527,2025-02-04,Grocery,502.8,WH-HYD,Metro
ORD109528,2025-11-13,Fashion,628.14,WH-MUM,Tier-3
ORD109529,2025-04-21,Books,2533.12,WH-BLR,Tier-2
ORD109530,2025-08-16,Grocery,916.87,WH-HYD,Tier-3
ORD109531,2025-09-26,Fashion,1458.44,WH-DEL,Tier-2
ORD109532,2025-12-22,Grocery,1869.93,WH-KOL,Remote
ORD109533,2025-07-27,Beauty,3576.23,WH-KOL,Tier-2
ORD109534,2025-12-10,Furniture,504.5,WH-HYD,Tier-2
ORD109535,2025-05-30,Fashion,3534.37,WH-DEL,Metro
ORD109536,2025-11-24,Grocery,2126.75,WH-HYD,Tier-3
ORD109537,2025-04-10,Grocery,5085.3,WH-MUM,Tier-2
ORD109538,2025-10-16,Fashion,4122.25,WH-BLR,Tier-3
ORD109539,2025-02-07,Appliances,1462.25,WH-HYD,Tier-3
ORD109540,2025-12-28,Fashion,736.08,WH-HYD,Tier-3
ORD109541,2025-12-19,Grocery,2272.78,WH-BLR,Tier-2
ORD109542,2025-07-05,Fashion,547.0,WH-HYD,Tier-3
ORD109543,2025-08-09,Grocery,1592.39,WH-KOL,Tier-3
ORD109544,2025-09-09,Grocery,738.75,WH-MUM,Tier-3
ORD109545,2025-04-26,Appliances,1104.36,WH-BLR,Remote
ORD109546,2025-10-07,Electronics,233.83,WH-KOL,Metro
ORD109547,2025-10-13,Fashion,1252.3,WH-BLR,Tier-2
ORD109548,2025-08-09,Appliances,1474.49,WH-BLR,Metro
ORD109549,2025-03-04,Beauty,874.69,WH-DEL,Tier-3
ORD109550,2025-12-10,Electronics,1252.06,WH-HYD,Tier-2
ORD109551,2025-02-18,Electronics,562.76,WH-HYD,Tier-3
ORD109552,2025-09-22,Beauty,2498.98,WH-DEL,Metro
ORD109553,2025-02-13,Electronics,1366.38,WH-HYD,Tier-2
ORD109554,2025-03-03,Beauty,8028.76,WH-DEL,Metro
ORD109555,2025-01-09,Books,1692.23,WH-DEL,Metro
ORD109556,2025-06-02,Electronics,1818.87,WH-BLR,Tier-2
ORD109557,2025-09-26,Electronics,920.14,WH-MUM,Tier-2
ORD109558,2025-08-08,Beauty,3476.36,WH-MUM,Tier-2
ORD109559,2025-10-07,Fashion,950.79,WH-BLR,Tier-3
ORD109560,2025-10-07,Grocery,5339.96,WH-MUM,Metro
ORD109561,2025-02-28,Fashion,5217.69,WH-BLR,Tier-2
ORD109562,2025-01-25,Furniture,889.08,WH-BLR,Metro
ORD109563,2025-09-20,Books,1073.24,WH-DEL,Metro
ORD109564,2025-10-01,Furniture,749.61,WH-BLR,Tier-3
ORD109565,2025-08-22,Electronics,459.7,WH-BLR,Remote
ORD109566,2025-04-14,Grocery,1694.25,WH-HYD,Metro
ORD109567,2025-11-12,Furniture,1344.29,WH-HYD,Metro
ORD109568,2025-02-01,Fashion,2273.38,WH-DEL,Tier-3
ORD109569,2025-09-23,Appliances,1286.76,WH-BLR,Remote
ORD109570,2025-02-20,Furniture,2691.38,WH-DEL,Tier-2
ORD109571,2025-10-02,Electronics,1289.15,WH-DEL,Tier-3
ORD109572,2025-06-25,Beauty,1145.98,WH-BLR,Metro
ORD109573,2025-10-18,Fashion,1436.33,WH-BLR,Metro
ORD109574,2025-01-22,Fashion,2459.94,WH-MUM,Metro
ORD109575,2025-08-22,Electronics,996.56,WH-MUM,Tier-2
ORD109576,2025-03-02,Fashion,2770.08,WH-BLR,Tier-2
ORD109577,2025-10-09,Fashion,742.71,WH-BLR,Tier-2
ORD109578,2025-02-20,Fashion,1041.81,WH-MUM,Metro
ORD109579,2025-01-31,Books,301.21,WH-DEL,Metro
ORD109580,2025-10-17,Furniture,1019.41,WH-DEL,Tier-2
ORD109581,2025-01-27,Electronics,545.94,WH-KOL,Tier-2
ORD109582,2025-04-05,Appliances,2086.75,WH-BLR,Tier-2
ORD109583,2025-11-15,Appliances,2012.65,WH-HYD,Tier-2
ORD109584,2025-11-12,Grocery,3545.29,WH-MUM,Tier-2
ORD109585,2025-11-23,Beauty,5060.73,WH-HYD,Tier-3
ORD109586,2025-05-18,Fashion,1175.83,WH-HYD,Tier-3
ORD109587,2025-08-10,Electronics,742.27,WH-DEL,Metro
ORD109588,2025-11-02,Electronics,1949.47,WH-DEL,Tier-3
ORD109589,2025-02-27,Fashion,981.97,WH-DEL,Tier-2
ORD109590,2025-10-20,Grocery,825.63,WH-HYD,Tier-2
ORD109591,2025-02-10,Electronics,1321.22,WH-BLR,Tier-3
ORD109592,2025-12-09,Grocery,836.42,WH-MUM,Remote
ORD109593,2025-09-25,Beauty,6957.68,WH-HYD,Metro
ORD109594,2025-07-27,Books,1084.64,WH-DEL,Metro
ORD109595,2025-07-23,Furniture,1306.96,WH-BLR,Tier-3
ORD109596,2025-03-18,Furniture,2559.48,WH-KOL,Tier-2
ORD109597,2025-05-26,Appliances,7723.19,WH-KOL,Tier-3
ORD109598,2025-10-21,Grocery,1118.34,WH-DEL,Metro
ORD109599,2025-08-16,Fashion,299.58,WH-DEL,Remote
ORD109600,2025-08-11,Fashion,1259.85,WH-MUM,Metro
ORD109601,2025-03-24,Electronics,342.15,WH-DEL,Remote
ORD109602,2025-10-11,Grocery,886.25,WH-KOL,Tier-3
ORD109603,2025-06-14,Grocery,4438.23,WH-MUM,Remote
ORD109604,2025-03-18,Electronics,705.47,WH-MUM,Metro
ORD109605,2025-12-17,Fashion,580.09,WH-KOL,Metro
ORD109606,2025-08-01,Books,2661.2,WH-MUM,Metro
ORD109607,2025-08-10,Fashion,1125.0,WH-KOL,Tier-3
ORD109608,2025-12-27,Fashion,3526.02,WH-MUM,Metro
ORD109609,2025-06-03,Electronics,1071.29,WH-BLR,Tier-2
ORD109610,2025-12-17,Electronics,2244.34,WH-KOL,Metro
ORD109611,2025-10-12,Appliances,389.95,WH-BLR,Tier-3
ORD109612,2025-09-24,Electronics,634.04,WH-DEL,Tier-3
ORD109613,2025-04-09,Fashion,1155.37,WH-BLR,Metro
ORD109614,2025-01-22,Beauty,969.62,WH-HYD,Tier-2
ORD109615,2025-07-03,Grocery,9882.35,WH-BLR,Metro
ORD109616,2025-01-05,Furniture,3019.14,WH-HYD,Remote
ORD109617,2025-01-30,Furniture,2955.75,WH-KOL,Tier-3
ORD109618,2025-09-08,Electronics,1168.4,WH-BLR,Metro
ORD109619,2025-10-20,Fashion,439.48,WH-MUM,Metro
ORD109620,2025-03-12,Fashion,5108.22,WH-DEL,Tier-2
ORD109621,2025-10-22,Fashion,366.27,WH-KOL,Tier-3
ORD109622,2025-12-18,Fashion,862.5,WH-MUM,Remote
ORD109623,2025-10-25,Furniture,2119.04,WH-KOL,Tier-2
ORD109624,2025-11-05,Electronics,10793.97,WH-KOL,Tier-2
ORD109625,2025-10-14,Electronics,5390.35,WH-DEL,Metro
ORD109626,2025-04-05,Grocery,2204.7,WH-MUM,Metro
ORD109627,2025-06-01,Fashion,7474.67,WH-DEL,Remote
ORD109628,2025-12-18,Furniture,902.33,WH-HYD,Remote
ORD109629,2025-10-04,Electronics,1921.11,WH-DEL,Tier-2
ORD109630,2025-11-06,Appliances,4303.83,WH-MUM,Metro
ORD109631,2025-12-23,Books,436.16,WH-DEL,Tier-2
ORD109632,2025-04-08,Grocery,1809.75,WH-HYD,Tier-2
ORD109633,2025-05-16,Books,1908.12,WH-MUM,Tier-3
ORD109634,2025-09-28,Fashion,1860.57,WH-DEL,Tier-2
ORD109635,2025-01-11,Electronics,581.31,WH-MUM,Tier-2
ORD109636,2025-08-29,Fashion,1898.63,WH-BLR,Metro
ORD109637,2025-11-11,Fashion,1695.26,WH-BLR,Tier-2
ORD109638,2025-09-14,Books,862.91,WH-MUM,Tier-2
ORD109639,2025-05-05,Fashion,2500.09,WH-DEL,Tier-2
ORD109640,2025-10-20,Fashion,3946.17,WH-HYD,Tier-2
ORD109641,2025-03-03,Books,763.15,WH-BLR,Tier-3
ORD109642,2025-12-04,Fashion,1990.51,WH-MUM,Metro
ORD109643,2025-02-12,Furniture,4042.63,WH-HYD,Metro
ORD109644,2025-11-26,Fashion,4102.87,WH-BLR,Metro
ORD109645,2025-07-29,Beauty,1183.34,WH-KOL,Tier-3
ORD109646,2025-06-30,Electronics,3158.04,WH-DEL,Metro
ORD109647,2025-07-30,Appliances,1102.89,WH-KOL,Tier-2
ORD109648,2025-03-26,Grocery,2576.25,WH-HYD,Metro
ORD109649,2025-07-12,Beauty,741.56,WH-KOL,Remote
ORD109650,2025-11-22,Beauty,396.49,WH-DEL,Tier-2
ORD109651,2025-11-09,Books,2051.28,WH-MUM,Metro
ORD109652,2025-03-10,Electronics,2707.39,WH-HYD,Tier-2
ORD109653,2025-10-07,Grocery,2356.66,WH-BLR,Metro
ORD109654,2025-11-24,Books,696.56,WH-DEL,Tier-3
ORD109655,2025-11-14,Furniture,185.22,WH-MUM,Tier-3
ORD109656,2025-06-28,Books,2694.14,WH-HYD,Tier-3
ORD109657,2025-01-21,Books,4302.54,WH-HYD,Metro
ORD109658,2025-12-13,Fashion,294.19,WH-HYD,Remote
ORD109659,2025-06-16,Electronics,1049.05,WH-MUM,Metro
ORD109660,2025-06-01,Fashion,633.25,WH-KOL,Tier-2
ORD109661,2025-10-29,Appliances,1630.92,WH-HYD,Tier-2
ORD109662,2025-04-21,Grocery,3902.53,WH-MUM,Tier-2
ORD109663,2025-11-18,Electronics,1111.68,WH-BLR,Metro
ORD109664,2025-02-01,Appliances,893.39,WH-MUM,Metro
ORD109665,2025-10-24,Electronics,1831.31,WH-BLR,Tier-3
ORD109666,2025-12-23,Fashion,244.88,WH-DEL,Tier-2
ORD109667,2025-12-30,Grocery,2618.14,WH-BLR,Remote
ORD109668,2025-12-11,Grocery,3121.9,WH-MUM,Tier-2
ORD109669,2025-11-28,Electronics,1344.46,WH-DEL,Metro
ORD109670,2025-04-28,Appliances,942.16,WH-MUM,Metro
ORD109671,2025-12-23,Books,1069.28,WH-KOL,Tier-3
ORD109672,2025-12-13,Appliances,1072.87,WH-MUM,Metro
ORD109673,2025-08-13,Beauty,1279.22,WH-DEL,Metro
ORD109674,2025-06-18,Fashion,384.38,WH-KOL,Tier-2
ORD109675,2025-02-15,Electronics,1865.21,WH-MUM,Tier-3
ORD109676,2025-09-06,Electronics,998.45,WH-MUM,Tier-2
ORD109677,2025-10-14,Appliances,1361.71,WH-KOL,Metro
ORD109678,2025-06-19,Electronics,843.52,WH-MUM,Tier-3
ORD109679,2025-06-20,Beauty,1816.5,WH-HYD,Remote
ORD109680,2025-08-29,Grocery,3879.63,WH-KOL,Tier-3
ORD109681,2025-01-12,Books,1582.77,WH-MUM,Metro
ORD109682,2025-12-20,Fashion,361.61,WH-HYD,Tier-3
ORD109683,2025-05-02,Appliances,1344.06,WH-DEL,Tier-2
ORD109684,2025-03-01,Fashion,1584.19,WH-KOL,Metro
ORD109685,2025-01-03,Grocery,1282.09,WH-DEL,Tier-2
ORD109686,2025-11-24,Appliances,725.76,WH-HYD,Remote
ORD109687,2025-11-26,Fashion,1291.31,WH-MUM,Tier-2
ORD109688,2025-02-10,Books,2626.13,WH-DEL,Metro
ORD109689,2025-03-05,Appliances,1057.09,WH-HYD,Metro
ORD109690,2025-07-08,Appliances,4039.63,WH-KOL,Tier-2
ORD109691,2025-03-20,Fashion,796.13,WH-MUM,Tier-3
ORD109692,2025-10-23,Electronics,587.05,WH-BLR,Metro
ORD109693,2025-01-25,Electronics,1112.75,WH-KOL,Metro
ORD109694,2025-08-19,Furniture,263.4,WH-DEL,Remote
ORD109695,2025-06-10,Electronics,1330.26,WH-BLR,Tier-3
ORD109696,2025-07-15,Beauty,1027.04,WH-DEL,Remote
ORD109697,2025-06-28,Beauty,2320.76,WH-KOL,Metro
ORD109698,2025-03-06,Electronics,341.24,WH-KOL,Remote
ORD109699,2025-04-03,Appliances,2470.62,WH-MUM,Metro
ORD109700,2025-01-28,Fashion,1515.52,WH-HYD,Tier-2
ORD109701,2025-02-18,Fashion,4761.04,WH-MUM,Tier-2
ORD109702,2025-12-26,Fashion,1169.17,WH-MUM,Remote
ORD109703,2025-04-28,Books,1759.82,WH-HYD,Metro
ORD109704,2025-05-10,Books,2225.19,WH-MUM,Remote
ORD109705,2025-02-23,Electronics,263.22,WH-MUM,Remote
ORD109706,2025-10-28,Fashion,3257.43,WH-MUM,Remote
ORD109707,2025-12-12,Fashion,1208.06,WH-BLR,Metro
ORD109708,2025-11-06,Grocery,484.53,WH-MUM,Metro
ORD109709,2025-09-15,Electronics,1261.07,WH-KOL,Metro
ORD109710,2025-11-12,Books,3418.29,WH-MUM,Tier-2
ORD109711,2025-06-19,Beauty,1018.49,WH-DEL,Metro
ORD109712,2025-11-25,Fashion,1455.75,WH-MUM,Tier-2
ORD109713,2025-11-09,Books,270.16,WH-HYD,Tier-3
ORD109714,2025-01-01,Furniture,675.56,WH-DEL,Remote
ORD109715,2025-07-24,Grocery,2359.58,WH-KOL,Tier-2
ORD109716,2025-04-22,Books,3124.03,WH-MUM,Tier-2
ORD109717,2025-02-06,Grocery,1585.68,WH-DEL,Tier-2
ORD109718,2025-11-21,Grocery,2136.75,WH-BLR,Remote
ORD109719,2025-01-04,Fashion,972.3,WH-BLR,Metro
ORD109720,2025-10-22,Appliances,1361.49,WH-DEL,Metro
ORD109721,2025-12-28,Electronics,573.35,WH-HYD,Metro
ORD109722,2025-07-22,Fashion,904.53,WH-BLR,Tier-3
ORD109723,2025-06-05,Grocery,1309.42,WH-DEL,Metro
ORD109724,2025-09-12,Fashion,383.47,WH-DEL,Remote
ORD109725,2025-11-10,Fashion,9094.8,WH-MUM,Remote
ORD109726,2025-04-11,Electronics,762.35,WH-HYD,Tier-3
ORD109727,2025-04-16,Books,1584.79,WH-DEL,Tier-2
ORD109728,2025-09-13,Grocery,492.57,WH-KOL,Remote
ORD109729,2025-12-16,Fashion,119.25,WH-HYD,Metro
ORD109730,2025-05-06,Books,5270.8,WH-KOL,Metro
ORD109731,2025-06-08,Books,1401.17,WH-MUM,Tier-2
ORD109732,2025-12-30,Electronics,235.28,WH-HYD,Tier-2
ORD109733,2025-03-16,Grocery,589.36,WH-KOL,Metro
ORD109734,2025-02-02,Fashion,7008.02,WH-BLR,Tier-2
ORD109735,2025-09-05,Grocery,1970.09,WH-DEL,Remote
ORD109736,2025-01-11,Appliances,169.98,WH-HYD,Metro
ORD109737,2025-03-17,Electronics,889.24,WH-MUM,Metro
ORD109738,2025-09-19,Grocery,1157.09,WH-DEL,Remote
ORD109739,2025-10-03,Fashion,2038.94,WH-HYD,Tier-3
ORD109740,2025-08-03,Grocery,1329.74,WH-HYD,Metro
ORD109741,2025-06-11,Electronics,334.44,WH-BLR,Tier-2
ORD109742,2025-08-31,Books,806.7,WH-MUM,Metro
ORD109743,2025-09-28,Grocery,648.23,WH-MUM,Metro
ORD109744,2025-11-10,Fashion,2437.73,WH-BLR,Metro
ORD109745,2025-11-07,Appliances,867.49,WH-BLR,Metro
ORD109746,2025-10-04,Electronics,859.25,WH-HYD,Tier-2
ORD109747,2025-12-04,Grocery,1087.21,WH-HYD,Metro
ORD109748,2025-11-19,Grocery,672.06,WH-KOL,Metro
ORD109749,2025-02-25,Electronics,4477.73,WH-KOL,Metro
ORD109750,2025-12-20,Fashion,3287.98,WH-KOL,Metro
ORD109751,2025-12-03,Electronics,3413.33,WH-BLR,Tier-2
ORD109752,2025-05-15,Appliances,499.31,WH-MUM,Tier-3
ORD109753,2025-01-09,Appliances,1775.24,WH-BLR,Remote
ORD109754,2025-09-11,Electronics,2516.39,WH-DEL,Metro
ORD109755,2025-07-04,Electronics,589.37,WH-KOL,Metro
ORD109756,2025-10-27,Books,523.9,WH-BLR,Tier-3
ORD109757,2025-08-09,Fashion,605.69,WH-DEL,Metro
ORD109758,2025-02-02,Fashion,415.95,WH-DEL,Tier-2
ORD109759,2025-04-13,Appliances,3096.29,WH-BLR,Tier-3
ORD109760,2025-12-01,Electronics,2873.95,WH-HYD,Tier-2
ORD109761,2025-01-16,Beauty,1033.8,WH-MUM,Metro
ORD109762,2025-10-23,Electronics,1272.76,WH-MUM,Tier-2
ORD109763,2025-05-03,Books,776.66,WH-KOL,Tier-2
ORD109764,2025-07-10,Fashion,8530.56,WH-MUM,Metro
ORD109765,2025-08-12,Electronics,945.29,WH-MUM,Metro
ORD109766,2025-04-16,Fashion,877.24,WH-HYD,Tier-2
ORD109767,2025-10-01,Beauty,1209.01,WH-MUM,Metro
ORD109768,2025-10-12,Grocery,467.85,WH-DEL,Metro
ORD109769,2025-02-05,Electronics,1659.14,WH-MUM,Tier-2
ORD109770,2025-06-07,Beauty,4191.51,WH-MUM,Tier-2
ORD109771,2025-10-25,Electronics,1165.23,WH-BLR,Metro
ORD109772,2025-10-19,Electronics,2542.56,WH-HYD,Tier-3
ORD109773,2025-08-17,Electronics,279.13,WH-MUM,Metro
ORD109774,2025-11-03,Books,625.04,WH-KOL,Tier-3
ORD109775,2025-02-15,Electronics,1447.29,WH-BLR,Remote
ORD109776,2025-02-19,Electronics,305.38,WH-KOL,Metro
ORD109777,2025-10-03,Beauty,1741.63,WH-KOL,Metro
ORD109778,2025-10-12,Furniture,1046.85,WH-BLR,Metro
ORD109779,2025-11-13,Fashion,1697.67,WH-DEL,Tier-3
ORD109780,2025-03-18,Grocery,1112.04,WH-HYD,Remote
ORD109781,2025-08-06,Fashion,1174.55,WH-DEL,Tier-2
ORD109782,2025-10-03,Grocery,166.64,WH-KOL,Remote
ORD109783,2025-04-04,Fashion,559.19,WH-BLR,Tier-3
ORD109784,2025-08-06,Furniture,2010.23,WH-KOL,Tier-2
ORD109785,2025-09-26,Appliances,431.43,WH-DEL,Remote
ORD109786,2025-04-01,Fashion,610.89,WH-MUM,Tier-2
ORD109787,2025-06-07,Electronics,944.32,WH-DEL,Tier-2
ORD109788,2025-04-01,Fashion,1016.53,WH-MUM,Tier-3
ORD109789,2025-12-06,Appliances,2375.33,WH-MUM,Tier-3
ORD109790,2025-04-10,Books,1609.41,WH-BLR,Metro
ORD109791,2025-02-20,Books,789.18,WH-HYD,Tier-2
ORD109792,2025-01-15,Beauty,339.9,WH-MUM,Metro
ORD109793,2025-01-19,Books,15454.61,WH-MUM,Metro
ORD109794,2025-03-22,Beauty,1380.55,WH-KOL,Metro
ORD109795,2025-09-13,Furniture,2782.1,WH-KOL,Tier-2
ORD109796,2025-01-08,Fashion,198.95,WH-HYD,Metro
ORD109797,2025-05-01,Furniture,995.01,WH-BLR,Metro
ORD109798,2025-01-25,Electronics,965.24,WH-KOL,Metro
ORD109799,2025-06-19,Electronics,923.75,WH-BLR,Tier-3
ORD109800,2025-01-21,Fashion,2496.4,WH-MUM,Tier-2
ORD109801,2025-09-13,Fashion,1083.66,WH-KOL,Metro
ORD109802,2025-10-11,Appliances,949.96,WH-BLR,Tier-2
ORD109803,2025-10-22,Fashion,1325.15,WH-BLR,Tier-2
ORD109804,2025-04-05,Electronics,1366.81,WH-DEL,Tier-2
ORD109805,2025-11-27,Beauty,508.51,WH-MUM,Tier-3
ORD109806,2025-10-11,Grocery,2957.24,WH-MUM,Tier-2
ORD109807,2025-01-24,Fashion,843.37,WH-HYD,Metro
ORD109808,2025-07-05,Fashion,1233.29,WH-KOL,Tier-3
ORD109809,2025-11-01,Electronics,4435.79,WH-KOL,Metro
ORD109810,2025-05-11,Beauty,13695.62,WH-BLR,Remote
ORD109811,2025-06-10,Fashion,1947.86,WH-DEL,Remote
ORD109812,2025-09-22,Beauty,332.53,WH-KOL,Metro
ORD109813,2025-01-24,Fashion,1064.88,WH-MUM,Tier-3
ORD109814,2025-12-23,Books,5284.18,WH-MUM,Remote
ORD109815,2025-03-15,Electronics,1113.88,WH-BLR,Remote
ORD109816,2025-01-12,Grocery,2608.01,WH-BLR,Metro
ORD109817,2025-01-03,Fashion,2578.12,WH-BLR,Metro
ORD109818,2025-06-17,Fashion,762.74,WH-DEL,Tier-2
ORD109819,2025-12-01,Beauty,6088.59,WH-DEL,Tier-2
ORD109820,2025-11-14,Appliances,1887.83,WH-BLR,Metro
ORD109821,2025-12-08,Fashion,1311.3,WH-DEL,Metro
ORD109822,2025-08-13,Appliances,1175.06,WH-BLR,Tier-2
ORD109823,2025-07-08,Electronics,524.45,WH-BLR,Metro
ORD109824,2025-06-12,Beauty,712.25,WH-KOL,Tier-2
ORD109825,2025-01-20,Fashion,590.9,WH-MUM,Metro
ORD109826,2025-12-08,Electronics,8260.06,WH-HYD,Tier-2
ORD109827,2025-07-28,Fashion,3070.54,WH-MUM,Tier-2
ORD109828,2025-07-11,Electronics,597.29,WH-BLR,Metro
ORD109829,2025-08-05,Beauty,5852.58,WH-KOL,Metro
ORD109830,2025-11-07,Fashion,3991.76,WH-BLR,Metro
ORD109831,2025-04-05,Electronics,801.0,WH-MUM,Metro
ORD109832,2025-10-16,Books,2048.56,WH-DEL,Metro
ORD109833,2025-10-17,Fashion,776.41,WH-DEL,Tier-2
ORD109834,2025-11-22,Electronics,3041.46,WH-KOL,Tier-2
ORD109835,2025-01-04,Furniture,1985.78,WH-KOL,Metro
ORD109836,2025-03-13,Electronics,954.49,WH-BLR,Remote
ORD109837,2025-07-17,Books,497.66,WH-BLR,Tier-3
ORD109838,2025-11-22,Grocery,1271.79,WH-DEL,Remote
ORD109839,2025-12-22,Fashion,1984.66,WH-BLR,Tier-2
ORD109840,2025-09-07,Grocery,3790.59,WH-DEL,Tier-2
ORD109841,2025-03-31,Fashion,2215.52,WH-MUM,Tier-2
ORD109842,2025-03-19,Grocery,2810.44,WH-KOL,Tier-2
ORD109843,2025-09-26,Grocery,734.09,WH-KOL,Tier-2
ORD109844,2025-03-30,Appliances,275.2,WH-MUM,Tier-2
ORD109845,2025-08-21,Grocery,345.92,WH-BLR,Metro
ORD109846,2025-11-18,Books,1060.74,WH-KOL,Tier-3
ORD109847,2025-06-13,Electronics,721.68,WH-BLR,Metro
ORD109848,2025-06-09,Beauty,1213.82,WH-BLR,Tier-2
ORD109849,2025-01-16,Electronics,2409.27,WH-MUM,Metro
ORD109850,2025-04-17,Books,2212.89,WH-MUM,Tier-2
ORD109851,2025-10-13,Grocery,205.16,WH-BLR,Tier-2
ORD109852,2025-06-01,Electronics,10550.03,WH-MUM,Tier-2
ORD109853,2025-03-08,Fashion,1831.82,WH-BLR,Metro
ORD109854,2025-02-14,Beauty,1688.42,WH-HYD,Metro
ORD109855,2025-02-09,Books,1189.48,WH-MUM,Metro
ORD109856,2025-10-03,Appliances,1070.77,WH-HYD,Tier-2
ORD109857,2025-09-15,Fashion,3229.94,WH-DEL,Metro
ORD109858,2025-08-06,Grocery,614.71,WH-MUM,Metro
ORD109859,2025-07-30,Fashion,1711.92,WH-KOL,Metro
ORD109860,2025-03-06,Furniture,4504.37,WH-MUM,Tier-3
ORD109861,2025-07-30,Fashion,1559.18,WH-BLR,Metro
ORD109862,2025-01-26,Books,2019.48,WH-DEL,Metro
ORD109863,2025-12-12,Appliances,435.4,WH-BLR,Tier-2
ORD109864,2025-01-25,Fashion,2594.76,WH-MUM,Tier-2
ORD109865,2025-06-27,Furniture,1799.9,WH-KOL,Metro
ORD109866,2025-01-01,Fashion,1236.19,WH-KOL,Tier-3
ORD109867,2025-11-05,Electronics,2386.25,WH-MUM,Metro
ORD109868,2025-03-11,Fashion,536.59,WH-MUM,Tier-2
ORD109869,2025-12-12,Fashion,5658.89,WH-DEL,Metro
ORD109870,2025-01-19,Fashion,13546.22,WH-BLR,Tier-2
ORD109871,2025-11-14,Furniture,828.1,WH-MUM,Tier-2
ORD109872,2025-10-02,Appliances,3431.07,WH-DEL,Remote
ORD109873,2025-04-15,Grocery,1193.86,WH-MUM,Metro
ORD109874,2025-03-27,Beauty,500.49,WH-BLR,Metro
ORD109875,2025-05-31,Books,3781.05,WH-DEL,Metro
ORD109876,2025-11-16,Electronics,1067.3,WH-DEL,Tier-2
ORD109877,2025-11-25,Grocery,2185.17,WH-MUM,Metro
ORD109878,2025-03-15,Beauty,6175.47,WH-KOL,Remote
ORD109879,2025-05-29,Fashion,2043.12,WH-HYD,Metro
ORD109880,2025-04-10,Fashion,1582.95,WH-DEL,Remote
ORD109881,2025-02-21,Beauty,621.42,WH-BLR,Tier-2
ORD109882,2025-09-29,Appliances,623.08,WH-DEL,Tier-2
ORD109883,2025-05-26,Books,1201.1,WH-DEL,Tier-2
ORD109884,2025-04-05,Books,989.09,WH-DEL,Metro
ORD109885,2025-11-26,Electronics,2307.97,WH-DEL,Tier-2
ORD109886,2025-10-26,Appliances,560.52,WH-BLR,Metro
ORD109887,2025-11-02,Books,720.39,WH-MUM,Metro
ORD109888,2025-01-17,Fashion,1186.42,WH-KOL,Tier-2
ORD109889,2025-12-09,Electronics,1446.73,WH-BLR,Metro
ORD109890,2025-08-30,Electronics,1403.48,WH-DEL,Tier-2
ORD109891,2025-07-31,Appliances,1145.57,WH-KOL,Metro
ORD109892,2025-01-05,Appliances,715.11,WH-BLR,Remote
ORD109893,2025-12-05,Books,2129.33,WH-KOL,Remote
ORD109894,2025-08-17,Fashion,3449.93,WH-KOL,Metro
ORD109895,2025-11-16,Furniture,1716.79,WH-DEL,Tier-3
ORD109896,2025-10-02,Electronics,842.13,WH-DEL,Metro
ORD109897,2025-11-08,Beauty,289.31,WH-HYD,Tier-2
ORD109898,2025-10-12,Grocery,5054.75,WH-BLR,Tier-3
ORD109899,2025-12-11,Appliances,1164.65,WH-DEL,Metro
ORD109900,2025-04-05,Fashion,3856.85,WH-MUM,Tier-3
ORD109901,2025-03-26,Electronics,4981.63,WH-KOL,Metro
ORD109902,2025-10-17,Electronics,2547.69,WH-DEL,Tier-3
ORD109903,2025-07-30,Books,2874.92,WH-HYD,Tier-2
ORD109904,2025-09-09,Electronics,2697.64,WH-BLR,Metro
ORD109905,2025-10-16,Books,1122.24,WH-MUM,Metro
ORD109906,2025-08-19,Fashion,534.49,WH-HYD,Tier-2
ORD109907,2025-11-06,Grocery,2536.17,WH-MUM,Tier-2
ORD109908,2025-05-14,Fashion,393.97,WH-DEL,Tier-2
ORD109909,2025-11-24,Electronics,978.28,WH-HYD,Tier-2
ORD109910,2025-02-15,Grocery,802.98,WH-BLR,Tier-2
ORD109911,2025-09-24,Fashion,2118.44,WH-MUM,Tier-2
ORD109912,2025-12-03,Fashion,1613.63,WH-MUM,Metro
ORD109913,2025-04-17,Furniture,801.66,WH-KOL,Metro
ORD109914,2025-05-18,Fashion,956.04,WH-BLR,Metro
ORD109915,2025-05-09,Grocery,6416.46,WH-MUM,Tier-3
ORD109916,2025-08-26,Furniture,715.03,WH-KOL,Tier-2
ORD109917,2025-06-23,Electronics,1156.72,WH-HYD,Metro
ORD109918,2025-02-15,Fashion,2128.56,WH-DEL,Tier-3
ORD109919,2025-12-03,Electronics,1417.05,WH-DEL,Metro
ORD109920,2025-03-28,Electronics,2180.35,WH-HYD,Metro
ORD109921,2025-08-13,Electronics,3225.76,WH-KOL,Tier-2
ORD109922,2025-09-07,Grocery,4236.22,WH-KOL,Remote
ORD109923,2025-01-18,Electronics,1388.66,WH-DEL,Tier-3
ORD109924,2025-02-10,Books,1852.38,WH-HYD,Tier-2
ORD109925,2025-12-24,Appliances,1584.64,WH-HYD,Tier-3
ORD109926,2025-10-04,Electronics,654.46,WH-HYD,Tier-2
ORD109927,2025-01-15,Grocery,1565.59,WH-HYD,Tier-3
ORD109928,2025-11-07,Electronics,358.56,WH-BLR,Tier-3
ORD109929,2025-08-02,Electronics,1807.95,WH-HYD,Metro
ORD109930,2025-02-01,Beauty,243.31,WH-MUM,Tier-2
ORD109931,2025-10-09,Grocery,606.96,WH-BLR,Metro
ORD109932,2025-07-29,Electronics,2655.28,WH-BLR,Tier-2
ORD109933,2025-03-28,Books,1943.3,WH-MUM,Metro
ORD109934,2025-11-29,Beauty,1321.15,WH-DEL,Tier-2
ORD109935,2025-05-03,Grocery,934.12,WH-MUM,Remote
ORD109936,2025-04-30,Appliances,670.77,WH-DEL,Tier-2
ORD109937,2025-04-25,Books,848.12,WH-KOL,Metro
ORD109938,2025-10-31,Appliances,2317.31,WH-BLR,Metro
ORD109939,2025-10-15,Grocery,1093.13,WH-BLR,Remote
ORD109940,2025-12-06,Books,252.69,WH-MUM,Tier-3
ORD109941,2025-04-07,Grocery,500.1,WH-HYD,Tier-3
ORD109942,2025-11-05,Fashion,699.56,WH-MUM,Metro
ORD109943,2025-08-29,Electronics,1084.14,WH-BLR,Tier-2
ORD109944,2025-05-10,Fashion,1059.12,WH-BLR,Tier-2
ORD109945,2025-01-15,Electronics,575.53,WH-BLR,Tier-3
ORD109946,2025-11-14,Electronics,2190.57,WH-DEL,Tier-2
ORD109947,2025-04-12,Grocery,274.82,WH-DEL,Metro
ORD109948,2025-09-23,Beauty,737.37,WH-MUM,Tier-2
ORD109949,2025-08-19,Electronics,2509.18,WH-MUM,Tier-2
ORD109950,2025-01-02,Fashion,2063.11,WH-DEL,Metro
ORD109951,2025-12-30,Books,1079.23,WH-KOL,Tier-2
ORD109952,2025-11-13,Fashion,2838.4,WH-HYD,Metro
ORD109953,2025-07-24,Appliances,1649.78,WH-HYD,Tier-3
ORD109954,2025-10-09,Grocery,1417.22,WH-KOL,Metro
ORD109955,2025-07-20,Furniture,2165.95,WH-MUM,Tier-2
ORD109956,2025-10-25,Electronics,1853.86,WH-BLR,Tier-2
ORD109957,2025-02-26,Fashion,3886.82,WH-HYD,Tier-3
ORD109958,2025-07-07,Furniture,1074.29,WH-BLR,Remote
ORD109959,2025-05-21,Electronics,1102.91,WH-MUM,Metro
ORD109960,2025-07-13,Electronics,1567.87,WH-HYD,Metro
ORD109961,2025-07-09,Fashion,1362.48,WH-DEL,Tier-3
ORD109962,2025-03-02,Furniture,5916.52,WH-MUM,Tier-2
ORD109963,2025-12-25,Grocery,2037.6,WH-DEL,Tier-2
ORD109964,2025-01-07,Appliances,751.04,WH-MUM,Tier-2
ORD109965,2025-01-05,Appliances,406.32,WH-BLR,Tier-3
ORD109966,2025-06-06,Electronics,4707.15,WH-MUM,Tier-3
ORD109967,2025-09-18,Beauty,992.23,WH-BLR,Tier-2
ORD109968,2025-03-17,Books,1744.99,WH-KOL,Metro
ORD109969,2025-08-13,Fashion,1319.68,WH-MUM,Remote
ORD109970,2025-10-20,Grocery,2553.44,WH-KOL,Tier-2
ORD109971,2025-02-09,Fashion,860.57,WH-KOL,Metro
ORD109972,2025-12-27,Beauty,1473.05,WH-MUM,Remote
ORD109973,2025-05-22,Fashion,865.7,WH-MUM,Tier-3
ORD109974,2025-09-27,Fashion,12397.6,WH-KOL,Tier-2
ORD109975,2025-02-16,Beauty,733.51,WH-BLR,Tier-3
ORD109976,2025-10-16,Furniture,2096.71,WH-MUM,Metro
ORD109977,2025-11-20,Electronics,13047.1,WH-MUM,Tier-2
ORD109978,2025-02-14,Furniture,3225.65,WH-HYD,Metro
ORD109979,2025-02-22,Books,1316.84,WH-HYD,Tier-3
ORD109980,2025-04-29,Fashion,1530.83,WH-DEL,Metro
ORD109981,2025-01-06,Grocery,699.11,WH-MUM,Metro
ORD109982,2025-12-28,Furniture,5135.36,WH-DEL,Metro
ORD109983,2025-09-09,Grocery,1118.07,WH-DEL,Tier-2
ORD109984,2025-09-13,Beauty,1262.95,WH-DEL,Metro
ORD109985,2025-12-21,Grocery,663.42,WH-KOL,Tier-2
ORD109986,2025-11-17,Furniture,1043.29,WH-MUM,Tier-3
ORD109987,2025-11-13,Books,1411.3,WH-BLR,Metro
ORD109988,2025-05-23,Electronics,3202.17,WH-BLR,Tier-3
ORD109989,2025-05-21,Electronics,1657.4,WH-DEL,Tier-3
ORD109990,2025-05-03,Beauty,3216.17,WH-KOL,Metro
ORD109991,2025-05-26,Appliances,215.34,WH-MUM,Metro
ORD109992,2025-06-05,Fashion,4107.41,WH-MUM,Tier-2
ORD109993,2025-02-28,Electronics,458.0,WH-KOL,Metro
ORD109994,2025-05-30,Electronics,2478.34,WH-BLR,Tier-2
ORD109995,2025-07-07,Electronics,111.43,WH-KOL,Tier-2
ORD109996,2025-05-10,Fashion,1411.71,WH-KOL,Tier-2
ORD109997,2025-03-11,Grocery,2858.64,WH-HYD,Tier-3
ORD109998,2025-06-06,Electronics,683.3,WH-MUM,Tier-3
ORD109999,2025-07-22,Furniture,1378.44,WH-DEL,Tier-2
ORD110000,2025-10-19,Beauty,2810.41,WH-MUM,Metro
ORD110001,2025-10-17,Beauty,2410.16,WH-BLR,Metro
ORD110002,2025-03-27,Books,384.64,WH-BLR,Tier-2
ORD110003,2025-01-16,Fashion,2978.36,WH-BLR,Tier-3
ORD110004,2025-05-08,Grocery,5254.98,WH-KOL,Tier-3
ORD110005,2025-03-08,Grocery,3540.6,WH-DEL,Tier-2
ORD110006,2025-06-16,Electronics,500.54,WH-MUM,Tier-2
ORD110007,2025-12-26,Books,562.04,WH-DEL,Remote
ORD110008,2025-03-18,Furniture,1423.51,WH-DEL,Metro
ORD110009,2025-05-14,Furniture,2139.66,WH-BLR,Metro
ORD110010,2025-10-20,Fashion,2688.49,WH-MUM,Remote
ORD110011,2025-08-02,Electronics,710.87,WH-DEL,Remote
ORD110012,2025-01-19,Books,1262.05,WH-HYD,Metro
ORD110013,2025-03-09,Electronics,696.05,WH-BLR,Tier-2
ORD110014,2025-12-14,Electronics,598.61,WH-HYD,Tier-3
ORD110015,2025-02-13,Furniture,1853.99,WH-DEL,Metro
ORD110016,2025-09-24,Appliances,1263.02,WH-MUM,Metro
ORD110017,2025-11-07,Electronics,1928.22,WH-BLR,Metro
ORD110018,2025-04-22,Fashion,847.8,WH-DEL,Tier-2
ORD110019,2025-10-20,Books,2288.7,WH-MUM,Metro
ORD110020,2025-03-13,Beauty,543.47,WH-BLR,Metro
ORD110021,2025-04-30,Grocery,930.44,WH-KOL,Metro
ORD110022,2025-05-12,Books,552.6,WH-MUM,Tier-3
ORD110023,2025-12-31,Fashion,1681.79,WH-BLR,Tier-3
ORD110024,2025-04-01,Appliances,5710.13,WH-MUM,Tier-3
ORD110025,2025-02-24,Grocery,1798.9,WH-BLR,Metro
ORD110026,2025-12-12,Books,1234.77,WH-KOL,Remote
ORD110027,2025-03-10,Appliances,1143.71,WH-MUM,Remote
ORD110028,2025-11-30,Fashion,842.17,WH-DEL,Metro
ORD110029,2025-10-01,Electronics,3242.62,WH-HYD,Remote
ORD110030,2025-08-31,Books,1862.25,WH-BLR,Tier-2
ORD110031,2025-10-27,Electronics,351.14,WH-MUM,Metro
ORD110032,2025-10-21,Furniture,3199.14,WH-DEL,Tier-2
ORD110033,2025-02-16,Grocery,667.51,WH-KOL,Tier-2
ORD110034,2025-12-31,Electronics,792.55,WH-DEL,Tier-3
ORD110035,2025-12-16,Appliances,1847.95,WH-BLR,Metro
ORD110036,2025-12-04,Grocery,829.98,WH-MUM,Tier-3
ORD110037,2025-09-19,Books,8056.71,WH-MUM,Tier-3
ORD110038,2025-08-08,Fashion,1106.75,WH-MUM,Metro
ORD110039,2025-08-14,Electronics,2222.81,WH-KOL,Tier-2
ORD110040,2025-01-07,Electronics,389.32,WH-BLR,Tier-2
ORD110041,2025-07-29,Fashion,818.09,WH-MUM,Metro
ORD110042,2025-09-20,Furniture,1206.25,WH-MUM,Tier-2
ORD110043,2025-10-03,Fashion,2973.38,WH-BLR,Tier-3
ORD110044,2025-05-20,Electronics,566.25,WH-MUM,Tier-2
ORD110045,2025-07-18,Beauty,3496.59,WH-BLR,Tier-2
ORD110046,2025-09-25,Electronics,1483.06,WH-HYD,Metro
ORD110047,2025-06-29,Fashion,1740.55,WH-MUM,Tier-2
ORD110048,2025-12-22,Books,737.84,WH-DEL,Tier-3
ORD110049,2025-10-15,Furniture,618.85,WH-DEL,Remote
ORD110050,2025-01-01,Fashion,234.65,WH-MUM,Tier-3
ORD110051,2025-01-10,Beauty,1702.32,WH-MUM,Metro
ORD110052,2025-10-11,Grocery,2212.34,WH-DEL,Remote
ORD110053,2025-06-23,Electronics,1002.74,WH-HYD,Tier-3
ORD110054,2025-11-19,Electronics,377.36,WH-MUM,Metro
ORD110055,2025-03-14,Beauty,858.43,WH-MUM,Tier-3
ORD110056,2025-01-06,Fashion,1805.3,WH-DEL,Metro
ORD110057,2025-06-13,Books,1551.88,WH-MUM,Tier-2
ORD110058,2025-10-23,Electronics,2292.9,WH-HYD,Metro
ORD110059,2025-12-24,Electronics,367.26,WH-BLR,Tier-3
ORD110060,2025-12-01,Books,968.74,WH-MUM,Metro
ORD110061,2025-07-23,Beauty,1236.29,WH-KOL,Tier-3
ORD110062,2025-11-12,Electronics,2222.79,WH-DEL,Metro
ORD110063,2025-01-30,Electronics,826.58,WH-MUM,Metro
ORD110064,2025-08-29,Appliances,2054.77,WH-HYD,Metro
ORD110065,2025-12-12,Grocery,626.72,WH-MUM,Metro
ORD110066,2025-06-16,Fashion,1593.35,WH-MUM,Tier-2
ORD110067,2025-12-21,Electronics,1059.36,WH-BLR,Tier-2
ORD110068,2025-04-03,Beauty,1011.11,WH-BLR,Tier-2
ORD110069,2025-02-14,Electronics,9232.75,WH-BLR,Tier-3
ORD110070,2025-08-09,Fashion,1026.27,WH-HYD,Tier-2
ORD110071,2025-12-07,Fashion,955.04,WH-MUM,Tier-2
ORD110072,2025-05-11,Electronics,428.5,WH-KOL,Tier-2
ORD110073,2025-11-09,Grocery,2957.44,WH-BLR,Remote
ORD110074,2025-03-13,Fashion,867.07,WH-MUM,Metro
ORD110075,2025-10-26,Furniture,1305.54,WH-DEL,Metro
ORD110076,2025-08-23,Fashion,681.69,WH-BLR,Tier-2
ORD110077,2025-03-15,Electronics,1867.94,WH-DEL,Tier-2
ORD110078,2025-10-18,Books,2823.86,WH-BLR,Metro
ORD110079,2025-10-17,Grocery,3815.83,WH-BLR,Tier-3
ORD110080,2025-08-05,Fashion,1220.13,WH-DEL,Metro
ORD110081,2025-04-05,Electronics,833.18,WH-DEL,Tier-2
ORD110082,2025-02-25,Grocery,790.88,WH-BLR,Metro
ORD110083,2025-12-20,Books,1358.48,WH-MUM,Tier-3
ORD110084,2025-10-02,Furniture,1640.75,WH-MUM,Metro
ORD110085,2025-11-11,Books,2070.26,WH-BLR,Metro
ORD110086,2025-10-13,Electronics,680.3,WH-KOL,Metro
ORD110087,2025-11-17,Beauty,1491.48,WH-DEL,Metro
ORD110088,2025-03-10,Fashion,592.64,WH-BLR,Metro
ORD110089,2025-07-28,Fashion,1207.62,WH-MUM,Metro
ORD110090,2025-10-05,Grocery,4090.8,WH-BLR,Tier-2
ORD110091,2025-02-13,Electronics,1116.09,WH-BLR,Tier-2
ORD110092,2025-03-05,Fashion,660.1,WH-KOL,Tier-2
ORD110093,2025-09-24,Electronics,1772.96,WH-BLR,Metro
ORD110094,2025-11-27,Appliances,2739.61,WH-KOL,Metro
ORD110095,2025-10-03,Appliances,724.12,WH-HYD,Remote
ORD110096,2025-01-16,Furniture,453.05,WH-HYD,Metro
ORD110097,2025-12-24,Fashion,699.53,WH-MUM,Tier-3
ORD110098,2025-02-28,Fashion,942.23,WH-MUM,Metro
ORD110099,2025-04-08,Books,4512.07,WH-HYD,Metro
ORD110100,2025-12-25,Grocery,435.62,WH-HYD,Remote
ORD110101,2025-11-01,Grocery,345.39,WH-DEL,Tier-2
ORD110102,2025-12-15,Electronics,1664.92,WH-BLR,Tier-2
ORD110103,2025-11-11,Fashion,757.91,WH-BLR,Tier-2
ORD110104,2025-10-01,Fashion,605.99,WH-BLR,Tier-3
ORD110105,2025-04-30,Appliances,2252.45,WH-BLR,Remote
ORD110106,2025-05-18,Books,1440.79,WH-DEL,Metro
ORD110107,2025-12-18,Beauty,2993.71,WH-HYD,Metro
ORD110108,2025-11-25,Fashion,2410.58,WH-DEL,Tier-3
ORD110109,2025-06-01,Grocery,509.5,WH-DEL,Metro
ORD110110,2025-06-06,Appliances,349.53,WH-HYD,Metro
ORD110111,2025-05-06,Fashion,3278.99,WH-DEL,Metro
ORD110112,2025-05-18,Grocery,1212.65,WH-MUM,Tier-2
ORD110113,2025-11-25,Furniture,14940.21,WH-HYD,Tier-2
ORD110114,2025-01-05,Fashion,2903.3,WH-MUM,Metro
ORD110115,2025-07-03,Fashion,4011.77,WH-KOL,Metro
ORD110116,2025-12-16,Fashion,629.26,WH-BLR,Tier-2
ORD110117,2025-08-17,Grocery,1252.59,WH-DEL,Tier-2
ORD110118,2025-07-09,Fashion,2557.91,WH-DEL,Tier-3
ORD110119,2025-05-12,Fashion,1252.2,WH-MUM,Tier-3
ORD110120,2025-02-01,Electronics,1400.82,WH-MUM,Metro
ORD110121,2025-04-05,Books,1627.43,WH-BLR,Tier-2
ORD110122,2025-02-08,Books,750.58,WH-HYD,Tier-3
ORD110123,2025-02-23,Beauty,660.65,WH-MUM,Tier-2
ORD110124,2025-03-10,Books,1156.76,WH-MUM,Tier-3
ORD110125,2025-05-07,Electronics,961.38,WH-HYD,Remote
ORD110126,2025-01-05,Electronics,663.8,WH-DEL,Metro
ORD110127,2025-12-18,Grocery,1210.26,WH-HYD,Metro
ORD110128,2025-02-22,Grocery,471.19,WH-BLR,Metro
ORD110129,2025-06-10,Appliances,2464.95,WH-MUM,Metro
ORD110130,2025-11-30,Fashion,2146.74,WH-BLR,Tier-2
ORD110131,2025-02-14,Beauty,2314.5,WH-KOL,Metro
ORD110132,2025-07-23,Fashion,684.77,WH-HYD,Remote
ORD110133,2025-11-21,Grocery,618.77,WH-HYD,Tier-2
ORD110134,2025-08-23,Books,3854.6,WH-DEL,Remote
ORD110135,2025-03-30,Grocery,1145.33,WH-BLR,Tier-2
ORD110136,2025-10-23,Appliances,2113.49,WH-MUM,Metro
ORD110137,2025-10-09,Appliances,532.72,WH-DEL,Metro
ORD110138,2025-06-02,Books,1065.64,WH-BLR,Tier-3
ORD110139,2025-01-20,Books,3475.33,WH-DEL,Metro
ORD110140,2025-01-04,Fashion,1490.59,WH-HYD,Tier-3
ORD110141,2025-11-16,Fashion,1096.81,WH-MUM,Metro
ORD110142,2025-05-16,Books,2107.16,WH-DEL,Tier-2
ORD110143,2025-02-27,Grocery,1724.73,WH-MUM,Metro
ORD110144,2025-08-06,Furniture,7098.27,WH-BLR,Tier-2
ORD110145,2025-12-11,Fashion,1383.96,WH-MUM,Tier-3
ORD110146,2025-01-04,Fashion,2248.53,WH-DEL,Metro
ORD110147,2025-01-24,Grocery,1202.47,WH-HYD,Remote
ORD110148,2025-06-25,Beauty,607.3,WH-MUM,Tier-2
ORD110149,2025-10-07,Fashion,1877.02,WH-BLR,Metro
ORD110150,2025-07-20,Fashion,414.45,WH-BLR,Remote
ORD110151,2025-12-05,Electronics,2949.12,WH-DEL,Tier-3
ORD110152,2025-01-19,Grocery,467.15,WH-MUM,Metro
ORD110153,2025-05-23,Fashion,659.61,WH-DEL,Metro
ORD110154,2025-05-28,Appliances,617.0,WH-BLR,Remote
ORD110155,2025-05-23,Electronics,2201.12,WH-HYD,Tier-2
ORD110156,2025-07-24,Fashion,546.92,WH-MUM,Tier-2
ORD110157,2025-11-07,Electronics,2013.3,WH-BLR,Metro
ORD110158,2025-05-14,Electronics,781.36,WH-DEL,Tier-2
ORD110159,2025-10-25,Books,1219.71,WH-HYD,Metro
ORD110160,2025-03-03,Beauty,871.87,WH-KOL,Metro
ORD110161,2025-08-24,Appliances,8618.2,WH-KOL,Metro
ORD110162,2025-06-07,Books,353.85,WH-MUM,Metro
ORD110163,2025-08-15,Electronics,1981.62,WH-DEL,Tier-2
ORD110164,2025-02-15,Books,1329.2,WH-DEL,Tier-2
ORD110165,2025-12-19,Grocery,717.82,WH-DEL,Tier-2
ORD110166,2025-12-07,Appliances,1836.9,WH-BLR,Metro
ORD110167,2025-11-16,Furniture,621.2,WH-DEL,Metro
ORD110168,2025-12-03,Fashion,567.38,WH-KOL,Tier-3
ORD110169,2025-03-03,Fashion,535.26,WH-BLR,Tier-2
ORD110170,2025-07-31,Electronics,1430.69,WH-MUM,Metro
ORD110171,2025-05-14,Fashion,829.11,WH-BLR,Tier-3
ORD110172,2025-12-02,Grocery,669.5,WH-MUM,Tier-2
ORD110173,2025-03-21,Beauty,1762.34,WH-MUM,Metro
ORD110174,2025-04-03,Electronics,3173.64,WH-MUM,Tier-3
ORD110175,2025-10-10,Grocery,430.5,WH-MUM,Metro
ORD110176,2025-02-07,Grocery,1745.39,WH-HYD,Tier-2
ORD110177,2025-10-22,Electronics,2036.55,WH-BLR,Tier-3
ORD110178,2025-04-23,Fashion,3710.7,WH-HYD,Metro
ORD110179,2025-10-03,Fashion,1062.57,WH-HYD,Tier-2
ORD110180,2025-11-28,Grocery,4609.21,WH-DEL,Metro
ORD110181,2025-09-14,Fashion,2136.65,WH-MUM,Remote
ORD110182,2025-03-31,Electronics,297.9,WH-KOL,Metro
ORD110183,2025-01-21,Fashion,1703.16,WH-MUM,Remote
ORD110184,2025-01-19,Books,1320.82,WH-BLR,Metro
ORD110185,2025-02-07,Books,2943.18,WH-BLR,Tier-3
ORD110186,2025-09-01,Electronics,3442.1,WH-KOL,Tier-3
ORD110187,2025-05-27,Furniture,615.67,WH-BLR,Metro
ORD110188,2025-04-13,Beauty,2765.61,WH-MUM,Tier-2
ORD110189,2025-04-03,Electronics,1207.92,WH-DEL,Metro
ORD110190,2025-12-18,Electronics,759.51,WH-DEL,Metro
ORD110191,2025-02-19,Electronics,4268.96,WH-DEL,Metro
ORD110192,2025-05-09,Electronics,915.23,WH-MUM,Tier-3
ORD110193,2025-07-18,Books,1374.35,WH-DEL,Metro
ORD110194,2025-01-01,Books,1261.74,WH-BLR,Tier-2
ORD110195,2025-12-11,Grocery,2021.88,WH-MUM,Tier-3
ORD110196,2025-02-11,Fashion,3849.49,WH-BLR,Metro
ORD110197,2025-10-09,Books,4854.03,WH-MUM,Metro
ORD110198,2025-09-22,Electronics,2762.43,WH-BLR,Tier-2
ORD110199,2025-11-11,Electronics,346.63,WH-DEL,Metro
ORD110200,2025-10-01,Electronics,4297.97,WH-BLR,Metro
ORD110201,2025-11-01,Books,2165.92,WH-MUM,Metro
ORD110202,2025-06-27,Appliances,3222.37,WH-BLR,Metro
ORD110203,2025-07-25,Furniture,1052.52,WH-MUM,Tier-2
ORD110204,2025-10-14,Appliances,1326.17,WH-HYD,Metro
ORD110205,2025-08-27,Electronics,2863.71,WH-MUM,Remote
ORD110206,2025-08-03,Fashion,6695.83,WH-DEL,Tier-3
ORD110207,2025-03-28,Books,1563.82,WH-MUM,Remote
ORD110208,2025-04-19,Beauty,493.52,WH-BLR,Tier-2
ORD110209,2025-05-31,Grocery,2159.0,WH-MUM,Metro
ORD110210,2025-01-04,Electronics,1153.81,WH-MUM,Metro
ORD110211,2025-06-25,Beauty,575.58,WH-HYD,Metro
ORD110212,2025-01-02,Fashion,1205.26,WH-BLR,Tier-3
ORD110213,2025-08-26,Fashion,1961.91,WH-KOL,Tier-2
ORD110214,2025-10-15,Electronics,3109.5,WH-DEL,Metro
ORD110215,2025-08-25,Electronics,910.14,WH-MUM,Tier-2
ORD110216,2025-10-12,Furniture,941.9,WH-KOL,Metro
ORD110217,2025-01-01,Furniture,1234.81,WH-BLR,Tier-2
ORD110218,2025-01-25,Fashion,5457.91,WH-HYD,Metro
ORD110219,2025-10-13,Electronics,3919.62,WH-MUM,Metro
ORD110220,2025-11-10,Grocery,2104.1,WH-DEL,Tier-2
ORD110221,2025-10-18,Fashion,2041.63,WH-BLR,Remote
ORD110222,2025-10-04,Fashion,1041.14,WH-HYD,Tier-2
ORD110223,2025-10-16,Fashion,2484.34,WH-MUM,Metro
ORD110224,2025-10-24,Books,604.87,WH-DEL,Tier-2
ORD110225,2025-10-20,Beauty,1965.17,WH-KOL,Tier-2
ORD110226,2025-10-24,Fashion,263.61,WH-BLR,Metro
ORD110227,2025-02-01,Appliances,360.55,WH-KOL,Tier-2
ORD110228,2025-01-27,Books,285.04,WH-DEL,Metro
ORD110229,2025-06-01,Electronics,6035.98,WH-HYD,Tier-2
ORD110230,2025-08-10,Beauty,1180.15,WH-MUM,Metro
ORD110231,2025-10-30,Grocery,453.93,WH-HYD,Tier-3
ORD110232,2025-05-21,Grocery,9413.53,WH-KOL,Metro
ORD110233,2025-04-26,Grocery,720.47,WH-MUM,Metro
ORD110234,2025-11-04,Fashion,2040.12,WH-HYD,Metro
ORD110235,2025-04-15,Books,715.76,WH-KOL,Tier-3
ORD110236,2025-11-14,Appliances,2527.65,WH-HYD,Remote
ORD110237,2025-03-16,Electronics,1323.53,WH-KOL,Metro
ORD110238,2025-06-01,Grocery,736.97,WH-HYD,Metro
ORD110239,2025-06-18,Beauty,460.1,WH-MUM,Tier-2
ORD110240,2025-05-06,Books,759.4,WH-HYD,Metro
ORD110241,2025-01-02,Furniture,599.43,WH-DEL,Metro
ORD110242,2025-04-09,Electronics,327.27,WH-BLR,Metro
ORD110243,2025-05-22,Fashion,2410.27,WH-BLR,Metro
ORD110244,2025-05-12,Electronics,3271.42,WH-MUM,Tier-2
ORD110245,2025-11-05,Books,776.97,WH-HYD,Tier-2
ORD110246,2025-01-20,Appliances,253.13,WH-HYD,Metro
ORD110247,2025-06-13,Beauty,1790.84,WH-HYD,Metro
ORD110248,2025-01-16,Electronics,1516.55,WH-BLR,Metro
ORD110249,2025-12-13,Beauty,601.65,WH-BLR,Tier-3
ORD110250,2025-11-06,Beauty,1277.44,WH-MUM,Tier-2
ORD110251,2025-12-27,Furniture,147.51,WH-DEL,Tier-3
ORD110252,2025-12-08,Books,1348.32,WH-HYD,Remote
ORD110253,2025-05-13,Fashion,1185.11,WH-HYD,Tier-2
ORD110254,2025-10-12,Fashion,3879.77,WH-BLR,Remote
ORD110255,2025-05-09,Electronics,1641.08,WH-HYD,Metro
ORD110256,2025-12-02,Electronics,1440.42,WH-DEL,Metro
ORD110257,2025-06-22,Electronics,6446.59,WH-KOL,Tier-2
ORD110258,2025-06-07,Appliances,709.88,WH-HYD,Metro
ORD110259,2025-12-09,Fashion,404.74,WH-DEL,Tier-2
ORD110260,2025-11-19,Electronics,2780.43,WH-HYD,Tier-3
ORD110261,2025-12-23,Electronics,3091.05,WH-MUM,Remote
ORD110262,2025-01-28,Furniture,3150.6,WH-HYD,Tier-2
ORD110263,2025-04-13,Beauty,1111.73,WH-HYD,Tier-3
ORD110264,2025-05-07,Fashion,758.32,WH-HYD,Tier-2
ORD110265,2025-06-28,Appliances,495.47,WH-MUM,Tier-2
ORD110266,2025-07-18,Beauty,658.58,WH-HYD,Metro
ORD110267,2025-05-03,Appliances,401.82,WH-BLR,Tier-2
ORD110268,2025-11-06,Appliances,942.13,WH-HYD,Metro
ORD110269,2025-04-04,Furniture,5051.21,WH-KOL,Tier-3
ORD110270,2025-10-13,Beauty,866.27,WH-BLR,Metro
ORD110271,2025-11-23,Fashion,1484.35,WH-DEL,Tier-3
ORD110272,2025-09-11,Books,2075.02,WH-DEL,Tier-2
ORD110273,2025-05-29,Fashion,1003.47,WH-HYD,Metro
ORD110274,2025-03-20,Electronics,997.26,WH-BLR,Tier-3
ORD110275,2025-02-26,Appliances,3747.03,WH-KOL,Tier-2
ORD110276,2025-10-25,Books,1554.86,WH-KOL,Tier-3
ORD110277,2025-07-17,Books,3305.66,WH-DEL,Metro
ORD110278,2025-01-20,Beauty,9047.54,WH-MUM,Metro
ORD110279,2025-12-27,Appliances,667.86,WH-DEL,Tier-3
ORD110280,2025-10-06,Grocery,1182.66,WH-BLR,Tier-2
ORD110281,2025-11-21,Beauty,1171.9,WH-HYD,Metro
ORD110282,2025-07-04,Fashion,901.04,WH-BLR,Tier-2
ORD110283,2025-12-20,Electronics,948.41,WH-MUM,Metro
ORD110284,2025-03-25,Fashion,4114.7,WH-BLR,Remote
ORD110285,2025-03-19,Grocery,1450.11,WH-HYD,Metro
ORD110286,2025-12-03,Furniture,9814.04,WH-DEL,Tier-2
ORD110287,2025-12-03,Books,967.72,WH-DEL,Metro
ORD110288,2025-07-29,Electronics,4468.75,WH-BLR,Metro
ORD110289,2025-02-22,Books,5470.69,WH-MUM,Tier-2
ORD110290,2025-05-09,Furniture,1253.42,WH-MUM,Metro
ORD110291,2025-10-28,Beauty,1915.58,WH-DEL,Metro
ORD110292,2025-11-21,Fashion,2714.25,WH-BLR,Tier-2
ORD110293,2025-05-27,Furniture,857.89,WH-DEL,Tier-2
ORD110294,2025-01-26,Appliances,5069.37,WH-MUM,Remote
ORD110295,2025-10-05,Grocery,699.89,WH-KOL,Tier-2
ORD110296,2025-10-24,Electronics,883.13,WH-MUM,Metro
ORD110297,2025-06-28,Electronics,890.94,WH-BLR,Metro
ORD110298,2025-09-03,Electronics,1603.92,WH-BLR,Tier-2
ORD110299,2025-12-28,Grocery,1741.09,WH-MUM,Metro
ORD110300,2025-04-13,Furniture,805.03,WH-BLR,Metro
ORD110301,2025-08-29,Grocery,1223.51,WH-HYD,Remote
ORD110302,2025-09-14,Appliances,549.17,WH-HYD,Tier-3
ORD110303,2025-08-19,Electronics,3400.34,WH-BLR,Metro
ORD110304,2025-11-27,Electronics,2335.54,WH-HYD,Metro
ORD110305,2025-09-12,Appliances,1014.53,WH-BLR,Tier-3
ORD110306,2025-08-02,Books,1148.52,WH-HYD,Tier-2
ORD110307,2025-02-21,Appliances,788.0,WH-BLR,Metro
ORD110308,2025-10-15,Appliances,636.88,WH-MUM,Tier-2
ORD110309,2025-02-25,Beauty,564.16,WH-HYD,Tier-3
ORD110310,2025-01-12,Beauty,638.62,WH-MUM,Metro
ORD110311,2025-07-25,Furniture,2883.63,WH-BLR,Tier-3
ORD110312,2025-08-29,Fashion,3067.46,WH-HYD,Tier-3
ORD110313,2025-12-31,Electronics,447.84,WH-DEL,Tier-2
ORD110314,2025-10-17,Furniture,2342.41,WH-KOL,Remote
ORD110315,2025-11-22,Fashion,504.32,WH-DEL,Metro
ORD110316,2025-05-26,Electronics,2469.13,WH-BLR,Tier-3
ORD110317,2025-08-02,Fashion,1432.61,WH-DEL,Tier-2
ORD110318,2025-12-25,Beauty,883.03,WH-HYD,Metro
ORD110319,2025-06-25,Electronics,1913.5,WH-BLR,Tier-2
ORD110320,2025-11-11,Books,3939.84,WH-BLR,Tier-2
ORD110321,2025-08-10,Beauty,298.94,WH-DEL,Metro
ORD110322,2025-04-05,Appliances,3328.79,WH-HYD,Metro
ORD110323,2025-09-01,Electronics,708.91,WH-MUM,Tier-2
ORD110324,2025-04-02,Books,4183.56,WH-HYD,Remote
ORD110325,2025-01-02,Furniture,2679.15,WH-BLR,Tier-3
ORD110326,2025-04-10,Fashion,546.17,WH-MUM,Metro
ORD110327,2025-03-23,Furniture,840.8,WH-HYD,Metro
ORD110328,2025-06-05,Electronics,1967.08,WH-BLR,Tier-3
ORD110329,2025-12-02,Appliances,2856.96,WH-MUM,Tier-3
ORD110330,2025-06-12,Beauty,1960.36,WH-DEL,Tier-2
ORD110331,2025-11-21,Grocery,1829.97,WH-MUM,Tier-3
ORD110332,2025-08-22,Beauty,803.48,WH-KOL,Metro
ORD110333,2025-01-04,Fashion,1376.15,WH-KOL,Metro
ORD110334,2025-03-21,Books,1263.08,WH-DEL,Metro
ORD110335,2025-12-13,Appliances,403.05,WH-HYD,Tier-2
ORD110336,2025-09-11,Electronics,1751.82,WH-KOL,Tier-3
ORD110337,2025-12-13,Beauty,998.64,WH-DEL,Tier-3
ORD110338,2025-05-11,Beauty,4026.83,WH-HYD,Tier-3
ORD110339,2025-10-18,Fashion,3414.55,WH-BLR,Metro
ORD110340,2025-11-02,Books,1552.17,WH-HYD,Tier-3
ORD110341,2025-12-25,Fashion,3240.13,WH-MUM,Remote
ORD110342,2025-01-08,Electronics,2191.19,WH-BLR,Metro
ORD110343,2025-12-19,Fashion,1315.67,WH-DEL,Metro
ORD110344,2025-06-14,Grocery,431.56,WH-BLR,Tier-3
ORD110345,2025-11-19,Electronics,1178.92,WH-BLR,Metro
ORD110346,2025-08-17,Electronics,1025.54,WH-DEL,Tier-3
ORD110347,2025-08-26,Beauty,1226.0,WH-BLR,Metro
ORD110348,2025-06-01,Grocery,1115.36,WH-KOL,Metro
ORD110349,2025-11-16,Books,3238.02,WH-KOL,Remote
ORD110350,2025-04-21,Fashion,3537.47,WH-HYD,Metro
ORD110351,2025-07-26,Electronics,906.41,WH-MUM,Tier-2
ORD110352,2025-08-24,Books,464.23,WH-DEL,Metro
ORD110353,2025-10-25,Fashion,616.12,WH-BLR,Metro
ORD110354,2025-07-18,Grocery,3616.81,WH-DEL,Metro
ORD110355,2025-10-09,Beauty,2880.12,WH-MUM,Tier-2
ORD110356,2025-07-23,Fashion,538.25,WH-MUM,Metro
ORD110357,2025-10-03,Grocery,414.28,WH-BLR,Metro
ORD110358,2025-10-07,Furniture,834.64,WH-KOL,Metro
ORD110359,2025-10-16,Electronics,5634.42,WH-BLR,Tier-3
ORD110360,2025-11-15,Appliances,1873.14,WH-MUM,Metro
ORD110361,2025-08-16,Grocery,1108.65,WH-MUM,Tier-3
ORD110362,2025-03-23,Electronics,1211.32,WH-DEL,Remote
ORD110363,2025-10-08,Fashion,297.36,WH-KOL,Metro
ORD110364,2025-02-02,Grocery,1060.48,WH-BLR,Metro
ORD110365,2025-04-03,Furniture,3612.44,WH-BLR,Tier-3
ORD110366,2025-11-07,Beauty,977.02,WH-BLR,Metro
ORD110367,2025-07-02,Appliances,1101.8,WH-DEL,Tier-3
ORD110368,2025-07-29,Fashion,1742.87,WH-DEL,Remote
ORD110369,2025-12-28,Beauty,544.98,WH-HYD,Tier-2
ORD110370,2025-04-09,Books,1748.23,WH-HYD,Metro
ORD110371,2025-01-09,Electronics,690.75,WH-BLR,Metro
ORD110372,2025-02-16,Electronics,898.36,WH-KOL,Tier-2
ORD110373,2025-04-13,Fashion,989.71,WH-HYD,Metro
ORD110374,2025-10-21,Electronics,990.25,WH-DEL,Tier-3
ORD110375,2025-11-03,Grocery,1453.47,WH-MUM,Tier-2
ORD110376,2025-08-26,Fashion,1262.82,WH-HYD,Tier-2
ORD110377,2025-04-18,Beauty,1157.99,WH-DEL,Tier-2
ORD110378,2025-08-08,Grocery,1476.62,WH-MUM,Metro
ORD110379,2025-01-07,Fashion,647.95,WH-BLR,Tier-3
ORD110380,2025-10-09,Beauty,238.37,WH-DEL,Tier-3
ORD110381,2025-09-16,Grocery,1330.22,WH-DEL,Tier-2
ORD110382,2025-01-10,Electronics,772.75,WH-BLR,Tier-2
ORD110383,2025-11-13,Electronics,1926.97,WH-KOL,Metro
ORD110384,2025-10-30,Furniture,861.3,WH-BLR,Tier-2
ORD110385,2025-05-10,Grocery,293.45,WH-MUM,Remote
ORD110386,2025-09-24,Furniture,1216.96,WH-MUM,Tier-3
ORD110387,2025-09-10,Books,3106.45,WH-DEL,Metro
ORD110388,2025-03-02,Appliances,1720.33,WH-BLR,Metro
ORD110389,2025-03-23,Books,429.89,WH-DEL,Remote
ORD110390,2025-10-09,Appliances,812.14,WH-MUM,Tier-2
ORD110391,2025-12-14,Furniture,900.23,WH-BLR,Metro
ORD110392,2025-08-31,Electronics,1156.18,WH-BLR,Tier-2
ORD110393,2025-08-27,Grocery,837.49,WH-MUM,Metro
ORD110394,2025-09-29,Fashion,328.67,WH-MUM,Remote
ORD110395,2025-07-05,Grocery,1199.9,WH-BLR,Metro
ORD110396,2025-01-23,Fashion,4212.72,WH-MUM,Metro
ORD110397,2025-06-16,Furniture,794.11,WH-DEL,Metro
ORD110398,2025-12-05,Fashion,495.28,WH-KOL,Metro
ORD110399,2025-11-10,Grocery,4186.75,WH-DEL,Tier-2
ORD110400,2025-12-12,Fashion,6227.61,WH-BLR,Tier-2
ORD110401,2025-03-06,Beauty,966.62,WH-MUM,Tier-2
ORD110402,2025-08-01,Fashion,1619.93,WH-BLR,Metro
ORD110403,2025-09-03,Appliances,1598.13,WH-DEL,Tier-3
ORD110404,2025-03-30,Furniture,2727.21,WH-MUM,Tier-3
ORD110405,2025-03-26,Fashion,548.07,WH-KOL,Tier-2
ORD110406,2025-11-04,Books,1307.81,WH-MUM,Tier-2
ORD110407,2025-10-06,Beauty,560.04,WH-HYD,Metro
ORD110408,2025-09-29,Appliances,1765.61,WH-DEL,Tier-3
ORD110409,2025-04-23,Beauty,4493.67,WH-MUM,Metro
ORD110410,2025-08-01,Fashion,1748.76,WH-BLR,Tier-3
ORD110411,2025-01-10,Beauty,678.61,WH-BLR,Tier-2
ORD110412,2025-02-24,Books,2970.71,WH-HYD,Metro
ORD110413,2025-08-06,Appliances,821.52,WH-KOL,Metro
ORD110414,2025-05-11,Books,1956.21,WH-MUM,Remote
ORD110415,2025-12-22,Appliances,719.71,WH-MUM,Tier-2
ORD110416,2025-07-18,Grocery,462.75,WH-MUM,Tier-2
ORD110417,2025-02-05,Grocery,729.38,WH-MUM,Remote
ORD110418,2025-01-08,Fashion,154.15,WH-HYD,Tier-2
ORD110419,2025-10-20,Furniture,562.82,WH-BLR,Tier-3
ORD110420,2025-03-14,Fashion,7428.34,WH-MUM,Tier-3
ORD110421,2025-03-20,Appliances,140.43,WH-DEL,Tier-3
ORD110422,2025-06-28,Grocery,381.24,WH-MUM,Metro
ORD110423,2025-04-21,Fashion,5395.45,WH-BLR,Remote
ORD110424,2025-09-17,Electronics,621.68,WH-MUM,Tier-2
ORD110425,2025-07-24,Fashion,970.07,WH-DEL,Tier-2
ORD110426,2025-02-16,Furniture,1323.11,WH-KOL,Tier-3
ORD110427,2025-11-05,Fashion,358.33,WH-KOL,Metro
ORD110428,2025-06-28,Electronics,3087.15,WH-DEL,Metro
ORD110429,2025-09-14,Fashion,1216.29,WH-HYD,Tier-2
ORD110430,2025-01-02,Fashion,805.97,WH-DEL,Tier-2
ORD110431,2025-09-21,Fashion,2850.38,WH-MUM,Tier-2
ORD110432,2025-04-29,Fashion,461.91,WH-BLR,Tier-2
ORD110433,2025-07-27,Appliances,1381.21,WH-MUM,Remote
ORD110434,2025-05-06,Appliances,594.71,WH-MUM,Metro
ORD110435,2025-12-31,Beauty,490.54,WH-KOL,Metro
ORD110436,2025-04-07,Electronics,6647.61,WH-DEL,Metro
ORD110437,2025-12-09,Fashion,1481.51,WH-KOL,Remote
ORD110438,2025-12-10,Electronics,2858.58,WH-MUM,Metro
ORD110439,2025-06-26,Furniture,883.69,WH-BLR,Metro
ORD110440,2025-05-08,Electronics,588.03,WH-KOL,Remote
ORD110441,2025-06-10,Fashion,110.68,WH-MUM,Tier-2
ORD110442,2025-12-29,Grocery,1039.41,WH-DEL,Metro
ORD110443,2025-09-18,Fashion,355.43,WH-BLR,Remote
ORD110444,2025-08-17,Grocery,1444.58,WH-HYD,Metro
ORD110445,2025-01-16,Furniture,476.21,WH-BLR,Tier-2
ORD110446,2025-11-22,Books,1947.5,WH-KOL,Metro
ORD110447,2025-02-05,Fashion,6952.27,WH-BLR,Tier-2
ORD110448,2025-01-20,Fashion,12846.27,WH-BLR,Metro
ORD110449,2025-04-26,Grocery,1731.0,WH-HYD,Tier-3
ORD110450,2025-07-19,Electronics,1327.32,WH-MUM,Tier-2
ORD110451,2025-12-04,Electronics,764.48,WH-MUM,Metro
ORD110452,2025-11-06,Grocery,716.78,WH-DEL,Tier-3
ORD110453,2025-03-25,Fashion,642.33,WH-MUM,Tier-3
ORD110454,2025-06-06,Electronics,4385.41,WH-MUM,Tier-2
ORD110455,2025-11-04,Furniture,978.9,WH-BLR,Tier-2
ORD110456,2025-08-10,Books,7542.04,WH-DEL,Tier-2
ORD110457,2025-03-15,Electronics,637.14,WH-BLR,Tier-2
ORD110458,2025-06-16,Grocery,1196.69,WH-HYD,Tier-3
ORD110459,2025-09-21,Beauty,485.59,WH-HYD,Metro
ORD110460,2025-12-24,Fashion,2050.47,WH-MUM,Metro
ORD110461,2025-10-04,Appliances,1138.8,WH-DEL,Tier-3
ORD110462,2025-01-07,Electronics,1304.05,WH-DEL,Remote
ORD110463,2025-10-15,Beauty,1045.34,WH-DEL,Metro
ORD110464,2025-04-16,Electronics,2090.83,WH-MUM,Metro
ORD110465,2025-11-25,Fashion,2290.16,WH-DEL,Tier-3
ORD110466,2025-06-11,Beauty,2604.11,WH-BLR,Remote
ORD110467,2025-03-25,Furniture,631.09,WH-MUM,Tier-3
ORD110468,2025-07-16,Fashion,1731.55,WH-BLR,Tier-2
ORD110469,2025-04-18,Books,899.72,WH-KOL,Metro
ORD110470,2025-04-10,Books,3877.25,WH-MUM,Remote
ORD110471,2025-08-29,Grocery,1632.55,WH-DEL,Tier-3
ORD110472,2025-10-31,Electronics,1703.07,WH-MUM,Tier-2
ORD110473,2025-11-18,Fashion,1073.36,WH-BLR,Tier-3
ORD110474,2025-06-17,Beauty,698.69,WH-BLR,Tier-3
ORD110475,2025-01-29,Electronics,1420.49,WH-MUM,Metro
ORD110476,2025-07-23,Fashion,3568.55,WH-DEL,Metro
ORD110477,2025-07-02,Electronics,723.74,WH-DEL,Metro
ORD110478,2025-03-24,Electronics,3850.01,WH-BLR,Remote
ORD110479,2025-12-04,Grocery,2112.22,WH-MUM,Tier-2
ORD110480,2025-12-25,Fashion,263.96,WH-MUM,Tier-2
ORD110481,2025-01-22,Electronics,643.88,WH-DEL,Metro
ORD110482,2025-11-08,Electronics,8355.78,WH-MUM,Tier-2
ORD110483,2025-09-29,Electronics,1215.49,WH-KOL,Metro
ORD110484,2025-04-20,Electronics,649.88,WH-MUM,Remote
ORD110485,2025-09-24,Electronics,666.68,WH-MUM,Tier-2
ORD110486,2025-02-24,Appliances,1201.31,WH-DEL,Tier-3
ORD110487,2025-01-30,Electronics,2791.97,WH-HYD,Metro
ORD110488,2025-12-30,Fashion,1022.34,WH-MUM,Metro
ORD110489,2025-09-25,Grocery,720.24,WH-BLR,Metro
ORD110490,2025-04-17,Appliances,218.68,WH-BLR,Metro
ORD110491,2025-07-09,Furniture,646.84,WH-MUM,Tier-2
ORD110492,2025-12-18,Beauty,766.16,WH-HYD,Metro
ORD110493,2025-07-04,Fashion,1732.18,WH-DEL,Tier-2
ORD110494,2025-12-05,Electronics,1852.71,WH-MUM,Metro
ORD110495,2025-11-27,Electronics,4234.68,WH-BLR,Remote
ORD110496,2025-05-25,Electronics,516.82,WH-DEL,Metro
ORD110497,2025-10-13,Beauty,1490.38,WH-DEL,Tier-3
ORD110498,2025-10-03,Grocery,1522.99,WH-HYD,Tier-3
ORD110499,2025-11-01,Books,601.87,WH-DEL,Remote
ORD110500,2025-06-03,Beauty,2780.24,WH-MUM,Tier-2
ORD110501,2025-01-22,Books,5236.39,WH-HYD,Tier-2
ORD110502,2025-03-13,Fashion,1365.23,WH-MUM,Tier-2
ORD110503,2025-09-17,Books,914.21,WH-DEL,Tier-3
ORD110504,2025-11-02,Fashion,4425.34,WH-MUM,Tier-3
ORD110505,2025-10-28,Electronics,1899.55,WH-HYD,Tier-2
ORD110506,2025-09-03,Grocery,506.71,WH-BLR,Tier-3
ORD110507,2025-02-05,Beauty,1146.99,WH-BLR,Remote
ORD110508,2025-01-08,Books,1002.65,WH-BLR,Metro
ORD110509,2025-11-04,Fashion,680.84,WH-HYD,Tier-2
ORD110510,2025-08-19,Books,706.72,WH-HYD,Metro
ORD110511,2025-11-04,Grocery,784.04,WH-MUM,Tier-2
ORD110512,2025-03-10,Appliances,2562.06,WH-BLR,Tier-3
ORD110513,2025-06-21,Fashion,1058.4,WH-BLR,Metro
ORD110514,2025-12-10,Electronics,1434.87,WH-DEL,Metro
ORD110515,2025-03-14,Fashion,2904.62,WH-DEL,Tier-3
ORD110516,2025-01-26,Books,1054.62,WH-DEL,Metro
ORD110517,2025-10-01,Beauty,511.76,WH-DEL,Tier-2
ORD110518,2025-09-07,Fashion,2850.79,WH-HYD,Metro
ORD110519,2025-12-19,Electronics,987.97,WH-MUM,Remote
ORD110520,2025-12-07,Electronics,5570.99,WH-HYD,Metro
ORD110521,2025-10-27,Appliances,3001.85,WH-MUM,Tier-3
ORD110522,2025-01-09,Grocery,2045.55,WH-DEL,Metro
ORD110523,2025-07-21,Grocery,1605.32,WH-DEL,Metro
ORD110524,2025-12-04,Electronics,3288.28,WH-KOL,Metro
ORD110525,2025-07-02,Electronics,1635.04,WH-MUM,Tier-2
ORD110526,2025-12-22,Beauty,235.74,WH-DEL,Tier-3
ORD110527,2025-10-01,Grocery,1234.75,WH-DEL,Tier-2
ORD110528,2025-02-15,Fashion,2116.02,WH-KOL,Metro
ORD110529,2025-08-02,Fashion,599.86,WH-BLR,Tier-2
ORD110530,2025-10-13,Fashion,10655.4,WH-DEL,Tier-2
ORD110531,2025-01-28,Electronics,1191.34,WH-BLR,Tier-2
ORD110532,2025-05-25,Electronics,2099.32,WH-KOL,Tier-3
ORD110533,2025-10-18,Appliances,3421.39,WH-HYD,Tier-2
ORD110534,2025-03-08,Fashion,2171.9,WH-DEL,Tier-3
ORD110535,2025-05-27,Fashion,1229.9,WH-MUM,Tier-2
ORD110536,2025-10-11,Grocery,1845.68,WH-DEL,Metro
ORD110537,2025-11-03,Fashion,1147.61,WH-DEL,Metro
ORD110538,2025-08-06,Grocery,1242.08,WH-MUM,Tier-3
ORD110539,2025-12-20,Books,534.94,WH-HYD,Metro
ORD110540,2025-12-12,Fashion,1087.74,WH-DEL,Metro
ORD110541,2025-07-18,Books,511.68,WH-MUM,Tier-3
ORD110542,2025-03-09,Fashion,1334.28,WH-DEL,Tier-2
ORD110543,2025-11-02,Electronics,967.17,WH-BLR,Metro
ORD110544,2025-04-13,Electronics,2000.88,WH-HYD,Tier-3
ORD110545,2025-11-20,Appliances,404.85,WH-MUM,Metro
ORD110546,2025-09-04,Fashion,637.38,WH-DEL,Tier-3
ORD110547,2025-06-15,Appliances,641.5,WH-BLR,Metro
ORD110548,2025-08-22,Electronics,1323.76,WH-DEL,Tier-3
ORD110549,2025-08-12,Furniture,1101.0,WH-HYD,Tier-3
ORD110550,2025-12-12,Electronics,3220.37,WH-HYD,Metro
ORD110551,2025-04-01,Fashion,1385.0,WH-MUM,Tier-3
ORD110552,2025-12-13,Furniture,1339.54,WH-DEL,Tier-2
ORD110553,2025-01-14,Electronics,575.87,WH-DEL,Tier-3
ORD110554,2025-11-01,Fashion,1063.1,WH-BLR,Metro
ORD110555,2025-12-10,Grocery,460.56,WH-BLR,Tier-3
ORD110556,2025-06-15,Appliances,1988.15,WH-MUM,Remote
ORD110557,2025-01-31,Appliances,2603.56,WH-HYD,Tier-3
ORD110558,2025-11-10,Electronics,400.97,WH-MUM,Remote
ORD110559,2025-11-20,Electronics,1387.94,WH-HYD,Tier-2
ORD110560,2025-05-22,Fashion,1232.01,WH-DEL,Tier-3
ORD110561,2025-08-06,Fashion,3510.12,WH-MUM,Tier-2
ORD110562,2025-11-11,Fashion,602.03,WH-BLR,Metro
ORD110563,2025-03-22,Fashion,729.35,WH-MUM,Tier-2
ORD110564,2025-09-22,Fashion,1654.42,WH-MUM,Metro
ORD110565,2025-06-30,Grocery,906.61,WH-BLR,Remote
ORD110566,2025-03-15,Electronics,945.51,WH-HYD,Tier-3
ORD110567,2025-11-17,Fashion,931.65,WH-KOL,Tier-3
ORD110568,2025-05-17,Fashion,2034.62,WH-BLR,Tier-2
ORD110569,2025-12-14,Fashion,3323.9,WH-BLR,Tier-3
ORD110570,2025-08-28,Books,1253.92,WH-DEL,Metro
ORD110571,2025-08-05,Fashion,1078.65,WH-KOL,Tier-2
ORD110572,2025-06-27,Electronics,2279.08,WH-KOL,Metro
ORD110573,2025-06-18,Books,1580.24,WH-KOL,Tier-2
ORD110574,2025-11-14,Fashion,1520.89,WH-MUM,Metro
ORD110575,2025-10-08,Electronics,3317.36,WH-KOL,Tier-3
ORD110576,2025-11-02,Appliances,570.57,WH-MUM,Tier-2
ORD110577,2025-06-26,Furniture,1085.05,WH-BLR,Remote
ORD110578,2025-04-20,Beauty,611.13,WH-DEL,Tier-3
ORD110579,2025-02-06,Books,872.11,WH-DEL,Tier-2
ORD110580,2025-11-03,Appliances,483.03,WH-HYD,Metro
ORD110581,2025-06-24,Electronics,989.77,WH-DEL,Tier-2
ORD110582,2025-08-02,Grocery,1801.01,WH-HYD,Tier-3
ORD110583,2025-07-17,Electronics,163.22,WH-MUM,Tier-2
ORD110584,2025-07-01,Grocery,1031.59,WH-MUM,Tier-2
ORD110585,2025-10-09,Beauty,1246.57,WH-HYD,Tier-3
ORD110586,2025-09-13,Electronics,1074.4,WH-MUM,Metro
ORD110587,2025-12-24,Books,350.54,WH-BLR,Tier-2
ORD110588,2025-02-28,Grocery,2876.87,WH-MUM,Tier-3
ORD110589,2025-08-29,Electronics,2846.88,WH-HYD,Metro
ORD110590,2025-01-27,Books,3343.62,WH-KOL,Tier-3
ORD110591,2025-11-11,Grocery,856.84,WH-HYD,Tier-2
ORD110592,2025-09-16,Fashion,1537.58,WH-DEL,Tier-2
ORD110593,2025-06-30,Grocery,747.18,WH-HYD,Remote
ORD110594,2025-11-10,Electronics,567.98,WH-BLR,Metro
ORD110595,2025-07-11,Electronics,544.64,WH-DEL,Metro
ORD110596,2025-04-06,Furniture,1572.65,WH-DEL,Metro
ORD110597,2025-07-18,Books,2614.33,WH-KOL,Remote
ORD110598,2025-01-30,Appliances,3748.4,WH-BLR,Metro
ORD110599,2025-12-05,Books,1287.38,WH-KOL,Metro
ORD110600,2025-10-22,Books,776.08,WH-HYD,Metro
ORD110601,2025-10-30,Electronics,1239.75,WH-BLR,Tier-2
ORD110602,2025-11-29,Appliances,2913.21,WH-DEL,Metro
ORD110603,2025-11-07,Appliances,4904.66,WH-BLR,Metro
ORD110604,2025-07-01,Fashion,3434.87,WH-DEL,Tier-2
ORD110605,2025-02-19,Fashion,3174.98,WH-MUM,Tier-2
ORD110606,2025-06-06,Appliances,3980.64,WH-HYD,Tier-2
ORD110607,2025-12-14,Beauty,1420.66,WH-DEL,Tier-2
ORD110608,2025-12-18,Beauty,1678.12,WH-HYD,Tier-2
ORD110609,2025-11-01,Grocery,3127.79,WH-MUM,Tier-3
ORD110610,2025-03-27,Books,2022.28,WH-HYD,Tier-2
ORD110611,2025-03-23,Grocery,2680.22,WH-HYD,Tier-3
ORD110612,2025-11-30,Books,823.67,WH-DEL,Metro
ORD110613,2025-03-01,Furniture,4100.55,WH-MUM,Remote
ORD110614,2025-09-03,Beauty,898.57,WH-KOL,Tier-3
ORD110615,2025-06-08,Beauty,3261.0,WH-HYD,Tier-2
ORD110616,2025-05-07,Fashion,1246.84,WH-HYD,Tier-2
ORD110617,2025-10-08,Beauty,874.13,WH-BLR,Metro
ORD110618,2025-12-21,Appliances,271.82,WH-HYD,Remote
ORD110619,2025-11-03,Fashion,1125.22,WH-BLR,Metro
ORD110620,2025-07-24,Electronics,493.85,WH-DEL,Tier-2
ORD110621,2025-07-05,Appliances,640.2,WH-DEL,Metro
ORD110622,2025-12-07,Fashion,2012.99,WH-MUM,Metro
ORD110623,2025-08-31,Fashion,397.63,WH-MUM,Tier-2
ORD110624,2025-07-28,Grocery,3584.45,WH-DEL,Tier-2
ORD110625,2025-10-09,Electronics,10060.02,WH-MUM,Metro
ORD110626,2025-04-10,Fashion,910.04,WH-DEL,Metro
ORD110627,2025-01-27,Books,3510.86,WH-BLR,Tier-2
ORD110628,2025-11-23,Electronics,438.08,WH-MUM,Tier-3
ORD110629,2025-09-13,Furniture,1844.7,WH-DEL,Tier-2
ORD110630,2025-03-11,Electronics,1779.4,WH-KOL,Remote
ORD110631,2025-05-06,Books,15679.46,WH-MUM,Metro
ORD110632,2025-12-29,Fashion,994.51,WH-MUM,Tier-2
ORD110633,2025-09-24,Books,1938.7,WH-KOL,Tier-2
ORD110634,2025-09-25,Appliances,1155.61,WH-KOL,Metro
ORD110635,2025-01-31,Books,995.08,WH-DEL,Tier-3
ORD110636,2025-12-23,Grocery,1199.28,WH-DEL,Metro
ORD110637,2025-12-03,Grocery,1151.78,WH-MUM,Tier-2
ORD110638,2025-08-19,Electronics,807.04,WH-DEL,Metro
ORD110639,2025-05-11,Grocery,1659.54,WH-HYD,Tier-2
ORD110640,2025-10-13,Grocery,654.21,WH-KOL,Tier-3
ORD110641,2025-11-18,Furniture,973.08,WH-BLR,Tier-3
ORD110642,2025-11-05,Electronics,6230.46,WH-MUM,Tier-3
ORD110643,2025-12-25,Grocery,1220.83,WH-KOL,Metro
ORD110644,2025-09-25,Grocery,2722.5,WH-HYD,Metro
ORD110645,2025-05-15,Grocery,1260.26,WH-DEL,Tier-3
ORD110646,2025-07-29,Furniture,2476.73,WH-BLR,Metro
ORD110647,2025-11-13,Fashion,1164.66,WH-DEL,Metro
ORD110648,2025-04-22,Grocery,169.28,WH-MUM,Tier-3
ORD110649,2025-04-08,Fashion,1306.7,WH-MUM,Tier-2
ORD110650,2025-10-20,Appliances,601.11,WH-MUM,Tier-2
ORD110651,2025-07-06,Books,1053.54,WH-MUM,Remote
ORD110652,2025-11-13,Fashion,2323.04,WH-DEL,Remote
ORD110653,2025-03-02,Fashion,5727.98,WH-BLR,Metro
ORD110654,2025-05-22,Furniture,434.11,WH-DEL,Tier-3
ORD110655,2025-04-23,Appliances,1106.37,WH-BLR,Tier-2
ORD110656,2025-10-13,Electronics,1357.79,WH-MUM,Tier-3
ORD110657,2025-10-29,Fashion,1392.86,WH-KOL,Metro
ORD110658,2025-07-11,Fashion,1400.23,WH-HYD,Remote
ORD110659,2025-07-20,Appliances,2102.0,WH-BLR,Tier-3
ORD110660,2025-02-25,Electronics,943.7,WH-DEL,Tier-2
ORD110661,2025-10-14,Appliances,1142.75,WH-BLR,Metro
ORD110662,2025-12-29,Furniture,1836.08,WH-MUM,Metro
ORD110663,2025-11-03,Books,765.82,WH-MUM,Metro
ORD110664,2025-04-04,Beauty,834.74,WH-KOL,Tier-2
ORD110665,2025-09-19,Grocery,1270.16,WH-BLR,Metro
ORD110666,2025-05-04,Appliances,834.76,WH-KOL,Tier-2
ORD110667,2025-01-13,Appliances,612.62,WH-DEL,Tier-2
ORD110668,2025-03-17,Books,557.87,WH-MUM,Metro
ORD110669,2025-02-13,Grocery,1293.52,WH-KOL,Metro
ORD110670,2025-03-24,Electronics,4008.75,WH-MUM,Metro
ORD110671,2025-11-08,Beauty,1833.45,WH-DEL,Metro
ORD110672,2025-05-04,Electronics,625.3,WH-HYD,Tier-2
ORD110673,2025-10-29,Beauty,4622.38,WH-MUM,Metro
ORD110674,2025-12-18,Fashion,896.89,WH-BLR,Metro
ORD110675,2025-08-30,Grocery,4768.0,WH-HYD,Metro
ORD110676,2025-07-23,Beauty,1262.28,WH-BLR,Tier-2
ORD110677,2025-10-27,Furniture,1657.23,WH-KOL,Remote
ORD110678,2025-02-10,Grocery,999.73,WH-MUM,Remote
ORD110679,2025-06-29,Fashion,1054.76,WH-MUM,Metro
ORD110680,2025-07-29,Fashion,4047.3,WH-MUM,Tier-2
ORD110681,2025-11-17,Electronics,1160.22,WH-MUM,Tier-2
ORD110682,2025-11-13,Grocery,2847.82,WH-KOL,Metro
ORD110683,2025-11-22,Fashion,1391.04,WH-MUM,Tier-3
ORD110684,2025-10-13,Fashion,1220.95,WH-DEL,Metro
ORD110685,2025-08-11,Fashion,2206.49,WH-MUM,Tier-2
ORD110686,2025-11-16,Beauty,1218.6,WH-BLR,Remote
ORD110687,2025-11-28,Books,713.19,WH-MUM,Metro
ORD110688,2025-07-21,Fashion,730.11,WH-DEL,Tier-2
ORD110689,2025-12-28,Beauty,2128.61,WH-DEL,Tier-3
ORD110690,2025-11-29,Grocery,228.72,WH-MUM,Metro
ORD110691,2025-08-03,Fashion,1809.74,WH-KOL,Remote
ORD110692,2025-01-30,Fashion,424.04,WH-MUM,Metro
ORD110693,2025-04-05,Books,1540.62,WH-HYD,Tier-2
ORD110694,2025-11-03,Fashion,3908.35,WH-BLR,Metro
ORD110695,2025-02-16,Fashion,660.33,WH-DEL,Tier-2
ORD110696,2025-07-17,Beauty,2036.94,WH-MUM,Metro
ORD110697,2025-09-12,Appliances,3292.35,WH-DEL,Tier-2
ORD110698,2025-11-30,Appliances,845.02,WH-HYD,Tier-2
ORD110699,2025-11-21,Appliances,798.18,WH-HYD,Tier-2
ORD110700,2025-10-31,Appliances,1808.1,WH-MUM,Remote
ORD110701,2025-06-21,Electronics,3640.88,WH-HYD,Tier-3
ORD110702,2025-03-01,Appliances,8315.91,WH-MUM,Tier-3
ORD110703,2025-10-06,Fashion,740.74,WH-BLR,Tier-3
ORD110704,2025-03-18,Electronics,2248.68,WH-DEL,Metro
ORD110705,2025-08-24,Beauty,912.1,WH-KOL,Metro
ORD110706,2025-12-26,Electronics,542.84,WH-BLR,Metro
ORD110707,2025-08-20,Electronics,1110.9,WH-DEL,Metro
ORD110708,2025-09-29,Fashion,1113.66,WH-HYD,Metro
ORD110709,2025-10-08,Books,1435.31,WH-DEL,Metro
ORD110710,2025-11-17,Beauty,1872.39,WH-MUM,Tier-2
ORD110711,2025-07-02,Electronics,1613.34,WH-BLR,Metro
ORD110712,2025-07-29,Fashion,3540.58,WH-BLR,Metro
ORD110713,2025-03-15,Appliances,6018.47,WH-MUM,Tier-3
ORD110714,2025-09-16,Furniture,1356.1,WH-DEL,Metro
ORD110715,2025-05-05,Fashion,903.44,WH-MUM,Tier-2
ORD110716,2025-08-02,Fashion,1141.92,WH-MUM,Tier-3
ORD110717,2025-10-31,Grocery,1113.92,WH-DEL,Metro
ORD110718,2025-01-08,Electronics,834.53,WH-BLR,Metro
ORD110719,2025-08-25,Appliances,403.83,WH-HYD,Tier-3
ORD110720,2025-03-14,Fashion,455.71,WH-DEL,Tier-3
ORD110721,2025-04-28,Books,2314.63,WH-DEL,Tier-2
ORD110722,2025-01-15,Appliances,2440.33,WH-MUM,Tier-2
ORD110723,2025-03-13,Furniture,1737.64,WH-MUM,Tier-3
ORD110724,2025-12-28,Appliances,1103.64,WH-DEL,Metro
ORD110725,2025-12-31,Electronics,894.19,WH-HYD,Metro
ORD110726,2025-10-19,Fashion,446.79,WH-DEL,Tier-2
ORD110727,2025-09-15,Grocery,795.39,WH-HYD,Metro
ORD110728,2025-11-03,Appliances,745.75,WH-BLR,Tier-2
ORD110729,2025-12-04,Books,432.05,WH-HYD,Tier-3
ORD110730,2025-08-07,Fashion,1594.24,WH-MUM,Tier-2
ORD110731,2025-01-15,Books,741.67,WH-BLR,Metro
ORD110732,2025-10-16,Fashion,1383.52,WH-BLR,Tier-2
ORD110733,2025-12-27,Electronics,410.18,WH-HYD,Tier-3
ORD110734,2025-04-19,Fashion,2143.21,WH-DEL,Metro
ORD110735,2025-07-14,Beauty,1888.27,WH-HYD,Tier-2
ORD110736,2025-06-01,Grocery,888.28,WH-DEL,Metro
ORD110737,2025-06-14,Grocery,4018.7,WH-HYD,Tier-3
ORD110738,2025-10-19,Appliances,1255.48,WH-DEL,Metro
ORD110739,2025-06-09,Electronics,1493.08,WH-DEL,Tier-2
ORD110740,2025-12-16,Electronics,383.91,WH-BLR,Tier-2
ORD110741,2025-11-06,Electronics,716.12,WH-DEL,Metro
ORD110742,2025-01-12,Electronics,795.75,WH-DEL,Remote
ORD110743,2025-11-14,Grocery,2503.92,WH-MUM,Remote
ORD110744,2025-11-02,Fashion,2895.58,WH-BLR,Metro
ORD110745,2025-08-06,Books,848.82,WH-MUM,Metro
ORD110746,2025-07-28,Books,1534.97,WH-BLR,Tier-2
ORD110747,2025-11-18,Beauty,2658.22,WH-DEL,Metro
ORD110748,2025-06-28,Electronics,1020.48,WH-DEL,Metro
ORD110749,2025-03-09,Grocery,415.83,WH-KOL,Metro
ORD110750,2025-05-12,Electronics,2365.42,WH-DEL,Metro
ORD110751,2025-04-22,Fashion,1881.64,WH-HYD,Tier-2
ORD110752,2025-10-09,Furniture,1690.63,WH-DEL,Metro
ORD110753,2025-03-17,Fashion,2886.18,WH-DEL,Metro
ORD110754,2025-09-28,Appliances,3082.51,WH-MUM,Remote
ORD110755,2025-07-15,Books,2201.56,WH-MUM,Metro
ORD110756,2025-11-19,Electronics,524.91,WH-BLR,Metro
ORD110757,2025-07-23,Beauty,399.33,WH-DEL,Tier-2
ORD110758,2025-12-13,Electronics,1772.97,WH-MUM,Tier-3
ORD110759,2025-12-05,Beauty,1411.28,WH-DEL,Tier-3
ORD110760,2025-03-19,Furniture,1498.58,WH-KOL,Metro
ORD110761,2025-10-10,Electronics,5180.86,WH-DEL,Tier-3
ORD110762,2025-04-01,Fashion,2790.77,WH-MUM,Tier-2
ORD110763,2025-11-15,Fashion,1155.88,WH-DEL,Tier-2
ORD110764,2025-09-25,Books,743.28,WH-DEL,Tier-2
ORD110765,2025-05-04,Fashion,2243.81,WH-HYD,Metro
ORD110766,2025-04-15,Books,1939.04,WH-HYD,Tier-3
ORD110767,2025-06-30,Fashion,1127.61,WH-MUM,Tier-2
ORD110768,2025-11-09,Beauty,150.1,WH-KOL,Tier-2
ORD110769,2025-11-08,Fashion,622.18,WH-BLR,Tier-2
ORD110770,2025-01-15,Appliances,2638.25,WH-MUM,Tier-2
ORD110771,2025-05-08,Books,476.38,WH-BLR,Tier-3
ORD110772,2025-06-27,Fashion,2128.71,WH-MUM,Metro
ORD110773,2025-09-04,Electronics,1910.16,WH-MUM,Metro
ORD110774,2025-03-04,Grocery,606.17,WH-MUM,Tier-2
ORD110775,2025-05-21,Furniture,2751.54,WH-BLR,Metro
ORD110776,2025-12-01,Books,1256.89,WH-BLR,Metro
ORD110777,2025-07-20,Fashion,1189.44,WH-KOL,Metro
ORD110778,2025-10-25,Books,533.97,WH-HYD,Tier-3
ORD110779,2025-07-23,Beauty,3782.28,WH-DEL,Remote
ORD110780,2025-07-15,Appliances,516.09,WH-HYD,Tier-2
ORD110781,2025-09-19,Electronics,511.42,WH-DEL,Tier-3
ORD110782,2025-04-19,Electronics,1499.99,WH-BLR,Tier-3
ORD110783,2025-04-15,Beauty,611.38,WH-KOL,Tier-3
ORD110784,2025-12-29,Appliances,7005.06,WH-MUM,Metro
ORD110785,2025-11-27,Furniture,607.64,WH-MUM,Metro
ORD110786,2025-10-24,Beauty,2526.38,WH-KOL,Tier-2
ORD110787,2025-02-27,Electronics,4985.84,WH-BLR,Remote
ORD110788,2025-01-13,Appliances,2374.49,WH-MUM,Tier-3
ORD110789,2025-03-15,Furniture,732.02,WH-HYD,Metro
ORD110790,2025-12-15,Books,1762.87,WH-DEL,Remote
ORD110791,2025-11-13,Appliances,3960.92,WH-MUM,Metro
ORD110792,2025-08-08,Grocery,403.71,WH-KOL,Tier-2
ORD110793,2025-12-23,Electronics,3223.01,WH-KOL,Tier-3
ORD110794,2025-03-03,Beauty,1984.01,WH-KOL,Tier-2
ORD110795,2025-08-23,Appliances,6075.41,WH-BLR,Tier-2
ORD110796,2025-03-18,Fashion,1886.91,WH-HYD,Metro
ORD110797,2025-05-09,Beauty,1512.85,WH-DEL,Remote
ORD110798,2025-12-16,Fashion,2314.69,WH-DEL,Metro
ORD110799,2025-11-27,Fashion,496.73,WH-BLR,Tier-2
ORD110800,2025-02-12,Beauty,697.48,WH-DEL,Metro
ORD110801,2025-04-15,Furniture,1415.85,WH-BLR,Metro
ORD110802,2025-09-07,Books,880.99,WH-KOL,Metro
ORD110803,2025-01-26,Books,821.21,WH-DEL,Metro
ORD110804,2025-08-20,Grocery,6838.53,WH-DEL,Metro
ORD110805,2025-09-03,Fashion,5626.12,WH-MUM,Metro
ORD110806,2025-05-03,Books,175.36,WH-MUM,Remote
ORD110807,2025-05-04,Grocery,1383.08,WH-DEL,Metro
ORD110808,2025-04-07,Grocery,516.25,WH-HYD,Tier-2
ORD110809,2025-12-15,Grocery,3362.69,WH-DEL,Tier-2
ORD110810,2025-06-13,Electronics,1600.46,WH-BLR,Tier-3
ORD110811,2025-09-03,Electronics,4324.71,WH-MUM,Metro
ORD110812,2025-05-07,Furniture,672.43,WH-MUM,Metro
ORD110813,2025-10-14,Books,626.37,WH-DEL,Metro
ORD110814,2025-02-12,Grocery,1124.18,WH-MUM,Metro
ORD110815,2025-01-31,Electronics,830.67,WH-BLR,Tier-2
ORD110816,2025-10-25,Fashion,1243.99,WH-BLR,Tier-2
ORD110817,2025-10-21,Appliances,3461.89,WH-DEL,Tier-3
ORD110818,2025-04-22,Electronics,1946.68,WH-DEL,Tier-3
ORD110819,2025-05-30,Grocery,1056.6,WH-BLR,Tier-3
ORD110820,2025-12-20,Appliances,1398.47,WH-DEL,Metro
ORD110821,2025-02-13,Fashion,377.65,WH-DEL,Tier-3
ORD110822,2025-03-18,Furniture,280.81,WH-BLR,Metro
ORD110823,2025-06-30,Books,3529.36,WH-BLR,Tier-3
ORD110824,2025-04-29,Fashion,728.45,WH-MUM,Tier-2
ORD110825,2025-09-30,Electronics,4217.93,WH-HYD,Tier-2
ORD110826,2025-10-11,Electronics,1048.18,WH-BLR,Tier-2
ORD110827,2025-08-10,Appliances,1491.35,WH-KOL,Tier-2
ORD110828,2025-09-14,Beauty,2603.11,WH-DEL,Tier-2
ORD110829,2025-07-02,Appliances,2858.54,WH-HYD,Remote
ORD110830,2025-10-30,Beauty,887.65,WH-KOL,Metro
ORD110831,2025-01-18,Appliances,1417.81,WH-MUM,Tier-3
ORD110832,2025-05-12,Fashion,1320.08,WH-DEL,Metro
ORD110833,2025-10-10,Fashion,1812.91,WH-MUM,Metro
ORD110834,2025-05-19,Furniture,1563.27,WH-BLR,Metro
ORD110835,2025-02-03,Furniture,746.88,WH-HYD,Metro
ORD110836,2025-05-25,Grocery,1509.57,WH-BLR,Tier-2
ORD110837,2025-10-17,Grocery,415.44,WH-HYD,Metro
ORD110838,2025-02-21,Fashion,1342.71,WH-HYD,Tier-3
ORD110839,2025-10-20,Fashion,1472.51,WH-DEL,Tier-2
ORD110840,2025-11-03,Furniture,611.29,WH-DEL,Metro
ORD110841,2025-09-24,Appliances,1068.95,WH-HYD,Tier-2
ORD110842,2025-04-13,Books,888.24,WH-BLR,Remote
ORD110843,2025-11-10,Fashion,901.81,WH-HYD,Metro
ORD110844,2025-04-01,Books,2455.57,WH-BLR,Metro
ORD110845,2025-12-07,Fashion,1938.91,WH-BLR,Tier-3
ORD110846,2025-10-15,Fashion,2890.1,WH-MUM,Metro
ORD110847,2025-01-23,Books,7062.99,WH-MUM,Remote
ORD110848,2025-11-09,Beauty,3222.44,WH-BLR,Remote
ORD110849,2025-08-01,Beauty,391.92,WH-DEL,Metro
ORD110850,2025-07-10,Electronics,792.8,WH-DEL,Tier-2
ORD110851,2025-06-26,Fashion,3919.29,WH-KOL,Remote
ORD110852,2025-09-12,Appliances,976.61,WH-HYD,Metro
ORD110853,2025-10-20,Books,926.04,WH-HYD,Metro
ORD110854,2025-12-04,Grocery,1749.88,WH-KOL,Metro
ORD110855,2025-04-25,Electronics,1066.64,WH-HYD,Tier-3
ORD110856,2025-09-23,Grocery,5258.0,WH-BLR,Tier-2
ORD110857,2025-10-10,Electronics,1177.23,WH-BLR,Tier-3
ORD110858,2025-10-07,Fashion,9222.95,WH-MUM,Metro
ORD110859,2025-07-27,Furniture,855.75,WH-MUM,Tier-2
ORD110860,2025-06-14,Electronics,791.78,WH-KOL,Tier-3
ORD110861,2025-10-30,Appliances,686.63,WH-DEL,Metro
ORD110862,2025-05-07,Furniture,713.66,WH-KOL,Tier-3
ORD110863,2025-03-29,Fashion,2389.32,WH-MUM,Metro
ORD110864,2025-08-18,Fashion,457.08,WH-KOL,Metro
ORD110865,2025-04-23,Beauty,599.75,WH-BLR,Metro
ORD110866,2025-01-14,Grocery,2029.82,WH-MUM,Tier-3
ORD110867,2025-01-22,Books,236.05,WH-KOL,Tier-3
ORD110868,2025-10-12,Fashion,412.38,WH-MUM,Tier-3
ORD110869,2025-12-24,Grocery,1284.88,WH-HYD,Tier-2
ORD110870,2025-07-11,Beauty,1856.52,WH-MUM,Remote
ORD110871,2025-03-03,Electronics,1023.54,WH-HYD,Tier-2
ORD110872,2025-11-14,Fashion,1897.9,WH-DEL,Remote
ORD110873,2025-04-20,Beauty,672.84,WH-HYD,Tier-3
ORD110874,2025-12-30,Fashion,4496.77,WH-DEL,Tier-2
ORD110875,2025-08-25,Fashion,2776.06,WH-DEL,Metro
ORD110876,2025-04-08,Beauty,698.26,WH-DEL,Remote
ORD110877,2025-07-28,Electronics,1151.99,WH-DEL,Tier-2
ORD110878,2025-05-21,Furniture,278.25,WH-DEL,Tier-3
ORD110879,2025-11-04,Books,2817.81,WH-BLR,Tier-2
ORD110880,2025-02-14,Books,481.31,WH-HYD,Metro
ORD110881,2025-11-24,Fashion,870.52,WH-MUM,Metro
ORD110882,2025-10-31,Electronics,1059.54,WH-BLR,Metro
ORD110883,2025-11-25,Books,445.34,WH-DEL,Tier-2
ORD110884,2025-12-04,Books,687.89,WH-DEL,Tier-3
ORD110885,2025-04-07,Fashion,1804.31,WH-HYD,Tier-2
ORD110886,2025-08-07,Fashion,899.27,WH-KOL,Tier-2
ORD110887,2025-11-22,Grocery,2690.28,WH-MUM,Metro
ORD110888,2025-06-08,Electronics,2424.39,WH-KOL,Tier-2
ORD110889,2025-01-26,Books,679.2,WH-DEL,Metro
ORD110890,2025-05-03,Beauty,931.77,WH-MUM,Tier-3
ORD110891,2025-04-12,Fashion,932.14,WH-DEL,Tier-3
ORD110892,2025-11-27,Beauty,969.56,WH-BLR,Metro
ORD110893,2025-07-14,Books,4358.27,WH-KOL,Tier-2
ORD110894,2025-10-09,Appliances,1561.36,WH-MUM,Metro
ORD110895,2025-12-22,Beauty,355.17,WH-BLR,Remote
ORD110896,2025-05-06,Fashion,793.25,WH-DEL,Metro
ORD110897,2025-10-30,Beauty,925.45,WH-BLR,Tier-3
ORD110898,2025-01-10,Electronics,1879.6,WH-BLR,Tier-3
ORD110899,2025-02-13,Grocery,5663.14,WH-BLR,Remote
ORD110900,2025-03-10,Grocery,2514.54,WH-KOL,Tier-3
ORD110901,2025-05-12,Electronics,1234.4,WH-BLR,Tier-2
ORD110902,2025-06-19,Appliances,678.17,WH-DEL,Tier-2
ORD110903,2025-07-20,Grocery,4174.72,WH-MUM,Tier-2
ORD110904,2025-04-14,Grocery,1056.37,WH-KOL,Metro
ORD110905,2025-01-28,Grocery,429.92,WH-KOL,Remote
ORD110906,2025-10-08,Electronics,1783.13,WH-KOL,Tier-2
ORD110907,2025-01-10,Fashion,498.41,WH-MUM,Tier-2
ORD110908,2025-11-11,Electronics,2270.49,WH-MUM,Metro
ORD110909,2025-12-13,Beauty,977.34,WH-HYD,Tier-2
ORD110910,2025-10-16,Appliances,1048.82,WH-BLR,Metro
ORD110911,2025-09-08,Grocery,148.94,WH-BLR,Metro
ORD110912,2025-10-02,Furniture,3171.7,WH-KOL,Tier-2
ORD110913,2025-10-01,Furniture,521.5,WH-BLR,Metro
ORD110914,2025-12-14,Fashion,751.55,WH-MUM,Tier-2
ORD110915,2025-12-22,Electronics,1560.43,WH-BLR,Metro
ORD110916,2025-06-29,Grocery,1191.9,WH-BLR,Metro
ORD110917,2025-09-17,Fashion,8408.51,WH-KOL,Tier-3
ORD110918,2025-11-10,Books,336.99,WH-BLR,Tier-2
ORD110919,2025-01-01,Fashion,985.88,WH-MUM,Tier-2
ORD110920,2025-08-10,Grocery,2512.28,WH-MUM,Remote
ORD110921,2025-10-01,Fashion,939.71,WH-MUM,Metro
ORD110922,2025-10-18,Appliances,1335.87,WH-HYD,Tier-3
ORD110923,2025-06-04,Beauty,10591.44,WH-DEL,Tier-3
ORD110924,2025-05-05,Fashion,1411.88,WH-DEL,Metro
ORD110925,2025-03-18,Electronics,4107.38,WH-DEL,Tier-2
ORD110926,2025-08-23,Furniture,2252.36,WH-BLR,Metro
ORD110927,2025-12-10,Electronics,2416.29,WH-MUM,Metro
ORD110928,2025-12-04,Electronics,1142.84,WH-KOL,Metro
ORD110929,2025-06-01,Furniture,363.88,WH-HYD,Tier-3
ORD110930,2025-04-19,Electronics,3197.5,WH-BLR,Metro
ORD110931,2025-11-06,Electronics,2091.06,WH-HYD,Metro
ORD110932,2025-10-20,Fashion,2056.01,WH-HYD,Metro
ORD110933,2025-08-01,Grocery,1187.98,WH-HYD,Tier-3
ORD110934,2025-06-13,Beauty,797.51,WH-HYD,Metro
ORD110935,2025-02-22,Fashion,3858.68,WH-KOL,Tier-2
ORD110936,2025-11-05,Fashion,1739.54,WH-BLR,Metro
ORD110937,2025-09-17,Appliances,310.13,WH-MUM,Metro
ORD110938,2025-06-08,Books,1283.32,WH-KOL,Tier-3
ORD110939,2025-12-10,Fashion,1050.29,WH-DEL,Tier-2
ORD110940,2025-10-03,Furniture,163.84,WH-DEL,Tier-2
ORD110941,2025-12-13,Furniture,736.24,WH-MUM,Remote
ORD110942,2025-07-19,Fashion,10687.99,WH-BLR,Tier-3
ORD110943,2025-07-11,Electronics,202.75,WH-KOL,Tier-3
ORD110944,2025-12-15,Appliances,532.0,WH-MUM,Metro
ORD110945,2025-12-21,Fashion,191.24,WH-DEL,Metro
ORD110946,2025-12-21,Fashion,377.53,WH-MUM,Remote
ORD110947,2025-11-14,Grocery,307.76,WH-KOL,Tier-2
ORD110948,2025-07-14,Electronics,519.27,WH-MUM,Tier-2
ORD110949,2025-03-30,Fashion,5285.79,WH-KOL,Tier-2
ORD110950,2025-06-11,Fashion,2764.91,WH-MUM,Tier-3
ORD110951,2025-12-15,Books,1088.71,WH-KOL,Tier-2
ORD110952,2025-06-02,Appliances,5110.57,WH-MUM,Metro
ORD110953,2025-10-29,Fashion,915.2,WH-KOL,Metro
ORD110954,2025-12-11,Fashion,623.72,WH-DEL,Metro
ORD110955,2025-12-24,Beauty,947.27,WH-BLR,Tier-3
ORD110956,2025-12-18,Furniture,377.35,WH-MUM,Tier-2
ORD110957,2025-08-22,Appliances,296.22,WH-HYD,Tier-3
ORD110958,2025-07-26,Electronics,2270.66,WH-DEL,Tier-2
ORD110959,2025-12-28,Electronics,1746.43,WH-MUM,Remote
ORD110960,2025-04-02,Fashion,478.28,WH-BLR,Tier-3
ORD110961,2025-03-20,Books,1946.64,WH-HYD,Metro
ORD110962,2025-12-22,Beauty,2009.89,WH-DEL,Tier-2
ORD110963,2025-10-11,Electronics,825.91,WH-DEL,Tier-3
ORD110964,2025-08-14,Appliances,624.95,WH-MUM,Metro
ORD110965,2025-02-25,Books,2523.22,WH-MUM,Metro
ORD110966,2025-08-04,Books,1916.43,WH-MUM,Tier-3
ORD110967,2025-12-17,Grocery,5388.39,WH-BLR,Remote
ORD110968,2025-09-11,Fashion,1898.48,WH-KOL,Metro
ORD110969,2025-06-20,Beauty,324.34,WH-MUM,Metro
ORD110970,2025-08-20,Fashion,393.15,WH-MUM,Tier-3
ORD110971,2025-12-02,Fashion,1125.34,WH-MUM,Metro
ORD110972,2025-12-09,Fashion,2558.5,WH-MUM,Remote
ORD110973,2025-06-18,Grocery,1731.45,WH-DEL,Metro
ORD110974,2025-09-13,Electronics,817.75,WH-DEL,Metro
ORD110975,2025-04-28,Grocery,348.58,WH-HYD,Metro
ORD110976,2025-07-09,Beauty,4337.62,WH-BLR,Metro
ORD110977,2025-04-03,Grocery,4174.86,WH-KOL,Metro
ORD110978,2025-08-12,Beauty,434.5,WH-KOL,Tier-2
ORD110979,2025-08-31,Beauty,2279.18,WH-KOL,Metro
ORD110980,2025-05-22,Books,1642.87,WH-BLR,Remote
ORD110981,2025-04-25,Furniture,2315.43,WH-MUM,Metro
ORD110982,2025-03-05,Books,4511.38,WH-KOL,Tier-2
ORD110983,2025-02-28,Grocery,4188.91,WH-HYD,Tier-2
ORD110984,2025-10-17,Fashion,2008.38,WH-BLR,Metro
ORD110985,2025-04-04,Beauty,1102.11,WH-KOL,Tier-2
ORD110986,2025-02-19,Grocery,1054.11,WH-HYD,Metro
ORD110987,2025-12-31,Beauty,1124.38,WH-HYD,Tier-3
ORD110988,2025-04-20,Fashion,11895.88,WH-MUM,Tier-2
ORD110989,2025-12-04,Fashion,1388.76,WH-DEL,Metro
ORD110990,2025-09-13,Appliances,2499.39,WH-DEL,Tier-3
ORD110991,2025-10-18,Furniture,1868.39,WH-MUM,Metro
ORD110992,2025-08-24,Fashion,607.0,WH-HYD,Remote
ORD110993,2025-03-17,Books,1962.96,WH-MUM,Tier-2
ORD110994,2025-11-21,Grocery,788.53,WH-BLR,Metro
ORD110995,2025-11-16,Electronics,628.16,WH-HYD,Metro
ORD110996,2025-05-27,Appliances,2154.64,WH-MUM,Tier-2
ORD110997,2025-10-30,Electronics,487.02,WH-BLR,Tier-3
ORD110998,2025-08-17,Grocery,2702.75,WH-HYD,Tier-2
ORD110999,2025-12-08,Electronics,2113.63,WH-HYD,Tier-2
ORD111000,2025-11-10,Fashion,3684.67,WH-HYD,Metro
ORD111001,2025-01-18,Beauty,1966.44,WH-MUM,Tier-3
ORD111002,2025-11-30,Electronics,623.61,WH-DEL,Tier-2
ORD111003,2025-12-23,Appliances,3266.13,WH-BLR,Tier-2
ORD111004,2025-10-25,Furniture,3403.83,WH-BLR,Metro
ORD111005,2025-02-20,Electronics,2737.42,WH-MUM,Metro
ORD111006,2025-11-11,Beauty,2407.82,WH-DEL,Metro
ORD111007,2025-09-30,Fashion,410.62,WH-DEL,Tier-3
ORD111008,2025-05-23,Grocery,2656.54,WH-BLR,Tier-2
ORD111009,2025-12-01,Books,493.08,WH-HYD,Metro
ORD111010,2025-08-26,Appliances,814.6,WH-KOL,Tier-2
ORD111011,2025-11-23,Fashion,688.6,WH-BLR,Metro
ORD111012,2025-10-06,Books,381.88,WH-HYD,Metro
ORD111013,2025-05-02,Beauty,1543.63,WH-DEL,Tier-3
ORD111014,2025-12-25,Grocery,1306.54,WH-DEL,Metro
ORD111015,2025-08-28,Furniture,3876.09,WH-MUM,Tier-2
ORD111016,2025-08-06,Fashion,3513.08,WH-HYD,Tier-3
ORD111017,2025-06-19,Fashion,1543.05,WH-BLR,Metro
ORD111018,2025-02-27,Grocery,2516.17,WH-DEL,Tier-2
ORD111019,2025-10-10,Electronics,1232.28,WH-MUM,Metro
ORD111020,2025-07-01,Appliances,1226.15,WH-BLR,Tier-3
ORD111021,2025-12-14,Electronics,1481.0,WH-DEL,Metro
ORD111022,2025-12-22,Electronics,1187.27,WH-MUM,Metro
ORD111023,2025-10-31,Fashion,1587.08,WH-HYD,Metro
ORD111024,2025-04-12,Electronics,2277.31,WH-DEL,Tier-2
ORD111025,2025-10-18,Grocery,504.85,WH-BLR,Metro
ORD111026,2025-01-09,Grocery,966.34,WH-HYD,Tier-2
ORD111027,2025-11-16,Electronics,2491.65,WH-MUM,Tier-3
ORD111028,2025-07-27,Fashion,859.7,WH-DEL,Metro
ORD111029,2025-12-15,Electronics,874.31,WH-MUM,Metro
ORD111030,2025-06-08,Grocery,3018.04,WH-BLR,Metro
ORD111031,2025-04-21,Fashion,741.03,WH-HYD,Tier-2
ORD111032,2025-12-30,Appliances,1894.6,WH-KOL,Tier-2
ORD111033,2025-08-11,Furniture,1509.98,WH-MUM,Tier-3
ORD111034,2025-11-26,Fashion,2724.58,WH-MUM,Tier-3
ORD111035,2025-12-08,Electronics,1270.44,WH-DEL,Tier-2
ORD111036,2025-08-06,Fashion,711.66,WH-BLR,Metro
ORD111037,2025-07-11,Fashion,794.92,WH-HYD,Tier-3
ORD111038,2025-08-21,Fashion,5037.65,WH-BLR,Metro
ORD111039,2025-11-22,Beauty,874.01,WH-BLR,Tier-3
ORD111040,2025-12-22,Electronics,829.49,WH-BLR,Tier-3
ORD111041,2025-05-18,Fashion,925.81,WH-MUM,Metro
ORD111042,2025-10-24,Books,1078.7,WH-HYD,Metro
ORD111043,2025-04-30,Beauty,966.34,WH-DEL,Metro
ORD111044,2025-09-14,Grocery,2104.25,WH-BLR,Tier-3
ORD111045,2025-11-10,Grocery,1452.87,WH-BLR,Tier-2
ORD111046,2025-12-02,Electronics,835.33,WH-MUM,Metro
ORD111047,2025-07-08,Books,2387.58,WH-DEL,Tier-2
ORD111048,2025-06-05,Grocery,1677.98,WH-DEL,Tier-3
ORD111049,2025-04-17,Grocery,3872.08,WH-BLR,Tier-2
ORD111050,2025-02-26,Fashion,1725.21,WH-HYD,Tier-3
ORD111051,2025-06-03,Fashion,1208.93,WH-DEL,Remote
ORD111052,2025-11-28,Appliances,1138.18,WH-KOL,Metro
ORD111053,2025-06-25,Electronics,1504.36,WH-DEL,Metro
ORD111054,2025-05-14,Grocery,1796.51,WH-MUM,Tier-2
ORD111055,2025-10-24,Electronics,1337.23,WH-BLR,Metro
ORD111056,2025-04-01,Appliances,941.44,WH-KOL,Tier-2
ORD111057,2025-04-18,Fashion,2211.27,WH-BLR,Remote
ORD111058,2025-12-15,Beauty,1894.01,WH-MUM,Tier-2
ORD111059,2025-02-04,Grocery,1359.56,WH-DEL,Metro
ORD111060,2025-06-24,Grocery,2286.4,WH-DEL,Remote
ORD111061,2025-08-31,Fashion,1260.05,WH-DEL,Metro
ORD111062,2025-04-07,Grocery,1352.53,WH-DEL,Metro
ORD111063,2025-04-29,Fashion,2219.92,WH-BLR,Tier-2
ORD111064,2025-04-04,Fashion,2542.04,WH-DEL,Metro
ORD111065,2025-05-26,Electronics,2258.98,WH-KOL,Metro
ORD111066,2025-12-05,Fashion,726.58,WH-BLR,Metro
ORD111067,2025-07-01,Books,1809.28,WH-BLR,Tier-2
ORD111068,2025-06-25,Fashion,1386.87,WH-KOL,Tier-2
ORD111069,2025-06-12,Books,1832.57,WH-MUM,Tier-3
ORD111070,2025-12-22,Books,5760.95,WH-MUM,Tier-2
ORD111071,2025-02-19,Furniture,1131.83,WH-MUM,Tier-3
ORD111072,2025-11-28,Electronics,1363.24,WH-DEL,Tier-3
ORD111073,2025-05-18,Grocery,853.92,WH-DEL,Metro
ORD111074,2025-12-20,Books,1148.94,WH-HYD,Metro
ORD111075,2025-05-13,Fashion,779.06,WH-MUM,Tier-3
ORD111076,2025-02-04,Fashion,567.71,WH-MUM,Metro
ORD111077,2025-08-07,Fashion,280.19,WH-DEL,Metro
ORD111078,2025-04-06,Fashion,767.95,WH-MUM,Metro
ORD111079,2025-10-28,Electronics,811.45,WH-DEL,Tier-2
ORD111080,2025-10-02,Fashion,1277.87,WH-DEL,Tier-2
ORD111081,2025-10-10,Furniture,870.09,WH-KOL,Tier-3
ORD111082,2025-03-23,Grocery,3059.47,WH-BLR,Tier-2
ORD111083,2025-10-16,Fashion,1605.84,WH-BLR,Tier-2
ORD111084,2025-05-11,Beauty,2425.12,WH-HYD,Tier-2
ORD111085,2025-12-31,Fashion,2940.79,WH-DEL,Tier-2
ORD111086,2025-10-22,Electronics,4062.59,WH-BLR,Metro
ORD111087,2025-09-06,Electronics,2917.27,WH-KOL,Tier-3
ORD111088,2025-11-27,Fashion,660.47,WH-DEL,Tier-2
ORD111089,2025-09-05,Grocery,2663.44,WH-MUM,Tier-2
ORD111090,2025-08-21,Electronics,1730.7,WH-HYD,Metro
ORD111091,2025-04-10,Books,3933.18,WH-DEL,Metro
ORD111092,2025-10-08,Books,1367.35,WH-MUM,Tier-2
ORD111093,2025-06-07,Fashion,3346.3,WH-MUM,Tier-3
ORD111094,2025-01-19,Appliances,1450.85,WH-MUM,Metro
ORD111095,2025-11-13,Grocery,1497.87,WH-MUM,Remote
ORD111096,2025-01-22,Books,2282.03,WH-DEL,Tier-3
ORD111097,2025-10-06,Fashion,1041.42,WH-MUM,Tier-2
ORD111098,2025-03-07,Furniture,2084.18,WH-BLR,Tier-2
ORD111099,2025-07-01,Electronics,397.5,WH-DEL,Tier-2
ORD111100,2025-11-24,Electronics,1972.07,WH-BLR,Metro
ORD111101,2025-02-09,Books,484.23,WH-HYD,Metro
ORD111102,2025-10-05,Fashion,2086.97,WH-DEL,Tier-3
ORD111103,2025-09-15,Fashion,110.33,WH-DEL,Tier-2
ORD111104,2025-11-27,Fashion,313.66,WH-MUM,Tier-3
ORD111105,2025-03-14,Books,1397.29,WH-BLR,Metro
ORD111106,2025-11-09,Fashion,1417.04,WH-DEL,Metro
ORD111107,2025-07-09,Electronics,1094.28,WH-BLR,Metro
ORD111108,2025-06-30,Furniture,2387.33,WH-DEL,Metro
ORD111109,2025-06-02,Fashion,2824.31,WH-BLR,Tier-3
ORD111110,2025-06-12,Fashion,10144.89,WH-DEL,Metro
ORD111111,2025-08-07,Furniture,1387.38,WH-BLR,Tier-3
ORD111112,2025-02-14,Beauty,3064.35,WH-BLR,Tier-2
ORD111113,2025-06-28,Appliances,690.29,WH-MUM,Metro
ORD111114,2025-10-01,Electronics,864.78,WH-DEL,Tier-2
ORD111115,2025-07-29,Fashion,694.56,WH-BLR,Remote
ORD111116,2025-03-11,Books,1226.49,WH-MUM,Metro
ORD111117,2025-06-02,Fashion,1601.32,WH-HYD,Metro
ORD111118,2025-07-06,Appliances,3082.55,WH-DEL,Metro
ORD111119,2025-10-06,Grocery,1766.08,WH-DEL,Remote
ORD111120,2025-12-05,Books,3902.59,WH-BLR,Remote
ORD111121,2025-08-20,Fashion,3954.16,WH-BLR,Tier-3
ORD111122,2025-10-08,Beauty,1383.36,WH-BLR,Metro
ORD111123,2025-02-02,Fashion,1232.27,WH-KOL,Tier-3
ORD111124,2025-12-20,Appliances,395.5,WH-BLR,Tier-2
ORD111125,2025-05-13,Electronics,867.61,WH-BLR,Tier-2
ORD111126,2025-05-29,Grocery,701.12,WH-BLR,Remote
ORD111127,2025-04-04,Fashion,726.01,WH-HYD,Metro
ORD111128,2025-02-05,Electronics,954.3,WH-MUM,Tier-3
ORD111129,2025-11-06,Fashion,2040.45,WH-HYD,Metro
ORD111130,2025-04-12,Electronics,1689.18,WH-MUM,Tier-3
ORD111131,2025-04-29,Beauty,2953.37,WH-HYD,Tier-2
ORD111132,2025-03-18,Books,1822.18,WH-KOL,Metro
ORD111133,2025-12-25,Appliances,834.52,WH-MUM,Tier-3
ORD111134,2025-11-04,Grocery,2454.3,WH-KOL,Metro
ORD111135,2025-12-13,Fashion,447.35,WH-KOL,Metro
ORD111136,2025-11-25,Fashion,2926.98,WH-BLR,Metro
ORD111137,2025-12-07,Fashion,725.89,WH-DEL,Tier-3
ORD111138,2025-07-21,Grocery,213.45,WH-DEL,Tier-3
ORD111139,2025-03-13,Books,2070.66,WH-HYD,Tier-2
ORD111140,2025-05-18,Electronics,1046.05,WH-DEL,Metro
ORD111141,2025-05-03,Electronics,3428.11,WH-DEL,Metro
ORD111142,2025-10-18,Electronics,2893.47,WH-MUM,Metro
ORD111143,2025-01-11,Grocery,608.53,WH-HYD,Metro
ORD111144,2025-03-01,Electronics,4529.81,WH-BLR,Tier-3
ORD111145,2025-10-09,Fashion,296.64,WH-DEL,Metro
ORD111146,2025-02-21,Electronics,1942.82,WH-BLR,Metro
ORD111147,2025-01-21,Electronics,4186.73,WH-HYD,Metro
ORD111148,2025-02-15,Appliances,594.36,WH-HYD,Remote
ORD111149,2025-10-11,Beauty,7255.9,WH-BLR,Metro
ORD111150,2025-02-28,Electronics,1524.91,WH-HYD,Tier-2
ORD111151,2025-03-03,Fashion,1804.76,WH-HYD,Metro
ORD111152,2025-04-07,Fashion,3427.56,WH-BLR,Tier-2
ORD111153,2025-10-27,Books,1871.5,WH-MUM,Tier-3
ORD111154,2025-03-26,Grocery,464.1,WH-BLR,Metro
ORD111155,2025-01-15,Grocery,102.18,WH-BLR,Metro
ORD111156,2025-12-07,Grocery,613.53,WH-HYD,Metro
ORD111157,2025-11-29,Beauty,658.62,WH-MUM,Tier-3
ORD111158,2025-03-19,Electronics,627.21,WH-DEL,Tier-2
ORD111159,2025-04-22,Electronics,807.5,WH-BLR,Tier-3
ORD111160,2025-03-21,Fashion,137.26,WH-BLR,Metro
ORD111161,2025-10-19,Grocery,516.26,WH-DEL,Tier-2
ORD111162,2025-04-16,Electronics,2073.6,WH-MUM,Tier-2
ORD111163,2025-12-13,Books,3083.14,WH-KOL,Metro
ORD111164,2025-11-16,Furniture,747.74,WH-BLR,Tier-2
ORD111165,2025-09-05,Beauty,2327.54,WH-DEL,Metro
ORD111166,2025-01-04,Beauty,168.76,WH-DEL,Metro
ORD111167,2025-12-01,Grocery,1662.53,WH-DEL,Remote
ORD111168,2025-10-21,Books,3455.62,WH-DEL,Remote
ORD111169,2025-11-06,Appliances,2023.39,WH-MUM,Tier-3
ORD111170,2025-01-31,Fashion,1311.32,WH-HYD,Metro
ORD111171,2025-10-16,Furniture,174.11,WH-DEL,Metro
ORD111172,2025-11-10,Beauty,6077.54,WH-HYD,Metro
ORD111173,2025-12-20,Appliances,6328.16,WH-BLR,Tier-3
ORD111174,2025-09-01,Appliances,2346.59,WH-BLR,Metro
ORD111175,2025-08-02,Fashion,3887.42,WH-MUM,Metro
ORD111176,2025-06-28,Books,1341.65,WH-MUM,Tier-2
ORD111177,2025-10-14,Fashion,2462.83,WH-BLR,Tier-2
ORD111178,2025-12-11,Furniture,2621.14,WH-BLR,Tier-2
ORD111179,2025-09-10,Furniture,1273.16,WH-BLR,Tier-2
ORD111180,2025-04-06,Grocery,691.29,WH-BLR,Tier-2
ORD111181,2025-01-08,Electronics,2697.39,WH-BLR,Tier-3
ORD111182,2025-09-18,Appliances,6020.7,WH-HYD,Metro
ORD111183,2025-11-26,Fashion,3617.55,WH-KOL,Metro
ORD111184,2025-01-28,Fashion,1759.32,WH-MUM,Tier-2
ORD111185,2025-06-17,Electronics,1654.17,WH-BLR,Tier-2
ORD111186,2025-12-16,Furniture,1732.01,WH-MUM,Tier-2
ORD111187,2025-07-30,Electronics,215.29,WH-HYD,Tier-2
ORD111188,2025-04-03,Fashion,1230.12,WH-KOL,Tier-2
ORD111189,2025-05-29,Books,1126.94,WH-BLR,Tier-2
ORD111190,2025-06-21,Grocery,509.86,WH-BLR,Remote
ORD111191,2025-02-19,Books,3113.31,WH-MUM,Metro
ORD111192,2025-10-03,Grocery,1678.22,WH-MUM,Remote
ORD111193,2025-09-06,Electronics,165.07,WH-BLR,Tier-2
ORD111194,2025-09-30,Appliances,1616.28,WH-DEL,Metro
ORD111195,2025-09-14,Fashion,3718.75,WH-BLR,Metro
ORD111196,2025-01-08,Beauty,831.61,WH-BLR,Tier-2
ORD111197,2025-03-15,Fashion,590.04,WH-DEL,Tier-2
ORD111198,2025-03-11,Books,477.57,WH-HYD,Tier-2
ORD111199,2025-02-11,Grocery,1450.76,WH-BLR,Tier-2
ORD111200,2025-10-23,Books,749.28,WH-HYD,Metro
ORD111201,2025-02-20,Electronics,413.05,WH-MUM,Tier-2
ORD111202,2025-10-05,Furniture,4895.56,WH-MUM,Tier-3
ORD111203,2025-03-16,Electronics,1576.69,WH-BLR,Tier-2
ORD111204,2025-02-19,Books,880.67,WH-BLR,Tier-2
ORD111205,2025-03-10,Fashion,5110.23,WH-BLR,Metro
ORD111206,2025-08-02,Fashion,1668.11,WH-DEL,Tier-2
ORD111207,2025-09-29,Furniture,1202.51,WH-HYD,Tier-3
ORD111208,2025-11-12,Grocery,1594.64,WH-BLR,Tier-3
ORD111209,2025-02-24,Appliances,877.52,WH-MUM,Tier-2
ORD111210,2025-09-16,Appliances,1197.89,WH-MUM,Tier-2
ORD111211,2025-11-02,Electronics,2137.23,WH-MUM,Metro
ORD111212,2025-05-12,Appliances,5141.27,WH-HYD,Metro
ORD111213,2025-02-03,Fashion,863.24,WH-BLR,Tier-2
ORD111214,2025-03-07,Grocery,2213.5,WH-DEL,Tier-3
ORD111215,2025-02-08,Fashion,411.61,WH-DEL,Metro
ORD111216,2025-12-02,Fashion,2007.6,WH-HYD,Remote
ORD111217,2025-06-08,Books,5670.08,WH-MUM,Remote
ORD111218,2025-08-08,Beauty,1364.91,WH-BLR,Metro
ORD111219,2025-11-01,Beauty,843.93,WH-BLR,Metro
ORD111220,2025-06-06,Appliances,875.46,WH-DEL,Metro
ORD111221,2025-09-30,Electronics,1972.72,WH-DEL,Remote
ORD111222,2025-02-02,Fashion,1405.48,WH-DEL,Tier-2
ORD111223,2025-07-22,Electronics,969.07,WH-BLR,Metro
ORD111224,2025-02-10,Appliances,2259.18,WH-BLR,Tier-3
ORD111225,2025-04-15,Electronics,663.65,WH-DEL,Metro
ORD111226,2025-05-04,Beauty,2675.9,WH-BLR,Remote
ORD111227,2025-10-18,Electronics,1041.06,WH-KOL,Tier-3
ORD111228,2025-10-07,Electronics,2269.06,WH-HYD,Metro
ORD111229,2025-10-26,Books,2622.28,WH-BLR,Tier-3
ORD111230,2025-01-26,Fashion,283.16,WH-DEL,Tier-3
ORD111231,2025-12-30,Electronics,1265.64,WH-BLR,Tier-2
ORD111232,2025-01-23,Grocery,394.17,WH-KOL,Tier-3
ORD111233,2025-11-16,Beauty,335.37,WH-DEL,Tier-2
ORD111234,2025-10-24,Fashion,1110.25,WH-MUM,Tier-3
ORD111235,2025-09-06,Fashion,1712.49,WH-DEL,Tier-3
ORD111236,2025-07-04,Fashion,389.21,WH-BLR,Remote
ORD111237,2025-10-29,Grocery,1664.14,WH-MUM,Tier-3
ORD111238,2025-10-24,Fashion,665.49,WH-BLR,Remote
ORD111239,2025-02-27,Grocery,1414.2,WH-MUM,Metro
ORD111240,2025-11-07,Grocery,10133.23,WH-BLR,Metro
ORD111241,2025-02-03,Beauty,1039.11,WH-KOL,Tier-2
ORD111242,2025-07-30,Furniture,538.77,WH-MUM,Metro
ORD111243,2025-09-29,Appliances,1320.37,WH-HYD,Tier-3
ORD111244,2025-11-15,Grocery,1150.44,WH-BLR,Metro
ORD111245,2025-07-14,Fashion,1015.92,WH-HYD,Tier-2
ORD111246,2025-04-10,Fashion,1376.66,WH-DEL,Tier-2
ORD111247,2025-07-26,Grocery,1155.32,WH-DEL,Tier-3
ORD111248,2025-04-16,Electronics,497.64,WH-HYD,Metro
ORD111249,2025-08-11,Electronics,2590.24,WH-DEL,Remote
ORD111250,2025-07-14,Fashion,3830.73,WH-DEL,Metro
ORD111251,2025-11-04,Electronics,994.56,WH-KOL,Metro
ORD111252,2025-04-11,Fashion,1773.2,WH-BLR,Metro
ORD111253,2025-03-26,Grocery,260.75,WH-BLR,Tier-3
ORD111254,2025-07-19,Books,1319.92,WH-KOL,Metro
ORD111255,2025-01-22,Fashion,6240.11,WH-KOL,Metro
ORD111256,2025-04-07,Books,2540.2,WH-DEL,Metro
ORD111257,2025-05-29,Electronics,1515.09,WH-HYD,Tier-2
ORD111258,2025-07-24,Beauty,1292.84,WH-KOL,Metro
ORD111259,2025-04-24,Grocery,1054.51,WH-MUM,Metro
ORD111260,2025-08-24,Grocery,1873.96,WH-BLR,Metro
ORD111261,2025-11-30,Furniture,3049.56,WH-MUM,Tier-2
ORD111262,2025-08-17,Grocery,896.67,WH-MUM,Tier-2
ORD111263,2025-05-01,Fashion,2442.8,WH-BLR,Tier-2
ORD111264,2025-01-27,Fashion,701.46,WH-KOL,Remote
ORD111265,2025-02-27,Beauty,944.15,WH-DEL,Tier-3
ORD111266,2025-08-24,Books,550.47,WH-HYD,Tier-3
ORD111267,2025-10-09,Grocery,1522.67,WH-DEL,Metro
ORD111268,2025-01-21,Books,1431.93,WH-MUM,Tier-2
ORD111269,2025-03-19,Electronics,1839.45,WH-DEL,Metro
ORD111270,2025-05-15,Grocery,1714.45,WH-DEL,Tier-2
ORD111271,2025-05-15,Grocery,2388.75,WH-DEL,Metro
ORD111272,2025-12-21,Fashion,7100.43,WH-BLR,Tier-2
ORD111273,2025-03-27,Beauty,2407.54,WH-HYD,Tier-2
ORD111274,2025-01-27,Books,276.28,WH-MUM,Tier-2
ORD111275,2025-05-29,Beauty,1098.45,WH-MUM,Metro
ORD111276,2025-02-26,Furniture,1302.2,WH-DEL,Metro
ORD111277,2025-02-23,Fashion,377.02,WH-KOL,Metro
ORD111278,2025-06-21,Appliances,2602.03,WH-MUM,Tier-2
ORD111279,2025-05-09,Electronics,5601.94,WH-BLR,Metro
ORD111280,2025-02-08,Books,669.62,WH-KOL,Tier-3
ORD111281,2025-09-11,Electronics,3679.48,WH-KOL,Tier-2
ORD111282,2025-07-30,Books,3160.94,WH-BLR,Metro
ORD111283,2025-02-02,Appliances,1668.02,WH-HYD,Metro
ORD111284,2025-11-25,Electronics,2603.23,WH-KOL,Tier-2
ORD111285,2025-04-30,Electronics,726.62,WH-BLR,Tier-2
ORD111286,2025-12-21,Grocery,3363.38,WH-HYD,Metro
ORD111287,2025-12-14,Fashion,3687.94,WH-BLR,Metro
ORD111288,2025-07-02,Books,1961.91,WH-HYD,Remote
ORD111289,2025-04-07,Electronics,1710.22,WH-BLR,Tier-2
ORD111290,2025-11-18,Fashion,710.05,WH-DEL,Metro
ORD111291,2025-06-01,Fashion,2855.72,WH-HYD,Tier-3
ORD111292,2025-03-10,Electronics,1354.84,WH-BLR,Metro
ORD111293,2025-08-20,Fashion,1200.91,WH-HYD,Metro
ORD111294,2025-07-25,Books,2850.74,WH-BLR,Tier-3
ORD111295,2025-11-22,Appliances,1063.2,WH-BLR,Remote
ORD111296,2025-10-21,Beauty,761.75,WH-KOL,Tier-2
ORD111297,2025-11-29,Fashion,3197.76,WH-KOL,Tier-2
ORD111298,2025-10-23,Fashion,400.44,WH-HYD,Metro
ORD111299,2025-09-27,Electronics,2397.81,WH-KOL,Tier-2
ORD111300,2025-07-30,Grocery,500.25,WH-BLR,Tier-3
ORD111301,2025-12-28,Electronics,314.71,WH-DEL,Tier-3
ORD111302,2025-12-21,Electronics,2265.76,WH-KOL,Metro
ORD111303,2025-11-22,Furniture,1736.36,WH-KOL,Metro
ORD111304,2025-11-02,Electronics,807.81,WH-MUM,Tier-3
ORD111305,2025-08-31,Grocery,531.35,WH-MUM,Tier-2
ORD111306,2025-04-20,Grocery,1755.88,WH-DEL,Remote
ORD111307,2025-11-29,Appliances,921.05,WH-BLR,Metro
ORD111308,2025-01-05,Fashion,2521.98,WH-HYD,Remote
ORD111309,2025-04-06,Appliances,844.92,WH-MUM,Metro
ORD111310,2025-06-19,Fashion,953.22,WH-DEL,Metro
ORD111311,2025-09-04,Electronics,3252.3,WH-BLR,Tier-3
ORD111312,2025-08-24,Fashion,588.66,WH-HYD,Tier-2
ORD111313,2025-03-15,Electronics,418.01,WH-KOL,Metro
ORD111314,2025-02-14,Grocery,634.06,WH-DEL,Tier-2
ORD111315,2025-04-04,Appliances,1625.37,WH-KOL,Metro
ORD111316,2025-05-27,Books,6179.83,WH-MUM,Remote
ORD111317,2025-01-06,Fashion,1512.89,WH-MUM,Tier-3
ORD111318,2025-10-12,Electronics,666.84,WH-HYD,Tier-2
ORD111319,2025-04-15,Electronics,690.1,WH-BLR,Metro
ORD111320,2025-05-28,Beauty,1860.03,WH-MUM,Metro
ORD111321,2025-05-21,Fashion,334.77,WH-DEL,Tier-3
ORD111322,2025-08-04,Fashion,297.28,WH-BLR,Metro
ORD111323,2025-11-25,Electronics,1567.17,WH-KOL,Metro
ORD111324,2025-03-04,Books,2718.32,WH-MUM,Tier-2
ORD111325,2025-05-24,Fashion,2773.61,WH-MUM,Tier-3
ORD111326,2025-10-12,Electronics,1766.94,WH-MUM,Tier-2
ORD111327,2025-01-19,Grocery,3489.7,WH-MUM,Tier-2
ORD111328,2025-11-17,Appliances,1151.62,WH-DEL,Remote
ORD111329,2025-12-21,Grocery,989.38,WH-BLR,Metro
ORD111330,2025-09-13,Beauty,1285.37,WH-HYD,Metro
ORD111331,2025-12-20,Books,1696.42,WH-BLR,Metro
ORD111332,2025-06-23,Grocery,30111.84,WH-MUM,Tier-2
ORD111333,2025-06-24,Beauty,1144.26,WH-DEL,Tier-3
ORD111334,2025-02-14,Books,1545.84,WH-MUM,Tier-2
ORD111335,2025-01-15,Fashion,5377.08,WH-DEL,Tier-2
ORD111336,2025-04-13,Appliances,2087.01,WH-DEL,Tier-2
ORD111337,2025-07-20,Grocery,349.42,WH-MUM,Tier-2
ORD111338,2025-08-02,Grocery,5298.82,WH-DEL,Metro
ORD111339,2025-04-02,Grocery,1735.93,WH-KOL,Metro
ORD111340,2025-09-15,Books,138.33,WH-BLR,Metro
ORD111341,2025-03-18,Beauty,967.23,WH-DEL,Metro
ORD111342,2025-05-18,Fashion,752.71,WH-MUM,Metro
ORD111343,2025-03-24,Furniture,916.31,WH-HYD,Metro
ORD111344,2025-10-13,Furniture,1302.23,WH-BLR,Tier-2
ORD111345,2025-08-06,Books,2387.68,WH-BLR,Tier-2
ORD111346,2025-10-23,Fashion,3691.37,WH-MUM,Metro
ORD111347,2025-01-25,Electronics,3800.61,WH-DEL,Metro
ORD111348,2025-06-28,Fashion,4828.22,WH-BLR,Metro
ORD111349,2025-12-23,Electronics,1141.3,WH-HYD,Tier-2
ORD111350,2025-01-23,Electronics,251.75,WH-MUM,Tier-2
ORD111351,2025-06-25,Fashion,180.85,WH-KOL,Tier-2
ORD111352,2025-01-17,Electronics,2488.09,WH-KOL,Metro
ORD111353,2025-03-03,Books,1276.62,WH-HYD,Metro
ORD111354,2025-07-14,Fashion,4437.53,WH-HYD,Tier-3
ORD111355,2025-03-08,Fashion,1940.93,WH-DEL,Metro
ORD111356,2025-08-06,Appliances,329.17,WH-HYD,Metro
ORD111357,2025-12-11,Fashion,825.91,WH-BLR,Tier-2
ORD111358,2025-03-26,Appliances,1886.43,WH-HYD,Tier-2
ORD111359,2025-02-15,Books,549.62,WH-DEL,Tier-2
ORD111360,2025-11-16,Fashion,4465.41,WH-HYD,Tier-3
ORD111361,2025-07-13,Grocery,941.59,WH-MUM,Tier-2
ORD111362,2025-12-01,Fashion,1035.37,WH-DEL,Tier-3
ORD111363,2025-05-09,Fashion,371.12,WH-MUM,Metro
ORD111364,2025-09-21,Grocery,6837.94,WH-MUM,Tier-2
ORD111365,2025-12-11,Fashion,1145.52,WH-MUM,Metro
ORD111366,2025-03-14,Grocery,1689.96,WH-HYD,Tier-2
ORD111367,2025-11-09,Grocery,721.8,WH-BLR,Tier-2
ORD111368,2025-09-23,Electronics,976.77,WH-KOL,Tier-2
ORD111369,2025-11-12,Electronics,1713.07,WH-HYD,Tier-3
ORD111370,2025-03-13,Grocery,1894.95,WH-HYD,Tier-2
ORD111371,2025-07-02,Electronics,2123.71,WH-KOL,Tier-2
ORD111372,2025-02-24,Appliances,3007.53,WH-MUM,Tier-3
ORD111373,2025-12-21,Beauty,2332.21,WH-KOL,Tier-3
ORD111374,2025-01-27,Appliances,2072.17,WH-MUM,Metro
ORD111375,2025-01-28,Fashion,791.31,WH-BLR,Tier-2
ORD111376,2025-12-05,Fashion,1118.19,WH-BLR,Remote
ORD111377,2025-05-07,Furniture,501.69,WH-BLR,Metro
ORD111378,2025-09-08,Appliances,897.98,WH-BLR,Tier-2
ORD111379,2025-05-01,Beauty,1884.71,WH-MUM,Metro
ORD111380,2025-09-30,Grocery,1846.2,WH-KOL,Tier-3
ORD111381,2025-03-22,Fashion,2275.89,WH-MUM,Tier-3
ORD111382,2025-07-12,Fashion,4345.93,WH-KOL,Remote
ORD111383,2025-08-13,Beauty,468.41,WH-HYD,Tier-2
ORD111384,2025-05-21,Furniture,300.8,WH-HYD,Tier-2
ORD111385,2025-04-16,Books,1085.31,WH-HYD,Tier-2
ORD111386,2025-02-28,Appliances,4357.84,WH-KOL,Tier-3
ORD111387,2025-10-15,Beauty,4245.23,WH-BLR,Tier-3
ORD111388,2025-03-12,Grocery,1570.06,WH-MUM,Metro
ORD111389,2025-05-03,Beauty,1066.19,WH-MUM,Metro
ORD111390,2025-05-22,Books,1651.18,WH-MUM,Tier-2
ORD111391,2025-07-10,Books,3282.25,WH-MUM,Metro
ORD111392,2025-10-14,Beauty,718.09,WH-MUM,Tier-2
ORD111393,2025-06-29,Grocery,848.29,WH-KOL,Tier-3
ORD111394,2025-11-28,Appliances,1445.86,WH-MUM,Metro
ORD111395,2025-10-08,Grocery,3279.72,WH-KOL,Metro
ORD111396,2025-11-19,Appliances,2613.0,WH-BLR,Tier-3
ORD111397,2025-10-18,Appliances,276.96,WH-DEL,Tier-2
ORD111398,2025-03-04,Appliances,2617.95,WH-MUM,Tier-3
ORD111399,2025-12-26,Fashion,1324.1,WH-KOL,Metro
ORD111400,2025-11-05,Books,2228.84,WH-DEL,Metro
ORD111401,2025-08-29,Books,1127.23,WH-BLR,Metro
ORD111402,2025-03-11,Furniture,1997.14,WH-KOL,Tier-2
ORD111403,2025-03-14,Grocery,1390.26,WH-MUM,Tier-3
ORD111404,2025-09-16,Books,866.62,WH-KOL,Tier-2
ORD111405,2025-06-24,Appliances,730.06,WH-BLR,Metro
ORD111406,2025-10-07,Grocery,1149.21,WH-BLR,Metro
ORD111407,2025-06-06,Grocery,475.51,WH-MUM,Tier-3
ORD111408,2025-08-04,Appliances,939.96,WH-DEL,Metro
ORD111409,2025-03-20,Appliances,1035.58,WH-HYD,Metro
ORD111410,2025-03-07,Fashion,3069.25,WH-DEL,Tier-2
ORD111411,2025-02-01,Fashion,2277.15,WH-BLR,Metro
ORD111412,2025-11-14,Books,6702.63,WH-MUM,Tier-2
ORD111413,2025-08-22,Beauty,349.96,WH-MUM,Metro
ORD111414,2025-12-18,Fashion,1090.83,WH-MUM,Metro
ORD111415,2025-10-27,Beauty,3591.33,WH-MUM,Metro
ORD111416,2025-11-01,Grocery,1668.32,WH-MUM,Tier-2
ORD111417,2025-08-02,Electronics,1125.04,WH-DEL,Metro
ORD111418,2025-11-13,Appliances,635.26,WH-DEL,Remote
ORD111419,2025-12-16,Electronics,2334.21,WH-BLR,Metro
ORD111420,2025-10-19,Electronics,1554.92,WH-KOL,Tier-3
ORD111421,2025-02-14,Beauty,1022.05,WH-HYD,Metro
ORD111422,2025-10-01,Grocery,3001.28,WH-HYD,Metro
ORD111423,2025-02-20,Fashion,8028.26,WH-HYD,Tier-2
ORD111424,2025-02-02,Grocery,658.02,WH-DEL,Tier-3
ORD111425,2025-10-12,Grocery,2135.75,WH-KOL,Metro
ORD111426,2025-11-18,Furniture,1496.43,WH-MUM,Metro
ORD111427,2025-03-08,Fashion,2252.08,WH-MUM,Tier-3
ORD111428,2025-02-01,Fashion,3852.29,WH-HYD,Metro
ORD111429,2025-12-02,Grocery,4178.59,WH-HYD,Tier-3
ORD111430,2025-02-25,Furniture,898.98,WH-MUM,Metro
ORD111431,2025-01-15,Beauty,355.38,WH-HYD,Tier-3
ORD111432,2025-10-19,Fashion,1242.78,WH-DEL,Tier-2
ORD111433,2025-11-22,Books,1248.81,WH-MUM,Metro
ORD111434,2025-08-05,Beauty,148.1,WH-KOL,Metro
ORD111435,2025-08-15,Fashion,3012.42,WH-DEL,Tier-3
ORD111436,2025-05-22,Electronics,880.03,WH-HYD,Metro
ORD111437,2025-04-11,Furniture,1285.22,WH-HYD,Metro
ORD111438,2025-10-28,Beauty,848.4,WH-BLR,Metro
ORD111439,2025-11-22,Electronics,1134.55,WH-KOL,Metro
ORD111440,2025-05-15,Electronics,3718.26,WH-BLR,Tier-2
ORD111441,2025-04-26,Furniture,1432.9,WH-HYD,Tier-2
ORD111442,2025-04-23,Books,7311.56,WH-HYD,Tier-3
ORD111443,2025-01-22,Electronics,2215.57,WH-HYD,Metro
ORD111444,2025-04-29,Fashion,2347.53,WH-KOL,Tier-3
ORD111445,2025-01-11,Fashion,1137.55,WH-DEL,Remote
ORD111446,2025-11-06,Beauty,1276.64,WH-MUM,Metro
ORD111447,2025-04-18,Appliances,3059.37,WH-DEL,Tier-3
ORD111448,2025-10-11,Grocery,3462.55,WH-DEL,Metro
ORD111449,2025-08-17,Books,1657.62,WH-MUM,Tier-2
ORD111450,2025-11-19,Grocery,2091.1,WH-MUM,Metro
ORD111451,2025-12-21,Beauty,1197.5,WH-MUM,Metro
ORD111452,2025-06-04,Fashion,1597.18,WH-KOL,Metro
ORD111453,2025-02-07,Electronics,1436.23,WH-DEL,Metro
ORD111454,2025-10-27,Fashion,1382.43,WH-KOL,Metro
ORD111455,2025-01-09,Fashion,2985.31,WH-MUM,Remote
ORD111456,2025-04-04,Books,1286.84,WH-KOL,Tier-3
ORD111457,2025-01-23,Grocery,809.76,WH-HYD,Tier-2
ORD111458,2025-12-05,Fashion,1079.75,WH-MUM,Metro
ORD111459,2025-01-03,Appliances,1065.26,WH-MUM,Remote
ORD111460,2025-07-27,Grocery,1906.02,WH-KOL,Remote
ORD111461,2025-06-28,Grocery,857.06,WH-KOL,Tier-3
ORD111462,2025-10-01,Electronics,3295.55,WH-MUM,Tier-2
ORD111463,2025-05-02,Beauty,1079.8,WH-HYD,Metro
ORD111464,2025-11-28,Furniture,4700.04,WH-KOL,Tier-3
ORD111465,2025-10-23,Books,1367.6,WH-MUM,Tier-2
ORD111466,2025-07-01,Appliances,2043.99,WH-DEL,Tier-2
ORD111467,2025-05-31,Grocery,2965.99,WH-HYD,Metro
ORD111468,2025-11-13,Electronics,3564.85,WH-BLR,Metro
ORD111469,2025-10-29,Furniture,2212.04,WH-HYD,Remote
ORD111470,2025-06-17,Electronics,10908.88,WH-BLR,Tier-2
ORD111471,2025-05-24,Beauty,1343.13,WH-MUM,Tier-2
ORD111472,2025-01-17,Fashion,400.51,WH-MUM,Metro
ORD111473,2025-02-04,Fashion,1302.76,WH-HYD,Tier-2
ORD111474,2025-01-23,Grocery,2529.57,WH-BLR,Metro
ORD111475,2025-01-11,Grocery,1927.35,WH-MUM,Tier-3
ORD111476,2025-03-06,Furniture,593.14,WH-MUM,Tier-2
ORD111477,2025-11-24,Books,1022.09,WH-BLR,Metro
ORD111478,2025-11-08,Appliances,700.82,WH-HYD,Metro
ORD111479,2025-11-21,Beauty,787.4,WH-BLR,Metro
ORD111480,2025-09-20,Grocery,1242.92,WH-BLR,Metro
ORD111481,2025-09-20,Grocery,1945.61,WH-BLR,Tier-3
ORD111482,2025-02-22,Books,747.63,WH-DEL,Tier-3
ORD111483,2025-10-13,Fashion,806.32,WH-MUM,Metro
ORD111484,2025-04-28,Fashion,2365.16,WH-DEL,Tier-2
ORD111485,2025-08-07,Electronics,675.11,WH-HYD,Remote
ORD111486,2025-12-20,Appliances,651.21,WH-BLR,Metro
ORD111487,2025-11-28,Appliances,7775.17,WH-BLR,Tier-2
ORD111488,2025-04-08,Fashion,878.82,WH-MUM,Metro
ORD111489,2025-10-23,Electronics,310.96,WH-KOL,Tier-2
ORD111490,2025-02-13,Electronics,496.76,WH-BLR,Metro
ORD111491,2025-01-12,Grocery,271.92,WH-HYD,Metro
ORD111492,2025-01-12,Electronics,5012.09,WH-KOL,Metro
ORD111493,2025-03-13,Books,1264.17,WH-BLR,Tier-2
ORD111494,2025-10-12,Beauty,582.42,WH-MUM,Metro
ORD111495,2025-06-02,Appliances,2098.34,WH-HYD,Tier-3
ORD111496,2025-01-07,Books,5270.2,WH-KOL,Tier-2
ORD111497,2025-12-28,Beauty,1168.12,WH-MUM,Metro
ORD111498,2025-08-13,Appliances,4946.33,WH-DEL,Tier-2
ORD111499,2025-06-15,Grocery,1023.55,WH-HYD,Metro
ORD111500,2025-08-07,Books,522.55,WH-MUM,Metro
ORD111501,2025-08-07,Grocery,5698.47,WH-DEL,Metro
ORD111502,2025-07-17,Fashion,752.2,WH-DEL,Tier-3
ORD111503,2025-09-15,Electronics,852.06,WH-KOL,Tier-2
ORD111504,2025-12-01,Furniture,3075.62,WH-DEL,Metro
ORD111505,2025-05-07,Books,1378.01,WH-DEL,Tier-2
ORD111506,2025-07-24,Appliances,1226.27,WH-DEL,Metro
ORD111507,2025-01-02,Fashion,1092.68,WH-BLR,Tier-3
ORD111508,2025-11-25,Furniture,786.12,WH-DEL,Remote
ORD111509,2025-05-09,Books,1548.0,WH-BLR,Metro
ORD111510,2025-04-24,Appliances,1978.17,WH-DEL,Metro
ORD111511,2025-12-31,Grocery,1120.35,WH-DEL,Tier-3
ORD111512,2025-09-03,Fashion,2107.52,WH-HYD,Tier-2
ORD111513,2025-02-21,Fashion,1862.72,WH-HYD,Tier-3
ORD111514,2025-04-22,Beauty,1826.0,WH-MUM,Tier-2
ORD111515,2025-05-29,Electronics,1067.11,WH-DEL,Metro
ORD111516,2025-12-28,Books,995.1,WH-MUM,Tier-3
ORD111517,2025-06-30,Electronics,1801.6,WH-MUM,Metro
ORD111518,2025-04-07,Beauty,513.02,WH-BLR,Metro
ORD111519,2025-08-28,Fashion,13625.68,WH-BLR,Remote
ORD111520,2025-06-20,Appliances,179.1,WH-HYD,Tier-2
ORD111521,2025-01-24,Appliances,855.17,WH-KOL,Metro
ORD111522,2025-11-25,Appliances,2020.93,WH-MUM,Metro
ORD111523,2025-01-07,Books,2401.72,WH-BLR,Metro
ORD111524,2025-12-05,Electronics,681.48,WH-BLR,Tier-2
ORD111525,2025-11-07,Fashion,796.15,WH-BLR,Tier-3
ORD111526,2025-02-01,Fashion,1393.98,WH-KOL,Tier-2
ORD111527,2025-10-20,Appliances,451.92,WH-MUM,Tier-3
ORD111528,2025-11-01,Appliances,511.93,WH-KOL,Tier-2
ORD111529,2025-09-11,Fashion,2700.82,WH-MUM,Metro
ORD111530,2025-08-31,Books,2575.21,WH-DEL,Tier-2
ORD111531,2025-01-21,Fashion,1352.01,WH-DEL,Metro
ORD111532,2025-01-26,Fashion,2479.59,WH-BLR,Metro
ORD111533,2025-10-21,Fashion,1443.17,WH-DEL,Metro
ORD111534,2025-02-14,Appliances,721.1,WH-HYD,Tier-3
ORD111535,2025-04-12,Electronics,530.19,WH-BLR,Metro
ORD111536,2025-07-29,Beauty,2207.55,WH-BLR,Tier-2
ORD111537,2025-03-10,Appliances,780.83,WH-DEL,Tier-3
ORD111538,2025-11-06,Grocery,2558.51,WH-KOL,Tier-2
ORD111539,2025-11-11,Fashion,1048.99,WH-KOL,Metro
ORD111540,2025-11-20,Books,3787.27,WH-BLR,Tier-2
ORD111541,2025-01-21,Books,623.14,WH-HYD,Tier-3
ORD111542,2025-06-29,Grocery,538.49,WH-HYD,Tier-2
ORD111543,2025-11-21,Fashion,1579.51,WH-KOL,Metro
ORD111544,2025-06-02,Fashion,1013.83,WH-BLR,Tier-2
ORD111545,2025-10-13,Fashion,1507.36,WH-KOL,Tier-2
ORD111546,2025-09-05,Fashion,1263.37,WH-HYD,Tier-2
ORD111547,2025-05-26,Appliances,886.88,WH-DEL,Metro
ORD111548,2025-04-27,Fashion,1080.53,WH-BLR,Remote
ORD111549,2025-10-01,Books,232.36,WH-MUM,Remote
ORD111550,2025-02-26,Grocery,4411.49,WH-MUM,Metro
ORD111551,2025-11-25,Furniture,801.71,WH-HYD,Metro
ORD111552,2025-08-31,Beauty,1897.78,WH-HYD,Metro
ORD111553,2025-02-16,Fashion,253.6,WH-KOL,Tier-2
ORD111554,2025-10-15,Electronics,658.7,WH-MUM,Metro
ORD111555,2025-07-01,Grocery,1635.83,WH-KOL,Tier-2
ORD111556,2025-03-27,Grocery,5682.09,WH-KOL,Remote
ORD111557,2025-12-21,Books,1906.8,WH-BLR,Metro
ORD111558,2025-10-19,Books,2078.16,WH-BLR,Metro
ORD111559,2025-09-07,Appliances,898.79,WH-HYD,Metro
ORD111560,2025-11-22,Beauty,1316.23,WH-DEL,Metro
ORD111561,2025-08-17,Fashion,1134.76,WH-BLR,Tier-3
ORD111562,2025-07-05,Fashion,1699.14,WH-HYD,Metro
ORD111563,2025-03-21,Fashion,3584.14,WH-MUM,Tier-2
ORD111564,2025-03-06,Furniture,1003.34,WH-DEL,Metro
ORD111565,2025-07-01,Fashion,1356.01,WH-KOL,Metro
ORD111566,2025-07-11,Electronics,969.19,WH-BLR,Metro
ORD111567,2025-10-22,Beauty,1079.04,WH-BLR,Tier-3
ORD111568,2025-07-05,Fashion,3289.98,WH-DEL,Tier-3
ORD111569,2025-09-07,Fashion,1900.58,WH-HYD,Metro
ORD111570,2025-11-18,Fashion,1713.77,WH-MUM,Tier-2
ORD111571,2025-12-30,Electronics,1201.02,WH-MUM,Tier-2
ORD111572,2025-05-16,Electronics,666.03,WH-DEL,Metro
ORD111573,2025-12-06,Fashion,2319.63,WH-HYD,Metro
ORD111574,2025-11-11,Fashion,2600.91,WH-DEL,Metro
ORD111575,2025-01-29,Books,2691.12,WH-MUM,Tier-3
ORD111576,2025-05-21,Fashion,1313.89,WH-MUM,Tier-2
ORD111577,2025-04-03,Appliances,713.98,WH-MUM,Tier-3
ORD111578,2025-10-04,Appliances,2221.22,WH-BLR,Remote
ORD111579,2025-08-22,Books,3157.18,WH-BLR,Tier-2
ORD111580,2025-07-27,Beauty,2604.26,WH-HYD,Tier-2
ORD111581,2025-10-30,Grocery,712.92,WH-HYD,Remote
ORD111582,2025-05-21,Electronics,1799.11,WH-MUM,Metro
ORD111583,2025-06-10,Electronics,280.71,WH-HYD,Metro
ORD111584,2025-11-26,Electronics,3888.3,WH-DEL,Tier-2
ORD111585,2025-12-24,Books,1526.61,WH-DEL,Tier-2
ORD111586,2025-11-03,Grocery,1562.18,WH-KOL,Remote
ORD111587,2025-04-02,Electronics,4598.59,WH-MUM,Tier-2
ORD111588,2025-02-17,Electronics,833.36,WH-DEL,Tier-2
ORD111589,2025-03-29,Books,1469.4,WH-MUM,Tier-2
ORD111590,2025-06-27,Grocery,671.84,WH-KOL,Tier-2
ORD111591,2025-04-10,Electronics,404.33,WH-MUM,Tier-3
ORD111592,2025-12-06,Books,1674.16,WH-DEL,Tier-2
ORD111593,2025-10-06,Appliances,1613.91,WH-BLR,Tier-3
ORD111594,2025-06-25,Grocery,244.96,WH-MUM,Metro
ORD111595,2025-04-26,Grocery,2400.42,WH-MUM,Tier-3
ORD111596,2025-06-09,Furniture,1295.04,WH-HYD,Remote
ORD111597,2025-07-20,Fashion,2445.07,WH-MUM,Remote
ORD111598,2025-10-17,Beauty,1616.6,WH-MUM,Remote
ORD111599,2025-02-07,Books,3092.03,WH-BLR,Tier-2
ORD111600,2025-11-22,Furniture,3389.0,WH-MUM,Tier-2
ORD111601,2025-02-23,Appliances,1570.91,WH-MUM,Metro
ORD111602,2025-04-21,Beauty,2802.56,WH-DEL,Metro
ORD111603,2025-12-30,Electronics,2713.24,WH-MUM,Tier-3
ORD111604,2025-03-21,Electronics,520.39,WH-KOL,Metro
ORD111605,2025-02-12,Books,661.01,WH-DEL,Tier-2
ORD111606,2025-09-26,Fashion,596.96,WH-BLR,Tier-2
ORD111607,2025-06-15,Appliances,2278.03,WH-HYD,Tier-2
ORD111608,2025-02-08,Grocery,760.58,WH-BLR,Metro
ORD111609,2025-01-02,Fashion,263.52,WH-HYD,Tier-3
ORD111610,2025-02-03,Fashion,597.6,WH-MUM,Metro
ORD111611,2025-08-08,Appliances,986.28,WH-BLR,Tier-3
ORD111612,2025-04-08,Electronics,1934.73,WH-KOL,Metro
ORD111613,2025-11-03,Electronics,3767.7,WH-MUM,Tier-3
ORD111614,2025-11-24,Fashion,2869.53,WH-HYD,Tier-3
ORD111615,2025-03-02,Electronics,1544.57,WH-MUM,Remote
ORD111616,2025-05-22,Furniture,691.22,WH-MUM,Metro
ORD111617,2025-03-03,Beauty,269.47,WH-MUM,Tier-3
ORD111618,2025-05-01,Appliances,907.21,WH-MUM,Metro
ORD111619,2025-04-11,Furniture,1065.14,WH-HYD,Metro
ORD111620,2025-11-06,Fashion,1451.04,WH-BLR,Metro
ORD111621,2025-05-26,Beauty,2740.39,WH-MUM,Tier-3
ORD111622,2025-07-28,Books,2291.74,WH-MUM,Remote
ORD111623,2025-10-07,Books,1443.41,WH-DEL,Tier-2
ORD111624,2025-11-15,Fashion,973.79,WH-BLR,Metro
ORD111625,2025-05-07,Electronics,396.09,WH-MUM,Metro
ORD111626,2025-03-29,Electronics,705.98,WH-DEL,Metro
ORD111627,2025-12-26,Fashion,619.03,WH-HYD,Metro
ORD111628,2025-05-15,Electronics,10658.38,WH-KOL,Tier-3
ORD111629,2025-10-06,Books,6606.99,WH-MUM,Metro
ORD111630,2025-10-08,Electronics,489.28,WH-MUM,Tier-2
ORD111631,2025-08-04,Fashion,1833.94,WH-MUM,Tier-2
ORD111632,2025-04-06,Books,454.51,WH-DEL,Metro
ORD111633,2025-03-01,Beauty,1601.85,WH-MUM,Metro
ORD111634,2025-07-24,Fashion,904.63,WH-BLR,Metro
ORD111635,2025-08-03,Fashion,1195.69,WH-DEL,Tier-2
ORD111636,2025-11-02,Books,3106.29,WH-BLR,Tier-2
ORD111637,2025-10-16,Beauty,1804.34,WH-BLR,Tier-3
ORD111638,2025-12-08,Furniture,2686.36,WH-KOL,Metro
ORD111639,2025-12-24,Fashion,2002.33,WH-KOL,Metro
ORD111640,2025-10-21,Furniture,745.54,WH-DEL,Tier-2
ORD111641,2025-02-02,Books,469.24,WH-BLR,Tier-3
ORD111642,2025-06-20,Electronics,1054.06,WH-MUM,Tier-2
ORD111643,2025-09-13,Fashion,1052.49,WH-MUM,Remote
ORD111644,2025-09-05,Books,881.67,WH-HYD,Metro
ORD111645,2025-03-18,Appliances,762.34,WH-HYD,Tier-3
ORD111646,2025-09-02,Electronics,1412.7,WH-MUM,Tier-2
ORD111647,2025-05-27,Appliances,3854.54,WH-MUM,Metro
ORD111648,2025-05-23,Furniture,249.64,WH-BLR,Metro
ORD111649,2025-11-18,Fashion,495.59,WH-HYD,Metro
ORD111650,2025-06-27,Fashion,1650.92,WH-MUM,Metro
ORD111651,2025-08-10,Fashion,303.1,WH-DEL,Metro
ORD111652,2025-08-25,Beauty,422.13,WH-DEL,Tier-3
ORD111653,2025-08-25,Electronics,7277.0,WH-BLR,Metro
ORD111654,2025-03-31,Books,2100.39,WH-KOL,Tier-3
ORD111655,2025-09-09,Grocery,11333.51,WH-HYD,Tier-2
ORD111656,2025-05-21,Books,341.59,WH-DEL,Metro
ORD111657,2025-10-02,Beauty,7100.45,WH-BLR,Tier-2
ORD111658,2025-03-03,Beauty,469.1,WH-BLR,Metro
ORD111659,2025-12-30,Books,2741.43,WH-BLR,Metro
ORD111660,2025-11-02,Fashion,234.78,WH-MUM,Tier-2
ORD111661,2025-06-25,Fashion,1689.88,WH-MUM,Metro
ORD111662,2025-05-07,Fashion,1787.82,WH-HYD,Metro
ORD111663,2025-06-12,Furniture,935.68,WH-MUM,Tier-2
ORD111664,2025-10-19,Fashion,439.68,WH-MUM,Tier-2
ORD111665,2025-10-02,Fashion,1070.09,WH-KOL,Tier-3
ORD111666,2025-10-14,Electronics,1622.85,WH-DEL,Tier-2
ORD111667,2025-12-02,Appliances,533.26,WH-MUM,Tier-2
ORD111668,2025-07-11,Electronics,1135.29,WH-KOL,Tier-2
ORD111669,2025-10-06,Fashion,1273.08,WH-MUM,Remote
ORD111670,2025-07-05,Grocery,1922.68,WH-DEL,Metro
ORD111671,2025-09-26,Grocery,374.67,WH-MUM,Tier-2
ORD111672,2025-07-19,Books,832.18,WH-DEL,Metro
ORD111673,2025-11-03,Furniture,1542.06,WH-HYD,Metro
ORD111674,2025-01-03,Books,974.55,WH-DEL,Tier-3
ORD111675,2025-04-01,Fashion,556.29,WH-MUM,Metro
ORD111676,2025-05-05,Electronics,2831.75,WH-KOL,Metro
ORD111677,2025-12-17,Appliances,2907.4,WH-DEL,Tier-2
ORD111678,2025-08-02,Electronics,2447.1,WH-HYD,Tier-2
ORD111679,2025-06-03,Books,999.38,WH-BLR,Remote
ORD111680,2025-06-19,Beauty,1136.03,WH-DEL,Remote
ORD111681,2025-07-09,Fashion,3636.54,WH-KOL,Metro
ORD111682,2025-11-27,Appliances,2543.57,WH-DEL,Tier-3
ORD111683,2025-12-22,Fashion,3682.09,WH-BLR,Tier-2
ORD111684,2025-11-21,Fashion,1432.34,WH-DEL,Tier-2
ORD111685,2025-11-20,Fashion,2180.95,WH-BLR,Metro
ORD111686,2025-03-25,Furniture,2278.56,WH-MUM,Tier-3
ORD111687,2025-04-23,Beauty,4248.02,WH-BLR,Tier-2
ORD111688,2025-09-08,Fashion,216.26,WH-MUM,Remote
ORD111689,2025-10-02,Appliances,1477.72,WH-BLR,Tier-3
ORD111690,2025-03-27,Fashion,2871.65,WH-DEL,Tier-2
ORD111691,2025-10-26,Fashion,3433.74,WH-HYD,Tier-3
ORD111692,2025-03-26,Furniture,932.47,WH-MUM,Metro
ORD111693,2025-04-21,Appliances,1829.65,WH-DEL,Tier-3
ORD111694,2025-05-09,Appliances,2412.38,WH-MUM,Metro
ORD111695,2025-11-21,Beauty,3654.02,WH-KOL,Metro
ORD111696,2025-10-22,Electronics,1780.46,WH-HYD,Tier-3
ORD111697,2025-08-11,Grocery,1645.53,WH-KOL,Metro
ORD111698,2025-11-14,Fashion,1078.59,WH-HYD,Tier-3
ORD111699,2025-11-12,Books,3284.89,WH-DEL,Metro
ORD111700,2025-06-13,Electronics,3622.44,WH-BLR,Tier-2
ORD111701,2025-11-04,Electronics,3086.7,WH-HYD,Tier-2
ORD111702,2025-03-28,Appliances,2424.8,WH-HYD,Metro
ORD111703,2025-07-31,Fashion,1629.55,WH-MUM,Tier-3
ORD111704,2025-02-19,Appliances,837.19,WH-MUM,Metro
ORD111705,2025-06-29,Beauty,740.8,WH-DEL,Tier-3
ORD111706,2025-08-07,Grocery,3052.95,WH-MUM,Remote
ORD111707,2025-02-03,Grocery,3314.53,WH-KOL,Tier-2
ORD111708,2025-07-14,Beauty,1630.14,WH-BLR,Remote
ORD111709,2025-10-01,Appliances,1629.02,WH-BLR,Tier-2
ORD111710,2025-09-16,Electronics,1588.64,WH-BLR,Remote
ORD111711,2025-01-23,Books,3494.14,WH-DEL,Tier-3
ORD111712,2025-02-10,Grocery,2453.37,WH-HYD,Tier-2
ORD111713,2025-05-28,Books,949.08,WH-DEL,Remote
ORD111714,2025-11-20,Grocery,2012.63,WH-BLR,Tier-2
ORD111715,2025-11-27,Fashion,377.51,WH-KOL,Tier-2
ORD111716,2025-05-11,Books,817.3,WH-MUM,Tier-3
ORD111717,2025-10-19,Electronics,330.54,WH-BLR,Tier-2
ORD111718,2025-08-31,Books,674.93,WH-BLR,Metro
ORD111719,2025-12-27,Books,726.98,WH-MUM,Metro
ORD111720,2025-02-09,Beauty,253.05,WH-DEL,Tier-2
ORD111721,2025-08-19,Electronics,3421.76,WH-DEL,Metro
ORD111722,2025-09-06,Fashion,891.58,WH-BLR,Tier-2
ORD111723,2025-05-10,Electronics,1034.41,WH-HYD,Metro
ORD111724,2025-01-20,Fashion,672.64,WH-MUM,Metro
ORD111725,2025-01-22,Fashion,2105.76,WH-MUM,Tier-3
ORD111726,2025-07-10,Grocery,4042.51,WH-DEL,Metro
ORD111727,2025-10-12,Fashion,2034.8,WH-DEL,Tier-3
ORD111728,2025-10-14,Beauty,1769.42,WH-KOL,Tier-2
ORD111729,2025-03-18,Fashion,276.01,WH-MUM,Remote
ORD111730,2025-11-24,Fashion,1235.09,WH-BLR,Tier-3
ORD111731,2025-06-08,Appliances,2247.99,WH-KOL,Tier-2
ORD111732,2025-12-22,Fashion,3495.9,WH-MUM,Metro
ORD111733,2025-02-19,Appliances,2175.96,WH-DEL,Tier-3
ORD111734,2025-11-19,Appliances,7117.35,WH-BLR,Tier-3
ORD111735,2025-12-07,Appliances,747.91,WH-MUM,Metro
ORD111736,2025-11-15,Furniture,747.93,WH-KOL,Remote
ORD111737,2025-11-11,Books,1820.16,WH-KOL,Tier-2
ORD111738,2025-06-01,Beauty,3722.55,WH-KOL,Metro
ORD111739,2025-10-17,Electronics,4234.76,WH-HYD,Metro
ORD111740,2025-09-01,Grocery,262.88,WH-DEL,Tier-3
ORD111741,2025-06-28,Books,1463.15,WH-DEL,Tier-2
ORD111742,2025-12-30,Electronics,2869.79,WH-BLR,Tier-3
ORD111743,2025-05-03,Grocery,2806.52,WH-HYD,Tier-2
ORD111744,2025-06-23,Furniture,2104.61,WH-HYD,Metro
ORD111745,2025-12-06,Electronics,1251.15,WH-DEL,Metro
ORD111746,2025-05-02,Fashion,118.13,WH-MUM,Tier-3
ORD111747,2025-03-06,Books,6939.65,WH-MUM,Metro
ORD111748,2025-05-11,Electronics,2185.63,WH-HYD,Remote
ORD111749,2025-10-29,Electronics,661.55,WH-KOL,Metro
ORD111750,2025-11-25,Books,1033.71,WH-MUM,Remote
ORD111751,2025-02-18,Books,1649.96,WH-BLR,Metro
ORD111752,2025-09-19,Grocery,1958.93,WH-KOL,Tier-2
ORD111753,2025-08-27,Fashion,440.62,WH-DEL,Metro
ORD111754,2025-10-06,Electronics,606.23,WH-DEL,Metro
ORD111755,2025-10-06,Books,1998.62,WH-KOL,Tier-3
ORD111756,2025-12-21,Fashion,844.18,WH-DEL,Metro
ORD111757,2025-05-26,Beauty,322.82,WH-DEL,Tier-3
ORD111758,2025-05-06,Appliances,711.14,WH-DEL,Tier-2
ORD111759,2025-09-02,Electronics,1326.31,WH-MUM,Tier-3
ORD111760,2025-06-30,Furniture,360.97,WH-MUM,Metro
ORD111761,2025-07-19,Beauty,4954.0,WH-MUM,Remote
ORD111762,2025-01-30,Books,3465.16,WH-HYD,Tier-3
ORD111763,2025-03-04,Furniture,2788.25,WH-MUM,Remote
ORD111764,2025-12-15,Electronics,1440.4,WH-KOL,Metro
ORD111765,2025-01-29,Appliances,498.41,WH-MUM,Metro
ORD111766,2025-09-05,Furniture,684.45,WH-DEL,Tier-3
ORD111767,2025-10-28,Grocery,3860.26,WH-BLR,Tier-2
ORD111768,2025-01-05,Fashion,709.88,WH-MUM,Metro
ORD111769,2025-04-04,Beauty,1304.95,WH-MUM,Tier-2
ORD111770,2025-06-08,Grocery,1062.46,WH-HYD,Tier-2
ORD111771,2025-08-01,Fashion,1181.68,WH-BLR,Tier-2
ORD111772,2025-05-24,Fashion,1211.13,WH-MUM,Tier-2
ORD111773,2025-09-30,Fashion,1106.6,WH-HYD,Tier-2
ORD111774,2025-04-06,Grocery,933.38,WH-DEL,Metro
ORD111775,2025-01-11,Fashion,1037.53,WH-HYD,Tier-2
ORD111776,2025-01-01,Grocery,1133.47,WH-HYD,Metro
ORD111777,2025-05-26,Electronics,629.22,WH-DEL,Metro
ORD111778,2025-06-01,Fashion,436.76,WH-MUM,Tier-2
ORD111779,2025-12-18,Electronics,996.01,WH-MUM,Remote
ORD111780,2025-01-19,Fashion,664.98,WH-BLR,Metro
ORD111781,2025-08-11,Fashion,1270.54,WH-BLR,Remote
ORD111782,2025-08-31,Fashion,570.47,WH-DEL,Tier-2
ORD111783,2025-10-14,Appliances,294.73,WH-KOL,Remote
ORD111784,2025-09-26,Grocery,4288.49,WH-DEL,Metro
ORD111785,2025-01-04,Appliances,807.5,WH-MUM,Tier-2
ORD111786,2025-09-23,Electronics,226.1,WH-HYD,Tier-2
ORD111787,2025-05-16,Fashion,2427.53,WH-MUM,Remote
ORD111788,2025-11-02,Electronics,903.6,WH-MUM,Metro
ORD111789,2025-03-21,Grocery,1268.44,WH-BLR,Metro
ORD111790,2025-10-18,Furniture,1471.07,WH-HYD,Tier-3
ORD111791,2025-09-20,Books,2796.54,WH-DEL,Metro
ORD111792,2025-10-01,Grocery,1589.8,WH-DEL,Remote
ORD111793,2025-03-15,Fashion,406.04,WH-HYD,Metro
ORD111794,2025-10-06,Fashion,478.16,WH-DEL,Metro
ORD111795,2025-10-23,Beauty,394.52,WH-MUM,Metro
ORD111796,2025-07-25,Electronics,836.36,WH-DEL,Tier-3
ORD111797,2025-05-24,Electronics,1700.32,WH-BLR,Tier-2
ORD111798,2025-03-11,Electronics,650.16,WH-MUM,Remote
ORD111799,2025-05-02,Beauty,723.85,WH-DEL,Tier-2
ORD111800,2025-10-30,Beauty,700.21,WH-BLR,Tier-2
ORD111801,2025-06-22,Fashion,780.5,WH-HYD,Tier-2
ORD111802,2025-10-14,Electronics,2147.79,WH-BLR,Tier-2
ORD111803,2025-10-24,Appliances,992.49,WH-MUM,Tier-2
ORD111804,2025-10-07,Fashion,3038.27,WH-MUM,Remote
ORD111805,2025-10-07,Electronics,820.03,WH-DEL,Remote
ORD111806,2025-09-14,Grocery,1287.05,WH-BLR,Metro
ORD111807,2025-08-06,Fashion,1077.94,WH-HYD,Tier-2
ORD111808,2025-03-25,Fashion,1586.81,WH-MUM,Tier-2
ORD111809,2025-11-20,Furniture,1935.85,WH-MUM,Tier-3
ORD111810,2025-12-22,Appliances,1292.08,WH-BLR,Metro
ORD111811,2025-07-16,Grocery,10934.65,WH-KOL,Remote
ORD111812,2025-12-14,Electronics,4306.03,WH-MUM,Tier-2
ORD111813,2025-12-31,Electronics,825.88,WH-MUM,Metro
ORD111814,2025-07-24,Books,3753.63,WH-BLR,Tier-3
ORD111815,2025-10-20,Electronics,3441.87,WH-DEL,Tier-2
ORD111816,2025-09-28,Fashion,456.83,WH-MUM,Remote
ORD111817,2025-04-10,Electronics,240.92,WH-BLR,Metro
ORD111818,2025-01-20,Fashion,1555.68,WH-HYD,Metro
ORD111819,2025-07-10,Grocery,1178.09,WH-KOL,Remote
ORD111820,2025-11-06,Fashion,180.38,WH-MUM,Tier-2
ORD111821,2025-05-17,Furniture,1452.56,WH-MUM,Metro
ORD111822,2025-11-05,Fashion,1361.51,WH-MUM,Tier-3
ORD111823,2025-10-02,Books,806.01,WH-KOL,Remote
ORD111824,2025-10-13,Furniture,4636.22,WH-DEL,Remote
ORD111825,2025-05-01,Fashion,1096.88,WH-BLR,Remote
ORD111826,2025-07-17,Books,956.72,WH-DEL,Metro
ORD111827,2025-03-18,Beauty,1312.3,WH-MUM,Tier-3
ORD111828,2025-04-14,Electronics,440.99,WH-BLR,Metro
ORD111829,2025-02-07,Furniture,630.48,WH-KOL,Metro
ORD111830,2025-02-23,Furniture,137.67,WH-BLR,Metro
ORD111831,2025-03-30,Furniture,1786.95,WH-MUM,Metro
ORD111832,2025-09-01,Electronics,2730.27,WH-DEL,Metro
ORD111833,2025-07-05,Electronics,1644.11,WH-DEL,Tier-3
ORD111834,2025-04-23,Fashion,1544.93,WH-BLR,Remote
ORD111835,2025-11-25,Electronics,1219.83,WH-DEL,Metro
ORD111836,2025-08-09,Fashion,4353.72,WH-HYD,Metro
ORD111837,2025-12-11,Books,1155.17,WH-HYD,Metro
ORD111838,2025-09-24,Fashion,2657.75,WH-BLR,Tier-2
ORD111839,2025-01-07,Fashion,2449.39,WH-BLR,Tier-3
ORD111840,2025-12-09,Fashion,430.73,WH-KOL,Tier-3
ORD111841,2025-11-24,Fashion,2188.21,WH-DEL,Tier-2
ORD111842,2025-09-24,Books,530.42,WH-MUM,Remote
ORD111843,2025-08-13,Books,825.79,WH-HYD,Tier-2
ORD111844,2025-07-10,Fashion,1120.04,WH-BLR,Tier-3
ORD111845,2025-07-22,Fashion,3525.18,WH-KOL,Tier-2
ORD111846,2025-11-01,Electronics,729.97,WH-DEL,Tier-2
ORD111847,2025-08-04,Beauty,1687.34,WH-KOL,Metro
ORD111848,2025-03-15,Fashion,371.51,WH-DEL,Metro
ORD111849,2025-01-25,Fashion,1114.89,WH-HYD,Tier-2
ORD111850,2025-02-23,Fashion,883.39,WH-MUM,Metro
ORD111851,2025-04-16,Electronics,3553.04,WH-BLR,Tier-2
ORD111852,2025-06-04,Fashion,711.12,WH-MUM,Tier-2
ORD111853,2025-12-03,Beauty,370.97,WH-KOL,Tier-2
ORD111854,2025-04-11,Electronics,917.58,WH-DEL,Metro
ORD111855,2025-05-15,Fashion,792.18,WH-MUM,Tier-3
ORD111856,2025-04-04,Fashion,1577.03,WH-BLR,Metro
ORD111857,2025-08-18,Fashion,3735.78,WH-DEL,Metro
ORD111858,2025-09-17,Beauty,993.43,WH-DEL,Metro
ORD111859,2025-08-12,Appliances,1742.55,WH-DEL,Metro
ORD111860,2025-12-19,Beauty,1201.93,WH-HYD,Metro
ORD111861,2025-12-30,Books,1942.95,WH-MUM,Tier-3
ORD111862,2025-11-19,Furniture,595.92,WH-DEL,Tier-3
ORD111863,2025-11-10,Grocery,1279.02,WH-MUM,Tier-2
ORD111864,2025-06-03,Grocery,2774.21,WH-BLR,Metro
ORD111865,2025-09-01,Appliances,708.51,WH-MUM,Remote
ORD111866,2025-05-28,Appliances,1134.06,WH-HYD,Tier-3
ORD111867,2025-11-05,Grocery,1232.94,WH-BLR,Metro
ORD111868,2025-03-14,Fashion,397.56,WH-MUM,Tier-2
ORD111869,2025-04-02,Furniture,2319.01,WH-DEL,Remote
ORD111870,2025-01-17,Electronics,825.41,WH-MUM,Remote
ORD111871,2025-09-13,Grocery,1254.48,WH-HYD,Metro
ORD111872,2025-10-11,Grocery,2128.22,WH-HYD,Tier-2
ORD111873,2025-01-02,Grocery,2307.84,WH-DEL,Tier-2
ORD111874,2025-08-03,Grocery,503.15,WH-MUM,Tier-3
ORD111875,2025-06-08,Appliances,1814.17,WH-BLR,Remote
ORD111876,2025-11-07,Appliances,2862.63,WH-MUM,Tier-2
ORD111877,2025-01-17,Fashion,770.45,WH-DEL,Metro
ORD111878,2025-01-21,Fashion,2459.78,WH-BLR,Tier-3
ORD111879,2025-09-18,Electronics,1813.62,WH-HYD,Remote
ORD111880,2025-09-06,Electronics,1934.86,WH-KOL,Tier-3
ORD111881,2025-11-17,Fashion,2604.54,WH-HYD,Metro
ORD111882,2025-09-06,Appliances,644.0,WH-MUM,Tier-3
ORD111883,2025-12-18,Books,614.07,WH-HYD,Metro
ORD111884,2025-05-13,Fashion,3315.84,WH-MUM,Remote
ORD111885,2025-06-17,Books,1024.25,WH-KOL,Tier-3
ORD111886,2025-12-26,Fashion,411.81,WH-MUM,Metro
ORD111887,2025-02-15,Books,1159.47,WH-DEL,Metro
ORD111888,2025-11-08,Grocery,1212.99,WH-BLR,Metro
ORD111889,2025-01-05,Appliances,1609.72,WH-DEL,Metro
ORD111890,2025-07-24,Fashion,972.98,WH-MUM,Metro
ORD111891,2025-03-06,Electronics,5317.3,WH-BLR,Tier-3
ORD111892,2025-09-09,Fashion,646.91,WH-MUM,Metro
ORD111893,2025-11-08,Appliances,280.32,WH-BLR,Remote
ORD111894,2025-01-14,Beauty,409.52,WH-BLR,Metro
ORD111895,2025-03-10,Furniture,734.58,WH-KOL,Tier-2
ORD111896,2025-05-24,Appliances,1936.91,WH-BLR,Tier-2
ORD111897,2025-04-18,Electronics,1122.85,WH-DEL,Metro
ORD111898,2025-06-11,Appliances,1745.54,WH-BLR,Tier-2
ORD111899,2025-12-19,Books,773.04,WH-DEL,Tier-3
ORD111900,2025-02-12,Fashion,1836.55,WH-KOL,Metro
ORD111901,2025-06-27,Grocery,372.0,WH-MUM,Metro
ORD111902,2025-07-12,Electronics,1499.45,WH-KOL,Tier-3
ORD111903,2025-04-28,Electronics,2127.69,WH-DEL,Metro
ORD111904,2025-04-28,Electronics,630.22,WH-DEL,Metro
ORD111905,2025-10-18,Appliances,5057.28,WH-BLR,Metro
ORD111906,2025-09-17,Books,293.86,WH-KOL,Tier-2
ORD111907,2025-11-12,Electronics,2308.14,WH-HYD,Remote
ORD111908,2025-06-20,Beauty,2569.19,WH-BLR,Metro
ORD111909,2025-09-12,Books,658.94,WH-BLR,Tier-2
ORD111910,2025-12-04,Grocery,1695.99,WH-MUM,Metro
ORD111911,2025-11-22,Beauty,662.06,WH-BLR,Remote
ORD111912,2025-12-10,Books,1663.79,WH-MUM,Remote
ORD111913,2025-04-24,Fashion,1101.14,WH-KOL,Metro
ORD111914,2025-12-28,Beauty,1316.33,WH-HYD,Metro
ORD111915,2025-11-13,Fashion,823.71,WH-MUM,Tier-2
ORD111916,2025-11-08,Electronics,827.23,WH-MUM,Tier-2
ORD111917,2025-10-05,Fashion,708.24,WH-DEL,Tier-2
ORD111918,2025-12-27,Appliances,2198.65,WH-KOL,Metro
ORD111919,2025-07-05,Beauty,4994.26,WH-HYD,Metro
ORD111920,2025-10-25,Fashion,8130.47,WH-HYD,Metro
ORD111921,2025-10-13,Grocery,2779.83,WH-HYD,Tier-3
ORD111922,2025-10-22,Fashion,1310.33,WH-DEL,Tier-2
ORD111923,2025-10-27,Books,2922.63,WH-BLR,Metro
ORD111924,2025-03-22,Electronics,1744.07,WH-HYD,Remote
ORD111925,2025-05-27,Grocery,1001.07,WH-DEL,Tier-3
ORD111926,2025-06-14,Grocery,6386.71,WH-HYD,Tier-3
ORD111927,2025-10-26,Electronics,2884.65,WH-HYD,Tier-2
ORD111928,2025-10-18,Beauty,728.86,WH-MUM,Tier-2
ORD111929,2025-11-18,Beauty,2855.67,WH-MUM,Tier-2
ORD111930,2025-11-06,Grocery,2097.89,WH-HYD,Metro
ORD111931,2025-09-08,Appliances,625.31,WH-MUM,Tier-3
ORD111932,2025-02-28,Books,1405.92,WH-BLR,Tier-2
ORD111933,2025-09-25,Electronics,1265.96,WH-DEL,Tier-2
ORD111934,2025-12-02,Electronics,166.05,WH-MUM,Tier-2
ORD111935,2025-09-28,Appliances,429.54,WH-DEL,Metro
ORD111936,2025-12-04,Grocery,3177.23,WH-DEL,Tier-3
ORD111937,2025-12-31,Furniture,748.21,WH-DEL,Metro
ORD111938,2025-05-31,Grocery,2133.53,WH-KOL,Tier-3
ORD111939,2025-10-20,Appliances,3678.65,WH-MUM,Remote
ORD111940,2025-08-15,Electronics,254.98,WH-KOL,Tier-2
ORD111941,2025-07-11,Fashion,4852.39,WH-HYD,Metro
ORD111942,2025-04-11,Fashion,1166.13,WH-HYD,Metro
ORD111943,2025-04-14,Fashion,1823.76,WH-HYD,Tier-3
ORD111944,2025-03-19,Appliances,6308.11,WH-BLR,Metro
ORD111945,2025-09-23,Books,2894.71,WH-DEL,Tier-3
ORD111946,2025-03-01,Fashion,1161.22,WH-BLR,Tier-2
ORD111947,2025-07-01,Furniture,873.55,WH-DEL,Tier-3
ORD111948,2025-08-08,Fashion,934.74,WH-BLR,Tier-2
ORD111949,2025-07-04,Grocery,851.72,WH-BLR,Tier-2
ORD111950,2025-11-23,Beauty,3676.62,WH-KOL,Metro
ORD111951,2025-07-06,Fashion,2062.82,WH-KOL,Remote
ORD111952,2025-02-04,Books,1583.78,WH-DEL,Tier-2
ORD111953,2025-12-29,Electronics,1123.94,WH-MUM,Tier-2
ORD111954,2025-11-21,Fashion,2398.31,WH-HYD,Metro
ORD111955,2025-10-03,Furniture,296.58,WH-KOL,Tier-2
ORD111956,2025-10-29,Appliances,5943.71,WH-BLR,Tier-2
ORD111957,2025-02-23,Grocery,1081.0,WH-BLR,Tier-2
ORD111958,2025-10-31,Books,625.3,WH-KOL,Tier-2
ORD111959,2025-03-29,Books,3351.69,WH-BLR,Tier-2
ORD111960,2025-07-25,Furniture,3289.73,WH-DEL,Tier-3
ORD111961,2025-03-16,Fashion,1262.25,WH-DEL,Metro
ORD111962,2025-10-28,Fashion,3873.83,WH-DEL,Tier-3
ORD111963,2025-04-14,Furniture,2987.95,WH-BLR,Metro
ORD111964,2025-04-17,Furniture,1815.05,WH-HYD,Tier-2
ORD111965,2025-02-15,Fashion,360.62,WH-DEL,Tier-2
ORD111966,2025-10-19,Fashion,1481.97,WH-KOL,Remote
ORD111967,2025-05-05,Electronics,1348.92,WH-MUM,Metro
ORD111968,2025-08-06,Electronics,1097.71,WH-KOL,Tier-2
ORD111969,2025-05-20,Grocery,995.75,WH-BLR,Tier-3
ORD111970,2025-11-02,Books,2443.68,WH-BLR,Tier-3
ORD111971,2025-04-06,Appliances,494.76,WH-KOL,Remote
ORD111972,2025-12-16,Beauty,3481.44,WH-BLR,Metro
ORD111973,2025-05-16,Furniture,1286.52,WH-BLR,Tier-3
ORD111974,2025-02-13,Fashion,682.88,WH-BLR,Remote
ORD111975,2025-04-11,Furniture,1061.96,WH-DEL,Tier-2
ORD111976,2025-02-01,Books,1570.64,WH-HYD,Tier-2
ORD111977,2025-07-16,Furniture,4246.41,WH-KOL,Metro
ORD111978,2025-04-16,Grocery,2364.1,WH-BLR,Metro
ORD111979,2025-12-02,Furniture,3445.99,WH-MUM,Metro
ORD111980,2025-08-06,Electronics,1273.42,WH-MUM,Metro
ORD111981,2025-04-09,Fashion,1130.29,WH-KOL,Tier-2
ORD111982,2025-07-09,Electronics,5916.62,WH-DEL,Tier-3
ORD111983,2025-03-24,Fashion,1199.67,WH-MUM,Metro
ORD111984,2025-03-17,Books,864.21,WH-MUM,Metro
ORD111985,2025-05-07,Electronics,796.43,WH-MUM,Metro
ORD111986,2025-02-15,Electronics,1695.77,WH-DEL,Tier-3
ORD111987,2025-03-21,Appliances,562.69,WH-DEL,Tier-2
ORD111988,2025-12-15,Books,1550.74,WH-DEL,Tier-3
ORD111989,2025-10-05,Grocery,1527.11,WH-MUM,Metro
ORD111990,2025-12-11,Fashion,2149.36,WH-BLR,Tier-2
ORD111991,2025-04-18,Fashion,330.36,WH-DEL,Tier-3
ORD111992,2025-11-24,Furniture,270.76,WH-HYD,Tier-3
ORD111993,2025-06-02,Books,943.66,WH-BLR,Tier-2
ORD111994,2025-03-02,Electronics,1198.04,WH-DEL,Remote
ORD111995,2025-11-10,Beauty,548.01,WH-KOL,Metro
ORD111996,2025-01-26,Furniture,448.22,WH-DEL,Tier-2
ORD111997,2025-06-20,Appliances,1892.99,WH-DEL,Tier-2
ORD111998,2025-11-14,Electronics,1043.66,WH-DEL,Remote
ORD111999,2025-09-17,Beauty,2557.83,WH-MUM,Tier-2
ORD112000,2025-08-06,Grocery,445.53,WH-BLR,Tier-2
ORD112001,2025-05-29,Fashion,1228.37,WH-MUM,Remote
ORD112002,2025-02-01,Fashion,5105.02,WH-BLR,Metro
ORD112003,2025-12-29,Fashion,1055.86,WH-DEL,Metro
ORD112004,2025-03-15,Electronics,839.88,WH-DEL,Metro
ORD112005,2025-04-18,Electronics,2778.5,WH-BLR,Metro
ORD112006,2025-04-10,Fashion,3550.6,WH-KOL,Tier-2
ORD112007,2025-12-07,Grocery,805.81,WH-KOL,Metro
ORD112008,2025-10-30,Furniture,854.56,WH-BLR,Metro
ORD112009,2025-07-12,Appliances,2676.51,WH-MUM,Metro
ORD112010,2025-12-20,Grocery,1702.79,WH-BLR,Metro
ORD112011,2025-01-23,Electronics,1733.78,WH-KOL,Metro
ORD112012,2025-12-04,Fashion,1618.64,WH-DEL,Tier-2
ORD112013,2025-01-26,Furniture,1286.26,WH-DEL,Metro
ORD112014,2025-06-14,Appliances,2987.15,WH-KOL,Remote
ORD112015,2025-01-23,Fashion,4067.74,WH-DEL,Metro
ORD112016,2025-12-31,Beauty,587.68,WH-KOL,Metro
ORD112017,2025-12-09,Books,2723.57,WH-MUM,Metro
ORD112018,2025-09-03,Books,1293.19,WH-BLR,Metro
ORD112019,2025-04-02,Furniture,478.78,WH-MUM,Remote
ORD112020,2025-04-27,Fashion,639.41,WH-KOL,Tier-3
ORD112021,2025-07-08,Beauty,965.28,WH-BLR,Metro
ORD112022,2025-05-16,Beauty,3122.9,WH-MUM,Remote
ORD112023,2025-01-09,Books,585.6,WH-HYD,Tier-2
ORD112024,2025-10-02,Books,317.18,WH-BLR,Tier-3
ORD112025,2025-09-15,Beauty,1083.72,WH-DEL,Metro
ORD112026,2025-12-06,Appliances,914.22,WH-BLR,Metro
ORD112027,2025-07-20,Fashion,3154.25,WH-BLR,Tier-2
ORD112028,2025-05-25,Grocery,1645.06,WH-MUM,Tier-2
ORD112029,2025-08-03,Furniture,2368.4,WH-HYD,Remote
ORD112030,2025-03-23,Appliances,977.78,WH-BLR,Metro
ORD112031,2025-09-20,Grocery,505.65,WH-MUM,Metro
ORD112032,2025-11-01,Grocery,3826.6,WH-HYD,Tier-2
ORD112033,2025-03-06,Beauty,835.59,WH-MUM,Tier-2
ORD112034,2025-05-14,Grocery,2248.28,WH-MUM,Tier-2
ORD112035,2025-11-27,Electronics,997.82,WH-DEL,Tier-2
ORD112036,2025-08-01,Appliances,2266.69,WH-KOL,Metro
ORD112037,2025-08-12,Fashion,1705.52,WH-KOL,Metro
ORD112038,2025-10-20,Fashion,1484.03,WH-BLR,Tier-3
ORD112039,2025-08-31,Furniture,1864.26,WH-DEL,Tier-2
ORD112040,2025-01-30,Beauty,1104.49,WH-DEL,Tier-3
ORD112041,2025-11-10,Fashion,342.45,WH-MUM,Tier-2
ORD112042,2025-12-11,Fashion,1687.7,WH-MUM,Remote
ORD112043,2025-01-23,Grocery,3348.82,WH-KOL,Remote
ORD112044,2025-02-20,Appliances,1292.75,WH-HYD,Tier-2
ORD112045,2025-10-14,Fashion,1042.26,WH-DEL,Tier-3
ORD112046,2025-09-11,Fashion,1650.6,WH-BLR,Metro
ORD112047,2025-06-10,Appliances,2931.85,WH-DEL,Metro
ORD112048,2025-08-15,Beauty,1069.72,WH-MUM,Tier-3
ORD112049,2025-10-15,Fashion,405.18,WH-MUM,Metro
ORD112050,2025-07-31,Grocery,1519.83,WH-KOL,Tier-3
ORD112051,2025-02-28,Books,1793.04,WH-KOL,Metro
ORD112052,2025-02-07,Fashion,1539.62,WH-KOL,Metro
ORD112053,2025-07-04,Books,901.73,WH-HYD,Metro
ORD112054,2025-12-11,Fashion,1750.33,WH-DEL,Remote
ORD112055,2025-08-23,Electronics,1113.58,WH-MUM,Tier-3
ORD112056,2025-05-31,Electronics,944.15,WH-KOL,Tier-3
ORD112057,2025-12-08,Electronics,1065.71,WH-MUM,Tier-3
ORD112058,2025-06-13,Books,1538.29,WH-BLR,Tier-3
ORD112059,2025-08-02,Furniture,1676.81,WH-BLR,Metro
ORD112060,2025-02-18,Books,888.07,WH-HYD,Remote
ORD112061,2025-10-24,Appliances,1570.64,WH-MUM,Metro
ORD112062,2025-10-14,Fashion,1817.97,WH-HYD,Tier-2
ORD112063,2025-11-07,Beauty,2092.11,WH-DEL,Tier-3
ORD112064,2025-05-17,Books,1969.42,WH-MUM,Tier-3
ORD112065,2025-07-03,Fashion,3797.69,WH-HYD,Tier-2
ORD112066,2025-03-12,Appliances,2319.13,WH-HYD,Tier-2
ORD112067,2025-12-22,Books,6656.43,WH-BLR,Tier-2
ORD112068,2025-02-06,Grocery,3057.1,WH-BLR,Metro
ORD112069,2025-09-30,Electronics,2980.28,WH-DEL,Tier-2
ORD112070,2025-10-15,Fashion,502.18,WH-BLR,Tier-2
ORD112071,2025-03-08,Beauty,2452.95,WH-MUM,Tier-2
ORD112072,2025-06-03,Appliances,2646.12,WH-KOL,Metro
ORD112073,2025-01-19,Appliances,1292.88,WH-BLR,Tier-2
ORD112074,2025-08-22,Beauty,260.29,WH-MUM,Metro
ORD112075,2025-12-30,Fashion,207.81,WH-MUM,Tier-2
ORD112076,2025-06-30,Beauty,1071.01,WH-MUM,Tier-3
ORD112077,2025-12-29,Grocery,870.99,WH-MUM,Metro
ORD112078,2025-02-23,Appliances,406.21,WH-MUM,Remote
ORD112079,2025-06-14,Fashion,1825.68,WH-HYD,Tier-3
ORD112080,2025-12-06,Fashion,540.89,WH-HYD,Metro
ORD112081,2025-11-29,Fashion,353.32,WH-DEL,Metro
ORD112082,2025-05-16,Fashion,6979.05,WH-KOL,Metro
ORD112083,2025-10-08,Electronics,2005.67,WH-BLR,Tier-3
ORD112084,2025-12-02,Fashion,952.7,WH-DEL,Metro
ORD112085,2025-10-31,Furniture,432.66,WH-HYD,Tier-2
ORD112086,2025-09-22,Beauty,659.5,WH-DEL,Tier-3
ORD112087,2025-03-06,Electronics,814.02,WH-KOL,Metro
ORD112088,2025-01-31,Electronics,867.05,WH-DEL,Metro
ORD112089,2025-09-16,Grocery,1034.71,WH-KOL,Metro
ORD112090,2025-07-30,Appliances,520.71,WH-BLR,Tier-3
ORD112091,2025-04-11,Furniture,665.95,WH-BLR,Remote
ORD112092,2025-05-04,Beauty,340.75,WH-MUM,Remote
ORD112093,2025-06-14,Fashion,274.81,WH-HYD,Metro
ORD112094,2025-07-28,Grocery,392.11,WH-BLR,Tier-2
ORD112095,2025-06-13,Beauty,822.36,WH-MUM,Tier-2
ORD112096,2025-06-12,Furniture,1046.94,WH-KOL,Remote
ORD112097,2025-02-18,Grocery,1943.51,WH-DEL,Tier-2
ORD112098,2025-11-26,Beauty,1867.19,WH-MUM,Tier-2
ORD112099,2025-09-13,Fashion,2206.19,WH-BLR,Tier-2
ORD112100,2025-03-03,Electronics,1049.46,WH-HYD,Tier-3
ORD112101,2025-06-28,Electronics,2262.66,WH-KOL,Tier-2
ORD112102,2025-06-25,Books,241.13,WH-HYD,Metro
ORD112103,2025-09-10,Books,2171.14,WH-BLR,Remote
ORD112104,2025-09-13,Fashion,1297.45,WH-DEL,Tier-2
ORD112105,2025-09-29,Grocery,2891.0,WH-MUM,Metro
ORD112106,2025-10-13,Grocery,156.96,WH-KOL,Tier-2
ORD112107,2025-02-13,Electronics,2778.51,WH-HYD,Metro
ORD112108,2025-05-09,Books,364.67,WH-HYD,Tier-2
ORD112109,2025-01-08,Fashion,3279.16,WH-MUM,Tier-2
ORD112110,2025-07-11,Books,682.35,WH-BLR,Remote
ORD112111,2025-06-30,Appliances,1867.49,WH-HYD,Metro
ORD112112,2025-10-23,Fashion,1250.19,WH-DEL,Tier-2
ORD112113,2025-03-12,Appliances,3016.57,WH-BLR,Metro
ORD112114,2025-09-23,Appliances,1511.65,WH-HYD,Metro
ORD112115,2025-05-09,Fashion,4704.45,WH-BLR,Tier-3
ORD112116,2025-06-10,Fashion,752.92,WH-HYD,Tier-3
ORD112117,2025-10-19,Books,585.27,WH-DEL,Remote
ORD112118,2025-01-31,Furniture,794.05,WH-BLR,Tier-2
ORD112119,2025-05-25,Appliances,2223.11,WH-HYD,Metro
ORD112120,2025-06-14,Fashion,2298.06,WH-MUM,Metro
ORD112121,2025-10-18,Appliances,478.34,WH-DEL,Tier-2
ORD112122,2025-03-25,Appliances,679.64,WH-KOL,Tier-2
ORD112123,2025-12-18,Fashion,1687.03,WH-KOL,Metro
ORD112124,2025-12-31,Fashion,3627.54,WH-MUM,Remote
ORD112125,2025-11-14,Fashion,763.68,WH-DEL,Remote
ORD112126,2025-05-06,Appliances,427.85,WH-DEL,Tier-3
ORD112127,2025-10-04,Electronics,2988.51,WH-HYD,Metro
ORD112128,2025-02-04,Books,330.77,WH-MUM,Metro
ORD112129,2025-11-28,Fashion,2063.08,WH-MUM,Tier-3
ORD112130,2025-08-05,Books,236.31,WH-BLR,Metro
ORD112131,2025-03-16,Electronics,1216.45,WH-KOL,Metro
ORD112132,2025-05-18,Appliances,1009.71,WH-KOL,Tier-2
ORD112133,2025-11-09,Grocery,716.25,WH-MUM,Metro
ORD112134,2025-11-27,Furniture,4237.01,WH-DEL,Metro
ORD112135,2025-08-07,Beauty,1253.05,WH-MUM,Metro
ORD112136,2025-07-21,Electronics,1170.77,WH-BLR,Metro
ORD112137,2025-10-27,Electronics,1090.67,WH-BLR,Tier-2
ORD112138,2025-11-16,Electronics,724.59,WH-HYD,Tier-3
ORD112139,2025-10-31,Grocery,5779.79,WH-MUM,Metro
ORD112140,2025-06-11,Books,990.79,WH-DEL,Metro
ORD112141,2025-09-27,Electronics,5906.55,WH-KOL,Metro
ORD112142,2025-11-24,Appliances,691.97,WH-BLR,Tier-2
ORD112143,2025-03-05,Fashion,1359.09,WH-DEL,Metro
ORD112144,2025-06-13,Beauty,913.65,WH-KOL,Metro
ORD112145,2025-01-24,Fashion,704.3,WH-HYD,Tier-3
ORD112146,2025-06-21,Beauty,1151.48,WH-BLR,Remote
ORD112147,2025-11-02,Grocery,5073.51,WH-BLR,Metro
ORD112148,2025-03-24,Beauty,3752.18,WH-HYD,Metro
ORD112149,2025-08-16,Furniture,1365.95,WH-BLR,Tier-3
ORD112150,2025-01-16,Fashion,448.83,WH-DEL,Tier-2
ORD112151,2025-12-05,Books,1732.94,WH-BLR,Metro
ORD112152,2025-11-14,Grocery,877.27,WH-HYD,Remote
ORD112153,2025-08-09,Fashion,618.89,WH-MUM,Tier-2
ORD112154,2025-10-15,Grocery,2232.63,WH-MUM,Remote
ORD112155,2025-02-13,Books,480.79,WH-HYD,Tier-3
ORD112156,2025-11-21,Appliances,1455.48,WH-BLR,Remote
ORD112157,2025-10-18,Electronics,1914.54,WH-DEL,Metro
ORD112158,2025-02-20,Books,2269.13,WH-KOL,Metro
ORD112159,2025-12-26,Fashion,480.05,WH-DEL,Metro
ORD112160,2025-01-10,Electronics,5102.67,WH-BLR,Tier-3
ORD112161,2025-09-22,Electronics,1657.92,WH-KOL,Metro
ORD112162,2025-03-14,Electronics,1310.93,WH-BLR,Metro
ORD112163,2025-10-19,Furniture,453.82,WH-MUM,Metro
ORD112164,2025-01-30,Fashion,677.75,WH-BLR,Metro
ORD112165,2025-02-04,Electronics,983.67,WH-HYD,Tier-3
ORD112166,2025-07-15,Fashion,1279.29,WH-MUM,Remote
ORD112167,2025-12-30,Books,1722.2,WH-MUM,Metro
ORD112168,2025-04-27,Furniture,985.85,WH-MUM,Metro
ORD112169,2025-09-15,Grocery,4164.94,WH-MUM,Tier-3
ORD112170,2025-08-06,Appliances,965.8,WH-HYD,Tier-2
ORD112171,2025-11-20,Electronics,1526.46,WH-DEL,Tier-2
ORD112172,2025-05-02,Books,3246.82,WH-DEL,Metro
ORD112173,2025-08-22,Electronics,842.62,WH-BLR,Tier-2
ORD112174,2025-12-19,Electronics,438.03,WH-KOL,Metro
ORD112175,2025-05-20,Fashion,938.44,WH-MUM,Tier-2
ORD112176,2025-07-04,Electronics,2713.24,WH-MUM,Remote
ORD112177,2025-12-02,Electronics,1381.16,WH-MUM,Remote
ORD112178,2025-05-20,Appliances,2245.99,WH-KOL,Tier-3
ORD112179,2025-06-09,Fashion,457.55,WH-DEL,Metro
ORD112180,2025-05-08,Electronics,359.59,WH-BLR,Remote
ORD112181,2025-11-11,Furniture,2080.69,WH-BLR,Tier-2
ORD112182,2025-12-13,Appliances,1731.05,WH-MUM,Tier-2
ORD112183,2025-09-23,Beauty,629.26,WH-BLR,Metro
ORD112184,2025-09-20,Electronics,523.23,WH-DEL,Tier-3
ORD112185,2025-06-13,Books,1147.22,WH-MUM,Tier-3
ORD112186,2025-01-06,Appliances,1262.7,WH-MUM,Tier-2
ORD112187,2025-03-15,Grocery,493.54,WH-HYD,Metro
ORD112188,2025-03-03,Fashion,1238.51,WH-DEL,Metro
ORD112189,2025-02-18,Grocery,410.34,WH-BLR,Tier-2
ORD112190,2025-10-02,Electronics,786.85,WH-MUM,Metro
ORD112191,2025-02-27,Appliances,457.65,WH-KOL,Tier-2
ORD112192,2025-02-05,Appliances,1200.78,WH-HYD,Metro
ORD112193,2025-06-10,Electronics,785.3,WH-HYD,Tier-3
ORD112194,2025-04-15,Fashion,3858.09,WH-HYD,Metro
ORD112195,2025-03-03,Beauty,1672.62,WH-BLR,Tier-2
ORD112196,2025-03-03,Grocery,458.67,WH-BLR,Tier-3
ORD112197,2025-04-18,Grocery,2716.59,WH-BLR,Metro
ORD112198,2025-08-14,Beauty,1118.83,WH-BLR,Tier-2
ORD112199,2025-10-29,Fashion,2399.31,WH-HYD,Metro
ORD112200,2025-11-23,Furniture,465.54,WH-BLR,Tier-3
ORD112201,2025-10-27,Appliances,2119.16,WH-MUM,Tier-2
ORD112202,2025-09-21,Fashion,6754.14,WH-MUM,Tier-2
ORD112203,2025-12-07,Fashion,2090.71,WH-HYD,Tier-2
ORD112204,2025-08-07,Books,815.5,WH-HYD,Tier-2
ORD112205,2025-09-24,Electronics,3288.33,WH-HYD,Tier-2
ORD112206,2025-06-22,Electronics,758.41,WH-MUM,Tier-2
ORD112207,2025-05-18,Fashion,1929.31,WH-KOL,Tier-2
ORD112208,2025-05-20,Books,7909.91,WH-KOL,Tier-2
ORD112209,2025-03-04,Grocery,825.49,WH-DEL,Tier-3
ORD112210,2025-11-08,Fashion,1975.68,WH-DEL,Tier-2
ORD112211,2025-01-24,Fashion,6526.42,WH-MUM,Remote
ORD112212,2025-10-07,Fashion,2883.3,WH-HYD,Tier-2
ORD112213,2025-11-26,Appliances,2322.23,WH-KOL,Tier-3
ORD112214,2025-07-29,Books,272.6,WH-MUM,Tier-2
ORD112215,2025-01-30,Fashion,607.49,WH-MUM,Metro
ORD112216,2025-06-30,Appliances,2625.92,WH-MUM,Tier-2
ORD112217,2025-05-25,Appliances,1024.35,WH-KOL,Tier-2
ORD112218,2025-12-28,Appliances,883.72,WH-DEL,Metro
ORD112219,2025-10-11,Grocery,3364.12,WH-KOL,Tier-3
ORD112220,2025-10-19,Electronics,2228.09,WH-DEL,Tier-2
ORD112221,2025-08-05,Furniture,679.99,WH-MUM,Tier-2
ORD112222,2025-10-16,Furniture,2413.59,WH-DEL,Metro
ORD112223,2025-10-20,Furniture,607.86,WH-BLR,Tier-2
ORD112224,2025-01-28,Fashion,367.44,WH-MUM,Metro
ORD112225,2025-04-04,Electronics,1687.23,WH-MUM,Tier-2
ORD112226,2025-01-06,Electronics,485.12,WH-DEL,Tier-2
ORD112227,2025-08-03,Fashion,478.51,WH-MUM,Metro
ORD112228,2025-11-29,Electronics,576.82,WH-MUM,Metro
ORD112229,2025-09-14,Fashion,1485.84,WH-KOL,Metro
ORD112230,2025-07-30,Electronics,2439.52,WH-BLR,Metro
ORD112231,2025-12-12,Fashion,1027.94,WH-KOL,Metro
ORD112232,2025-03-14,Beauty,495.45,WH-DEL,Tier-3
ORD112233,2025-02-01,Grocery,526.96,WH-DEL,Metro
ORD112234,2025-12-10,Fashion,374.21,WH-BLR,Tier-2
ORD112235,2025-12-06,Appliances,2299.97,WH-BLR,Tier-2
ORD112236,2025-10-09,Grocery,629.24,WH-HYD,Metro
ORD112237,2025-04-14,Electronics,1551.55,WH-KOL,Metro
ORD112238,2025-12-24,Grocery,305.0,WH-DEL,Metro
ORD112239,2025-10-31,Fashion,3573.7,WH-BLR,Metro
ORD112240,2025-10-07,Grocery,1279.57,WH-HYD,Metro
ORD112241,2025-04-04,Electronics,368.28,WH-KOL,Tier-3
ORD112242,2025-08-04,Grocery,796.13,WH-DEL,Metro
ORD112243,2025-11-15,Electronics,1494.34,WH-BLR,Tier-2
ORD112244,2025-11-25,Fashion,635.82,WH-MUM,Metro
ORD112245,2025-08-24,Appliances,1726.24,WH-KOL,Tier-3
ORD112246,2025-08-08,Fashion,3588.55,WH-BLR,Metro
ORD112247,2025-10-13,Fashion,2681.11,WH-BLR,Metro
ORD112248,2025-08-10,Electronics,1264.64,WH-DEL,Metro
ORD112249,2025-06-25,Appliances,4043.43,WH-DEL,Remote
ORD112250,2025-02-05,Grocery,1506.96,WH-BLR,Tier-2
ORD112251,2025-02-22,Books,1164.61,WH-DEL,Metro
ORD112252,2025-10-30,Grocery,1189.47,WH-KOL,Metro
ORD112253,2025-01-11,Beauty,1381.93,WH-HYD,Tier-3
ORD112254,2025-01-22,Fashion,1823.74,WH-BLR,Tier-3
ORD112255,2025-12-06,Appliances,629.47,WH-KOL,Metro
ORD112256,2025-10-15,Fashion,3187.24,WH-DEL,Metro
ORD112257,2025-01-02,Fashion,3634.24,WH-MUM,Metro
ORD112258,2025-05-12,Appliances,9295.34,WH-BLR,Metro
ORD112259,2025-10-30,Beauty,326.18,WH-KOL,Metro
ORD112260,2025-06-25,Appliances,1323.58,WH-BLR,Tier-2
ORD112261,2025-07-16,Fashion,678.41,WH-BLR,Metro
ORD112262,2025-07-12,Grocery,2164.96,WH-DEL,Tier-3
ORD112263,2025-03-26,Fashion,3429.78,WH-HYD,Tier-2
ORD112264,2025-10-19,Furniture,1332.66,WH-MUM,Tier-2
ORD112265,2025-02-13,Fashion,1011.48,WH-HYD,Remote
ORD112266,2025-08-02,Fashion,880.46,WH-HYD,Metro
ORD112267,2025-03-13,Electronics,1112.13,WH-HYD,Metro
ORD112268,2025-01-20,Beauty,1754.85,WH-HYD,Tier-2
ORD112269,2025-03-02,Electronics,1745.85,WH-BLR,Tier-2
ORD112270,2025-11-27,Fashion,4304.82,WH-KOL,Tier-2
ORD112271,2025-03-16,Electronics,1145.58,WH-DEL,Tier-2
ORD112272,2025-04-27,Grocery,2708.67,WH-MUM,Metro
ORD112273,2025-02-28,Electronics,642.82,WH-BLR,Tier-2
ORD112274,2025-10-23,Appliances,476.18,WH-DEL,Tier-3
ORD112275,2025-07-07,Fashion,2940.34,WH-BLR,Metro
ORD112276,2025-12-17,Electronics,1834.18,WH-DEL,Tier-2
ORD112277,2025-10-04,Fashion,869.45,WH-BLR,Tier-3
ORD112278,2025-08-12,Fashion,635.63,WH-DEL,Metro
ORD112279,2025-10-02,Furniture,908.06,WH-BLR,Metro
ORD112280,2025-01-17,Fashion,1582.0,WH-DEL,Tier-2
ORD112281,2025-12-19,Appliances,1507.83,WH-DEL,Tier-2
ORD112282,2025-12-20,Fashion,418.29,WH-MUM,Tier-3
ORD112283,2025-04-27,Electronics,481.85,WH-KOL,Tier-3
ORD112284,2025-09-22,Fashion,1486.74,WH-DEL,Tier-3
ORD112285,2025-03-26,Grocery,2128.98,WH-HYD,Metro
ORD112286,2025-08-19,Fashion,709.78,WH-MUM,Metro
ORD112287,2025-11-01,Grocery,428.32,WH-HYD,Tier-2
ORD112288,2025-12-16,Books,1370.97,WH-KOL,Metro
ORD112289,2025-05-23,Electronics,228.99,WH-MUM,Remote
ORD112290,2025-10-12,Fashion,980.11,WH-KOL,Metro
ORD112291,2025-10-18,Fashion,2153.61,WH-BLR,Tier-2
ORD112292,2025-04-03,Fashion,1099.61,WH-HYD,Metro
ORD112293,2025-09-22,Fashion,382.11,WH-DEL,Tier-3
ORD112294,2025-10-02,Grocery,4468.48,WH-BLR,Tier-2
ORD112295,2025-10-31,Grocery,1345.52,WH-DEL,Metro
ORD112296,2025-12-31,Furniture,1582.27,WH-BLR,Tier-2
ORD112297,2025-01-17,Electronics,2703.87,WH-KOL,Tier-2
ORD112298,2025-03-27,Grocery,1158.32,WH-HYD,Tier-2
ORD112299,2025-03-02,Appliances,1074.5,WH-DEL,Metro
ORD112300,2025-03-06,Grocery,3574.53,WH-BLR,Tier-2
ORD112301,2025-07-10,Furniture,695.99,WH-KOL,Tier-2
ORD112302,2025-11-30,Grocery,2784.28,WH-HYD,Metro
ORD112303,2025-07-08,Grocery,542.18,WH-DEL,Tier-2
ORD112304,2025-10-05,Electronics,747.83,WH-MUM,Remote
ORD112305,2025-06-08,Furniture,1690.89,WH-MUM,Metro
ORD112306,2025-05-15,Grocery,4199.27,WH-MUM,Metro
ORD112307,2025-11-18,Electronics,1507.08,WH-HYD,Metro
ORD112308,2025-10-02,Fashion,436.98,WH-MUM,Tier-2
ORD112309,2025-05-28,Electronics,2365.76,WH-BLR,Tier-3
ORD112310,2025-12-09,Grocery,709.51,WH-BLR,Tier-2
ORD112311,2025-07-29,Electronics,2222.61,WH-MUM,Tier-2
ORD112312,2025-03-21,Books,1685.79,WH-DEL,Remote
ORD112313,2025-07-23,Beauty,403.04,WH-HYD,Metro
ORD112314,2025-10-07,Beauty,1786.84,WH-KOL,Tier-3
ORD112315,2025-06-04,Fashion,498.77,WH-BLR,Tier-3
ORD112316,2025-11-20,Grocery,3950.85,WH-BLR,Metro
ORD112317,2025-08-13,Books,380.65,WH-MUM,Metro
ORD112318,2025-07-16,Appliances,1179.04,WH-HYD,Remote
ORD112319,2025-11-24,Fashion,628.34,WH-KOL,Metro
ORD112320,2025-07-14,Books,4140.93,WH-BLR,Tier-2
ORD112321,2025-06-24,Grocery,388.01,WH-MUM,Metro
ORD112322,2025-02-13,Appliances,8642.19,WH-KOL,Tier-3
ORD112323,2025-06-02,Beauty,1003.24,WH-DEL,Metro
ORD112324,2025-06-16,Beauty,852.83,WH-MUM,Tier-2
ORD112325,2025-03-17,Grocery,2485.15,WH-MUM,Metro
ORD112326,2025-09-05,Electronics,1303.22,WH-BLR,Metro
ORD112327,2025-03-02,Furniture,678.54,WH-BLR,Tier-3
ORD112328,2025-04-04,Furniture,726.87,WH-DEL,Tier-2
ORD112329,2025-08-24,Grocery,899.89,WH-HYD,Tier-3
ORD112330,2025-04-24,Fashion,769.37,WH-MUM,Metro
ORD112331,2025-09-26,Grocery,2561.3,WH-DEL,Metro
ORD112332,2025-10-11,Grocery,1434.84,WH-BLR,Tier-3
ORD112333,2025-05-07,Beauty,1939.52,WH-BLR,Tier-2
ORD112334,2025-02-06,Books,958.2,WH-BLR,Tier-2
ORD112335,2025-07-25,Fashion,2242.77,WH-BLR,Metro
ORD112336,2025-02-09,Grocery,768.85,WH-KOL,Tier-2
ORD112337,2025-08-05,Grocery,641.08,WH-BLR,Tier-3
ORD112338,2025-10-21,Grocery,891.18,WH-BLR,Metro
ORD112339,2025-09-18,Electronics,4186.72,WH-HYD,Metro
ORD112340,2025-07-08,Appliances,844.92,WH-MUM,Metro
ORD112341,2025-12-17,Appliances,875.97,WH-BLR,Remote
ORD112342,2025-02-12,Grocery,1595.22,WH-BLR,Tier-3
ORD112343,2025-11-30,Beauty,1206.53,WH-BLR,Metro
ORD112344,2025-11-09,Beauty,561.19,WH-BLR,Tier-3
ORD112345,2025-06-26,Books,520.58,WH-DEL,Tier-2
ORD112346,2025-03-06,Beauty,2438.62,WH-MUM,Remote
ORD112347,2025-03-07,Grocery,517.62,WH-BLR,Tier-2
ORD112348,2025-12-11,Beauty,2717.48,WH-HYD,Metro
ORD112349,2025-04-09,Beauty,921.82,WH-BLR,Tier-3
ORD112350,2025-11-28,Furniture,208.83,WH-MUM,Remote
ORD112351,2025-07-31,Electronics,2247.55,WH-BLR,Tier-2
ORD112352,2025-07-14,Electronics,2543.34,WH-BLR,Tier-2
ORD112353,2025-09-18,Grocery,2133.88,WH-DEL,Tier-3
ORD112354,2025-04-01,Appliances,922.46,WH-BLR,Metro
ORD112355,2025-06-30,Grocery,1007.88,WH-BLR,Tier-3
ORD112356,2025-12-15,Books,930.77,WH-MUM,Tier-3
ORD112357,2025-04-11,Appliances,752.36,WH-HYD,Metro
ORD112358,2025-12-11,Fashion,1676.55,WH-MUM,Metro
ORD112359,2025-12-30,Electronics,1136.59,WH-BLR,Metro
ORD112360,2025-01-22,Appliances,923.74,WH-MUM,Remote
ORD112361,2025-08-12,Fashion,757.82,WH-MUM,Tier-3
ORD112362,2025-03-14,Beauty,1507.4,WH-MUM,Metro
ORD112363,2025-09-19,Books,3692.81,WH-MUM,Tier-3
ORD112364,2025-12-29,Grocery,1473.2,WH-DEL,Tier-3
ORD112365,2025-12-04,Grocery,453.03,WH-KOL,Remote
ORD112366,2025-12-12,Books,1313.45,WH-HYD,Tier-2
ORD112367,2025-03-31,Books,1968.48,WH-BLR,Tier-3
ORD112368,2025-08-16,Grocery,2363.37,WH-HYD,Metro
ORD112369,2025-04-09,Beauty,2023.81,WH-MUM,Metro
ORD112370,2025-12-05,Grocery,1490.76,WH-HYD,Tier-2
ORD112371,2025-03-22,Electronics,11716.38,WH-DEL,Metro
ORD112372,2025-03-06,Grocery,516.76,WH-DEL,Metro
ORD112373,2025-01-06,Appliances,4410.86,WH-MUM,Metro
ORD112374,2025-03-18,Beauty,2085.65,WH-DEL,Tier-2
ORD112375,2025-03-21,Electronics,8392.76,WH-DEL,Tier-2
ORD112376,2025-02-02,Fashion,420.34,WH-DEL,Remote
ORD112377,2025-11-27,Grocery,4579.99,WH-DEL,Tier-2
ORD112378,2025-11-04,Books,4966.37,WH-BLR,Tier-2
ORD112379,2025-04-17,Appliances,1181.13,WH-MUM,Tier-3
ORD112380,2025-11-05,Fashion,678.42,WH-BLR,Tier-3
ORD112381,2025-06-27,Books,7320.33,WH-BLR,Metro
ORD112382,2025-11-03,Furniture,692.75,WH-MUM,Tier-3
ORD112383,2025-05-16,Books,3094.4,WH-MUM,Tier-3
ORD112384,2025-08-26,Books,4430.05,WH-BLR,Tier-3
ORD112385,2025-06-10,Electronics,1177.91,WH-BLR,Metro
ORD112386,2025-03-20,Beauty,1171.57,WH-MUM,Tier-3
ORD112387,2025-09-04,Grocery,5498.7,WH-KOL,Tier-3
ORD112388,2025-10-27,Beauty,1047.51,WH-MUM,Metro
ORD112389,2025-10-28,Electronics,857.44,WH-HYD,Tier-2
ORD112390,2025-05-30,Books,154.62,WH-MUM,Metro
ORD112391,2025-08-06,Fashion,3285.42,WH-BLR,Metro
ORD112392,2025-10-30,Electronics,993.5,WH-BLR,Metro
ORD112393,2025-01-23,Beauty,2505.59,WH-MUM,Metro
ORD112394,2025-01-31,Fashion,1190.68,WH-KOL,Metro
ORD112395,2025-06-08,Electronics,3898.57,WH-MUM,Remote
ORD112396,2025-04-04,Books,4024.34,WH-MUM,Metro
ORD112397,2025-06-07,Fashion,604.04,WH-DEL,Metro
ORD112398,2025-02-09,Grocery,924.11,WH-HYD,Tier-3
ORD112399,2025-09-06,Beauty,2132.21,WH-DEL,Tier-2
ORD112400,2025-10-06,Grocery,4128.99,WH-MUM,Tier-2
ORD112401,2025-11-07,Electronics,1466.14,WH-KOL,Tier-3
ORD112402,2025-10-01,Appliances,1589.88,WH-MUM,Tier-2
ORD112403,2025-06-16,Appliances,1770.15,WH-MUM,Tier-2
ORD112404,2025-12-14,Electronics,664.74,WH-HYD,Tier-2
ORD112405,2025-10-21,Grocery,931.91,WH-KOL,Tier-2
ORD112406,2025-08-10,Fashion,1154.96,WH-KOL,Tier-3
ORD112407,2025-03-28,Electronics,2983.16,WH-DEL,Metro
ORD112408,2025-09-30,Fashion,5630.42,WH-HYD,Metro
ORD112409,2025-09-06,Beauty,646.74,WH-BLR,Tier-2
ORD112410,2025-10-09,Fashion,2385.71,WH-KOL,Metro
ORD112411,2025-11-04,Fashion,1595.05,WH-HYD,Metro
ORD112412,2025-12-09,Beauty,896.62,WH-MUM,Tier-3
ORD112413,2025-12-18,Fashion,621.54,WH-MUM,Tier-3
ORD112414,2025-09-22,Beauty,1608.26,WH-HYD,Metro
ORD112415,2025-12-23,Books,838.85,WH-MUM,Tier-2
ORD112416,2025-12-08,Grocery,1805.15,WH-KOL,Metro
ORD112417,2025-01-02,Fashion,600.8,WH-HYD,Tier-2
ORD112418,2025-09-25,Electronics,553.88,WH-HYD,Metro
ORD112419,2025-03-16,Electronics,3165.83,WH-MUM,Remote
ORD112420,2025-05-05,Fashion,1565.97,WH-DEL,Metro
ORD112421,2025-05-06,Grocery,1537.11,WH-HYD,Tier-3
ORD112422,2025-07-23,Fashion,893.53,WH-MUM,Metro
ORD112423,2025-01-05,Books,2456.87,WH-BLR,Tier-3
ORD112424,2025-04-10,Fashion,1157.32,WH-HYD,Metro
ORD112425,2025-01-13,Fashion,2496.23,WH-MUM,Tier-3
ORD112426,2025-10-01,Electronics,931.91,WH-BLR,Remote
ORD112427,2025-12-02,Fashion,572.55,WH-BLR,Remote
ORD112428,2025-12-31,Books,748.93,WH-MUM,Tier-3
ORD112429,2025-07-08,Appliances,1879.33,WH-DEL,Tier-2
ORD112430,2025-04-20,Fashion,607.54,WH-BLR,Tier-2
ORD112431,2025-11-23,Grocery,5706.71,WH-DEL,Remote
ORD112432,2025-02-17,Grocery,450.95,WH-KOL,Tier-3
ORD112433,2025-12-25,Books,1188.27,WH-DEL,Tier-2
ORD112434,2025-10-18,Fashion,3472.96,WH-DEL,Metro
ORD112435,2025-07-31,Appliances,1683.22,WH-BLR,Metro
ORD112436,2025-02-10,Fashion,1010.05,WH-MUM,Metro
ORD112437,2025-01-08,Fashion,3362.39,WH-DEL,Tier-2
ORD112438,2025-08-17,Grocery,637.21,WH-HYD,Tier-3
ORD112439,2025-06-23,Electronics,1063.45,WH-KOL,Metro
ORD112440,2025-11-20,Grocery,367.29,WH-MUM,Metro
ORD112441,2025-09-27,Grocery,2716.55,WH-BLR,Metro
ORD112442,2025-07-01,Electronics,2096.61,WH-DEL,Metro
ORD112443,2025-04-05,Beauty,2100.76,WH-KOL,Tier-3
ORD112444,2025-07-21,Electronics,1486.46,WH-KOL,Metro
ORD112445,2025-03-10,Books,1429.43,WH-KOL,Remote
ORD112446,2025-10-05,Grocery,1460.39,WH-MUM,Metro
ORD112447,2025-09-12,Fashion,1709.46,WH-HYD,Tier-3
ORD112448,2025-11-12,Electronics,1486.48,WH-BLR,Metro
ORD112449,2025-07-08,Appliances,635.73,WH-BLR,Tier-2
ORD112450,2025-04-28,Appliances,219.96,WH-DEL,Tier-3
ORD112451,2025-11-19,Furniture,7118.28,WH-BLR,Metro
ORD112452,2025-10-11,Fashion,797.33,WH-MUM,Tier-2
ORD112453,2025-10-15,Electronics,1163.85,WH-BLR,Tier-3
ORD112454,2025-08-10,Books,3264.26,WH-BLR,Metro
ORD112455,2025-11-29,Books,1753.76,WH-BLR,Tier-2
ORD112456,2025-04-06,Fashion,426.53,WH-DEL,Tier-2
ORD112457,2025-06-18,Books,527.51,WH-MUM,Tier-3
ORD112458,2025-11-08,Furniture,2708.71,WH-DEL,Metro
ORD112459,2025-02-25,Grocery,2159.32,WH-DEL,Tier-2
ORD112460,2025-11-11,Furniture,886.2,WH-BLR,Remote
ORD112461,2025-05-29,Electronics,1295.88,WH-HYD,Tier-3
ORD112462,2025-02-22,Electronics,1381.31,WH-BLR,Metro
ORD112463,2025-02-03,Appliances,1632.79,WH-KOL,Metro
ORD112464,2025-11-20,Beauty,1875.55,WH-KOL,Metro
ORD112465,2025-11-03,Grocery,981.35,WH-KOL,Tier-2
ORD112466,2025-05-02,Electronics,2346.57,WH-DEL,Metro
ORD112467,2025-02-18,Electronics,2154.14,WH-HYD,Tier-2
ORD112468,2025-04-14,Grocery,2690.47,WH-BLR,Remote
ORD112469,2025-03-31,Furniture,2481.36,WH-KOL,Tier-3
ORD112470,2025-10-22,Electronics,2431.47,WH-BLR,Metro
ORD112471,2025-04-01,Electronics,930.97,WH-DEL,Tier-2
ORD112472,2025-04-01,Appliances,1212.9,WH-MUM,Tier-2
ORD112473,2025-01-14,Electronics,677.82,WH-HYD,Metro
ORD112474,2025-09-08,Fashion,1573.2,WH-HYD,Metro
ORD112475,2025-10-11,Appliances,705.46,WH-MUM,Remote
ORD112476,2025-10-01,Electronics,1950.67,WH-BLR,Tier-3
ORD112477,2025-08-27,Fashion,3496.74,WH-HYD,Tier-3
ORD112478,2025-12-23,Electronics,1338.69,WH-KOL,Tier-3
ORD112479,2025-07-18,Fashion,868.61,WH-BLR,Tier-2
ORD112480,2025-11-25,Beauty,1988.68,WH-HYD,Tier-3
ORD112481,2025-09-29,Appliances,3058.95,WH-DEL,Tier-2
ORD112482,2025-02-05,Electronics,736.41,WH-MUM,Metro
ORD112483,2025-11-12,Electronics,1469.15,WH-BLR,Metro
ORD112484,2025-09-03,Fashion,1721.38,WH-HYD,Tier-2
ORD112485,2025-10-02,Books,1072.33,WH-BLR,Metro
ORD112486,2025-03-17,Appliances,2018.9,WH-HYD,Tier-3
ORD112487,2025-07-03,Furniture,361.38,WH-MUM,Tier-2
ORD112488,2025-11-30,Electronics,1763.56,WH-DEL,Remote
ORD112489,2025-04-01,Beauty,5624.22,WH-MUM,Metro
ORD112490,2025-01-01,Books,2097.14,WH-DEL,Tier-2
ORD112491,2025-04-19,Fashion,1381.1,WH-BLR,Metro
ORD112492,2025-07-24,Fashion,506.28,WH-MUM,Metro
ORD112493,2025-11-15,Fashion,1017.94,WH-DEL,Tier-2
ORD112494,2025-09-28,Grocery,1714.96,WH-DEL,Metro
ORD112495,2025-12-10,Fashion,1443.27,WH-DEL,Tier-3
ORD112496,2025-07-11,Fashion,499.04,WH-BLR,Metro
ORD112497,2025-06-14,Furniture,1635.04,WH-BLR,Remote
ORD112498,2025-04-08,Furniture,674.54,WH-BLR,Metro
ORD112499,2025-04-02,Fashion,845.87,WH-BLR,Tier-2
ORD112500,2025-10-23,Grocery,2744.94,WH-BLR,Remote
ORD112501,2025-02-03,Electronics,1106.67,WH-BLR,Tier-3
ORD112502,2025-04-12,Grocery,798.74,WH-DEL,Metro
ORD112503,2025-12-02,Books,609.27,WH-BLR,Metro
ORD112504,2025-08-31,Grocery,755.81,WH-MUM,Metro
ORD112505,2025-01-20,Beauty,869.9,WH-HYD,Tier-2
ORD112506,2025-10-15,Appliances,2660.83,WH-HYD,Tier-2
ORD112507,2025-08-01,Appliances,1305.55,WH-DEL,Tier-3
ORD112508,2025-11-23,Grocery,3509.93,WH-BLR,Metro
ORD112509,2025-10-09,Electronics,526.04,WH-DEL,Metro
ORD112510,2025-01-02,Beauty,3762.06,WH-MUM,Metro
ORD112511,2025-03-28,Furniture,1188.3,WH-DEL,Remote
ORD112512,2025-04-19,Beauty,1117.83,WH-KOL,Remote
ORD112513,2025-10-14,Furniture,1107.63,WH-DEL,Metro
ORD112514,2025-08-03,Grocery,8165.53,WH-KOL,Tier-2
ORD112515,2025-10-26,Electronics,914.73,WH-BLR,Tier-3
ORD112516,2025-08-04,Fashion,7021.01,WH-MUM,Tier-2
ORD112517,2025-05-18,Grocery,2672.56,WH-BLR,Remote
ORD112518,2025-02-13,Beauty,553.28,WH-BLR,Tier-3
ORD112519,2025-03-27,Books,620.6,WH-BLR,Tier-3
ORD112520,2025-06-18,Grocery,1561.84,WH-KOL,Tier-2
ORD112521,2025-08-20,Fashion,1455.4,WH-MUM,Metro
ORD112522,2025-12-15,Electronics,973.92,WH-KOL,Metro
ORD112523,2025-04-11,Fashion,872.89,WH-HYD,Tier-3
ORD112524,2025-10-05,Beauty,4624.16,WH-HYD,Metro
ORD112525,2025-03-06,Appliances,1514.93,WH-KOL,Metro
ORD112526,2025-10-17,Grocery,1951.22,WH-MUM,Tier-3
ORD112527,2025-01-05,Books,1471.25,WH-HYD,Metro
ORD112528,2025-10-02,Electronics,1386.69,WH-DEL,Tier-3
ORD112529,2025-03-10,Beauty,7507.1,WH-DEL,Tier-2
ORD112530,2025-03-17,Appliances,2118.55,WH-DEL,Metro
ORD112531,2025-08-23,Electronics,10984.4,WH-KOL,Metro
ORD112532,2025-06-07,Appliances,2496.6,WH-KOL,Metro
ORD112533,2025-07-18,Electronics,794.85,WH-BLR,Metro
ORD112534,2025-05-10,Furniture,3622.89,WH-BLR,Metro
ORD112535,2025-12-19,Fashion,1259.59,WH-MUM,Tier-3
ORD112536,2025-05-03,Fashion,4535.92,WH-HYD,Remote
ORD112537,2025-08-16,Furniture,779.89,WH-BLR,Metro
ORD112538,2025-11-23,Fashion,376.92,WH-DEL,Tier-2
ORD112539,2025-10-04,Electronics,1453.46,WH-MUM,Tier-2
ORD112540,2025-05-16,Books,4334.25,WH-KOL,Metro
ORD112541,2025-08-21,Fashion,808.77,WH-HYD,Remote
ORD112542,2025-02-04,Furniture,2130.01,WH-DEL,Metro
ORD112543,2025-08-18,Furniture,781.19,WH-MUM,Remote
ORD112544,2025-07-01,Electronics,2850.77,WH-HYD,Metro
ORD112545,2025-10-29,Beauty,1000.23,WH-MUM,Tier-2
ORD112546,2025-11-22,Fashion,1660.08,WH-DEL,Remote
ORD112547,2025-03-25,Fashion,1026.07,WH-KOL,Tier-2
ORD112548,2025-02-04,Fashion,734.88,WH-DEL,Tier-3
ORD112549,2025-06-14,Furniture,287.69,WH-KOL,Metro
ORD112550,2025-08-13,Electronics,473.48,WH-MUM,Tier-2
ORD112551,2025-06-08,Fashion,1071.99,WH-DEL,Metro
ORD112552,2025-09-22,Grocery,1917.96,WH-KOL,Tier-2
ORD112553,2025-08-01,Appliances,5902.9,WH-HYD,Metro
ORD112554,2025-12-15,Fashion,883.73,WH-KOL,Tier-2
ORD112555,2025-06-22,Fashion,804.67,WH-HYD,Tier-2
ORD112556,2025-02-04,Fashion,464.05,WH-BLR,Metro
ORD112557,2025-05-07,Fashion,2655.66,WH-MUM,Tier-3
ORD112558,2025-09-12,Appliances,2115.78,WH-HYD,Metro
ORD112559,2025-04-18,Fashion,1915.95,WH-KOL,Tier-2
ORD112560,2025-04-24,Fashion,1764.7,WH-HYD,Tier-3
ORD112561,2025-05-23,Fashion,993.67,WH-MUM,Metro
ORD112562,2025-10-26,Furniture,3970.92,WH-DEL,Tier-2
ORD112563,2025-12-16,Grocery,719.57,WH-DEL,Tier-3
ORD112564,2025-05-28,Fashion,916.84,WH-MUM,Tier-2
ORD112565,2025-03-24,Furniture,594.04,WH-DEL,Remote
ORD112566,2025-06-26,Furniture,1208.21,WH-KOL,Metro
ORD112567,2025-05-28,Electronics,720.32,WH-DEL,Metro
ORD112568,2025-12-29,Fashion,809.56,WH-BLR,Tier-3
ORD112569,2025-07-14,Fashion,512.91,WH-DEL,Tier-2
ORD112570,2025-10-08,Books,622.19,WH-BLR,Metro
ORD112571,2025-12-09,Fashion,369.86,WH-DEL,Metro
ORD112572,2025-09-22,Fashion,1783.73,WH-KOL,Tier-3
ORD112573,2025-04-15,Grocery,671.97,WH-DEL,Tier-3
ORD112574,2025-09-13,Grocery,4860.81,WH-KOL,Tier-2
ORD112575,2025-06-18,Books,2857.15,WH-HYD,Tier-3
ORD112576,2025-06-27,Fashion,1416.21,WH-MUM,Tier-2
ORD112577,2025-12-26,Fashion,2113.47,WH-DEL,Tier-3
ORD112578,2025-04-28,Furniture,2661.93,WH-DEL,Metro
ORD112579,2025-07-17,Appliances,901.48,WH-MUM,Remote
ORD112580,2025-03-09,Beauty,1138.24,WH-BLR,Tier-3
ORD112581,2025-03-17,Furniture,3173.2,WH-DEL,Tier-3
ORD112582,2025-09-11,Grocery,3341.66,WH-BLR,Tier-3
ORD112583,2025-10-27,Electronics,722.7,WH-BLR,Tier-3
ORD112584,2025-09-25,Beauty,8406.54,WH-MUM,Metro
ORD112585,2025-05-19,Appliances,453.91,WH-KOL,Remote
ORD112586,2025-01-26,Electronics,215.21,WH-MUM,Metro
ORD112587,2025-07-17,Grocery,5313.64,WH-HYD,Tier-3
ORD112588,2025-07-31,Grocery,2399.36,WH-MUM,Tier-2
ORD112589,2025-11-01,Fashion,1553.58,WH-BLR,Metro
ORD112590,2025-09-27,Appliances,2560.76,WH-BLR,Metro
ORD112591,2025-11-28,Furniture,778.05,WH-BLR,Metro
ORD112592,2025-11-05,Fashion,333.49,WH-MUM,Tier-3
ORD112593,2025-06-03,Beauty,934.73,WH-MUM,Tier-3
ORD112594,2025-09-23,Beauty,766.8,WH-DEL,Tier-2
ORD112595,2025-10-26,Fashion,607.43,WH-BLR,Tier-2
ORD112596,2025-12-20,Fashion,827.01,WH-MUM,Metro
ORD112597,2025-06-27,Books,836.36,WH-BLR,Metro
ORD112598,2025-09-30,Fashion,918.23,WH-KOL,Tier-2
ORD112599,2025-06-14,Beauty,1816.86,WH-MUM,Tier-2
ORD112600,2025-10-24,Fashion,2092.83,WH-DEL,Metro
ORD112601,2025-12-08,Appliances,1702.11,WH-DEL,Tier-3
ORD112602,2025-12-10,Grocery,175.43,WH-MUM,Remote
ORD112603,2025-03-08,Fashion,593.56,WH-BLR,Tier-3
ORD112604,2025-03-27,Appliances,600.04,WH-DEL,Metro
ORD112605,2025-10-28,Electronics,3488.95,WH-KOL,Tier-3
ORD112606,2025-09-23,Fashion,679.42,WH-KOL,Metro
ORD112607,2025-12-07,Fashion,293.59,WH-MUM,Metro
ORD112608,2025-05-12,Electronics,2324.35,WH-MUM,Metro
ORD112609,2025-11-22,Electronics,1440.86,WH-MUM,Tier-2
ORD112610,2025-10-09,Fashion,10011.83,WH-MUM,Tier-3
ORD112611,2025-03-24,Fashion,443.68,WH-KOL,Tier-3
ORD112612,2025-02-23,Electronics,1125.12,WH-BLR,Metro
ORD112613,2025-10-14,Electronics,584.25,WH-BLR,Tier-2
ORD112614,2025-03-08,Books,585.16,WH-BLR,Metro
ORD112615,2025-11-07,Electronics,693.55,WH-HYD,Remote
ORD112616,2025-08-23,Appliances,556.29,WH-MUM,Metro
ORD112617,2025-07-20,Electronics,1554.2,WH-BLR,Metro
ORD112618,2025-04-26,Electronics,1408.66,WH-MUM,Remote
ORD112619,2025-12-27,Fashion,1306.07,WH-BLR,Metro
ORD112620,2025-10-20,Fashion,3694.57,WH-BLR,Metro
ORD112621,2025-11-03,Grocery,2093.28,WH-KOL,Remote
ORD112622,2025-11-01,Appliances,2613.29,WH-DEL,Metro
ORD112623,2025-09-03,Fashion,1524.08,WH-DEL,Metro
ORD112624,2025-12-16,Electronics,1715.32,WH-MUM,Tier-2
ORD112625,2025-09-03,Books,2813.44,WH-MUM,Metro
ORD112626,2025-08-07,Electronics,536.71,WH-HYD,Tier-3
ORD112627,2025-04-26,Books,793.71,WH-BLR,Tier-3
ORD112628,2025-04-29,Grocery,1420.17,WH-DEL,Tier-2
ORD112629,2025-10-23,Fashion,1384.67,WH-DEL,Metro
ORD112630,2025-05-21,Fashion,429.67,WH-MUM,Metro
ORD112631,2025-10-21,Fashion,2464.22,WH-BLR,Tier-3
ORD112632,2025-12-19,Grocery,4236.81,WH-HYD,Metro
ORD112633,2025-07-04,Beauty,3987.52,WH-KOL,Metro
ORD112634,2025-02-10,Fashion,769.23,WH-BLR,Metro
ORD112635,2025-10-05,Beauty,2643.72,WH-BLR,Tier-3
ORD112636,2025-01-05,Fashion,970.16,WH-DEL,Tier-3
ORD112637,2025-11-06,Electronics,1417.14,WH-HYD,Metro
ORD112638,2025-08-09,Grocery,3234.53,WH-MUM,Metro
ORD112639,2025-07-25,Beauty,3914.76,WH-KOL,Tier-3
ORD112640,2025-08-28,Grocery,940.49,WH-KOL,Metro
ORD112641,2025-08-05,Books,884.09,WH-BLR,Metro
ORD112642,2025-05-17,Grocery,4441.08,WH-BLR,Metro
ORD112643,2025-04-29,Books,1235.53,WH-BLR,Metro
ORD112644,2025-06-24,Books,121.44,WH-KOL,Metro
ORD112645,2025-12-04,Appliances,1904.49,WH-DEL,Tier-3
ORD112646,2025-02-26,Furniture,705.51,WH-KOL,Metro
ORD112647,2025-05-17,Grocery,1066.98,WH-HYD,Metro
ORD112648,2025-03-22,Beauty,2152.81,WH-HYD,Tier-2
ORD112649,2025-06-29,Grocery,305.16,WH-BLR,Tier-3
ORD112650,2025-02-26,Fashion,2468.58,WH-BLR,Tier-2
ORD112651,2025-10-30,Books,398.58,WH-KOL,Metro
ORD112652,2025-02-13,Furniture,739.36,WH-MUM,Metro
ORD112653,2025-10-05,Grocery,1727.69,WH-KOL,Tier-2
ORD112654,2025-04-23,Appliances,500.52,WH-MUM,Tier-2
ORD112655,2025-07-18,Fashion,501.91,WH-DEL,Metro
ORD112656,2025-03-26,Fashion,1751.08,WH-DEL,Tier-2
ORD112657,2025-10-22,Electronics,2045.63,WH-BLR,Tier-3
ORD112658,2025-12-18,Books,1161.95,WH-DEL,Metro
ORD112659,2025-04-04,Furniture,2198.74,WH-KOL,Tier-3
ORD112660,2025-12-19,Books,33613.31,WH-MUM,Tier-2
ORD112661,2025-05-17,Fashion,406.72,WH-MUM,Metro
ORD112662,2025-08-23,Beauty,223.3,WH-DEL,Tier-2
ORD112663,2025-10-14,Fashion,3290.21,WH-HYD,Tier-3
ORD112664,2025-03-25,Fashion,520.06,WH-HYD,Tier-3
ORD112665,2025-07-06,Beauty,1800.17,WH-MUM,Tier-2
ORD112666,2025-01-29,Furniture,2177.02,WH-MUM,Tier-2
ORD112667,2025-10-13,Beauty,1302.79,WH-MUM,Tier-2
ORD112668,2025-06-25,Furniture,1672.84,WH-KOL,Metro
ORD112669,2025-12-03,Fashion,5257.68,WH-KOL,Metro
ORD112670,2025-04-26,Fashion,820.77,WH-DEL,Remote
ORD112671,2025-12-11,Books,3719.79,WH-MUM,Metro
ORD112672,2025-03-01,Grocery,469.68,WH-KOL,Tier-2
ORD112673,2025-09-13,Appliances,1773.58,WH-BLR,Metro
ORD112674,2025-05-10,Electronics,1977.2,WH-BLR,Tier-3
ORD112675,2025-03-18,Fashion,1260.1,WH-MUM,Tier-2
ORD112676,2025-02-09,Books,2910.75,WH-DEL,Metro
ORD112677,2025-10-02,Beauty,1386.63,WH-BLR,Metro
ORD112678,2025-04-08,Fashion,1747.61,WH-MUM,Metro
ORD112679,2025-08-29,Electronics,761.46,WH-HYD,Tier-2
ORD112680,2025-12-26,Electronics,602.7,WH-DEL,Tier-2
ORD112681,2025-05-13,Electronics,590.77,WH-BLR,Tier-3
ORD112682,2025-01-15,Books,820.23,WH-BLR,Metro
ORD112683,2025-03-02,Grocery,480.6,WH-HYD,Tier-3
ORD112684,2025-02-20,Fashion,5967.99,WH-BLR,Metro
ORD112685,2025-07-14,Appliances,1046.88,WH-BLR,Tier-3
ORD112686,2025-10-25,Books,1329.72,WH-KOL,Metro
ORD112687,2025-05-05,Fashion,534.75,WH-DEL,Tier-3
ORD112688,2025-03-03,Beauty,6874.08,WH-MUM,Metro
ORD112689,2025-09-27,Grocery,1092.45,WH-DEL,Tier-2
ORD112690,2025-05-07,Fashion,836.04,WH-DEL,Tier-2
ORD112691,2025-08-30,Books,899.96,WH-MUM,Tier-2
ORD112692,2025-12-14,Electronics,1131.39,WH-DEL,Remote
ORD112693,2025-05-03,Beauty,1050.43,WH-DEL,Tier-2
ORD112694,2025-08-04,Furniture,456.34,WH-BLR,Metro
ORD112695,2025-11-11,Beauty,2665.54,WH-MUM,Tier-2
ORD112696,2025-10-12,Electronics,549.44,WH-MUM,Metro
ORD112697,2025-10-27,Fashion,2559.46,WH-HYD,Metro
ORD112698,2025-11-02,Books,462.06,WH-HYD,Metro
ORD112699,2025-08-15,Books,1538.54,WH-HYD,Tier-2
ORD112700,2025-08-14,Books,590.23,WH-MUM,Remote
ORD112701,2025-10-19,Fashion,748.27,WH-DEL,Metro
ORD112702,2025-10-13,Furniture,1968.12,WH-DEL,Tier-3
ORD112703,2025-10-06,Fashion,3445.32,WH-MUM,Tier-3
ORD112704,2025-06-10,Fashion,5756.19,WH-KOL,Tier-2
ORD112705,2025-11-16,Grocery,1805.28,WH-MUM,Tier-2
ORD112706,2025-04-10,Appliances,1333.6,WH-DEL,Tier-3
ORD112707,2025-03-07,Grocery,619.77,WH-HYD,Metro
ORD112708,2025-05-26,Fashion,320.06,WH-HYD,Remote
ORD112709,2025-04-17,Books,2200.12,WH-DEL,Metro
ORD112710,2025-10-04,Beauty,1093.66,WH-MUM,Metro
ORD112711,2025-04-08,Fashion,1349.17,WH-DEL,Tier-3
ORD112712,2025-10-02,Books,974.04,WH-MUM,Metro
ORD112713,2025-08-04,Books,754.22,WH-DEL,Metro
ORD112714,2025-03-06,Fashion,2301.52,WH-HYD,Metro
ORD112715,2025-04-19,Appliances,5239.33,WH-BLR,Metro
ORD112716,2025-08-08,Beauty,512.92,WH-DEL,Metro
ORD112717,2025-10-22,Appliances,299.1,WH-BLR,Metro
ORD112718,2025-06-17,Electronics,1109.91,WH-HYD,Metro
ORD112719,2025-04-08,Furniture,754.3,WH-BLR,Tier-2
ORD112720,2025-05-04,Appliances,3452.8,WH-MUM,Metro
ORD112721,2025-02-09,Furniture,2007.92,WH-MUM,Tier-3
ORD112722,2025-01-11,Electronics,6102.73,WH-MUM,Tier-3
ORD112723,2025-12-24,Electronics,3172.42,WH-DEL,Tier-3
ORD112724,2025-02-10,Books,1456.57,WH-MUM,Metro
ORD112725,2025-02-22,Grocery,1507.27,WH-MUM,Tier-2
ORD112726,2025-11-28,Beauty,1831.76,WH-KOL,Metro
ORD112727,2025-10-04,Fashion,646.71,WH-BLR,Remote
ORD112728,2025-07-03,Books,1897.27,WH-MUM,Metro
ORD112729,2025-09-30,Electronics,4009.75,WH-DEL,Metro
ORD112730,2025-12-14,Books,807.99,WH-HYD,Metro
ORD112731,2025-02-11,Books,1103.82,WH-MUM,Remote
ORD112732,2025-04-13,Fashion,2265.1,WH-MUM,Metro
ORD112733,2025-11-25,Fashion,4443.07,WH-HYD,Metro
ORD112734,2025-11-04,Beauty,739.66,WH-DEL,Metro
ORD112735,2025-12-30,Appliances,1628.85,WH-HYD,Tier-3
ORD112736,2025-05-12,Grocery,1306.29,WH-BLR,Tier-2
ORD112737,2025-12-17,Fashion,1075.72,WH-MUM,Remote
ORD112738,2025-05-25,Beauty,302.72,WH-DEL,Remote
ORD112739,2025-10-18,Appliances,738.52,WH-BLR,Tier-3
ORD112740,2025-12-01,Fashion,501.68,WH-MUM,Metro
ORD112741,2025-03-13,Grocery,1202.83,WH-BLR,Remote
ORD112742,2025-03-28,Electronics,932.22,WH-DEL,Tier-2
ORD112743,2025-09-02,Books,517.3,WH-KOL,Tier-2
ORD112744,2025-11-20,Books,1082.39,WH-KOL,Tier-2
ORD112745,2025-02-03,Fashion,5958.15,WH-MUM,Tier-3
ORD112746,2025-11-22,Fashion,788.12,WH-BLR,Remote
ORD112747,2025-05-25,Fashion,982.24,WH-KOL,Remote
ORD112748,2025-06-20,Electronics,1117.78,WH-DEL,Tier-2
ORD112749,2025-05-23,Beauty,747.93,WH-DEL,Metro
ORD112750,2025-12-08,Appliances,379.13,WH-HYD,Remote
ORD112751,2025-02-24,Fashion,5695.47,WH-MUM,Metro
ORD112752,2025-08-30,Electronics,309.6,WH-MUM,Tier-2
ORD112753,2025-03-04,Electronics,339.89,WH-HYD,Metro
ORD112754,2025-12-13,Appliances,2438.43,WH-MUM,Metro
ORD112755,2025-11-08,Fashion,259.97,WH-HYD,Tier-2
ORD112756,2025-04-09,Fashion,2481.98,WH-KOL,Tier-3
ORD112757,2025-05-06,Beauty,2667.62,WH-MUM,Remote
ORD112758,2025-06-10,Grocery,705.39,WH-KOL,Remote
ORD112759,2025-06-20,Books,1384.69,WH-MUM,Tier-2
ORD112760,2025-11-14,Electronics,1286.41,WH-KOL,Metro
ORD112761,2025-08-26,Fashion,703.35,WH-MUM,Tier-2
ORD112762,2025-06-29,Books,818.78,WH-BLR,Metro
ORD112763,2025-10-19,Books,1181.39,WH-HYD,Tier-2
ORD112764,2025-07-12,Appliances,921.86,WH-KOL,Remote
ORD112765,2025-02-23,Grocery,2122.88,WH-HYD,Tier-2
ORD112766,2025-02-15,Fashion,1187.65,WH-HYD,Metro
ORD112767,2025-05-17,Grocery,1921.87,WH-KOL,Tier-2
ORD112768,2025-09-11,Electronics,982.17,WH-DEL,Metro
ORD112769,2025-02-26,Fashion,2235.23,WH-KOL,Metro
ORD112770,2025-08-20,Grocery,2716.52,WH-BLR,Tier-3
ORD112771,2025-04-24,Electronics,274.83,WH-BLR,Metro
ORD112772,2025-10-13,Fashion,1812.59,WH-MUM,Tier-2
ORD112773,2025-01-12,Electronics,768.39,WH-KOL,Tier-3
ORD112774,2025-07-17,Fashion,942.91,WH-BLR,Metro
ORD112775,2025-01-22,Books,1720.55,WH-MUM,Tier-2
ORD112776,2025-05-19,Beauty,1477.28,WH-BLR,Tier-2
ORD112777,2025-01-07,Electronics,1111.1,WH-BLR,Tier-2
ORD112778,2025-07-17,Fashion,2273.34,WH-DEL,Remote
ORD112779,2025-10-31,Books,1545.98,WH-BLR,Tier-3
ORD112780,2025-02-12,Electronics,730.2,WH-KOL,Metro
ORD112781,2025-10-23,Appliances,3225.85,WH-KOL,Tier-2
ORD112782,2025-09-03,Electronics,3138.82,WH-DEL,Metro
ORD112783,2025-08-01,Furniture,1353.77,WH-MUM,Metro
ORD112784,2025-09-09,Fashion,856.86,WH-KOL,Metro
ORD112785,2025-05-22,Appliances,722.62,WH-MUM,Metro
ORD112786,2025-10-16,Grocery,5106.76,WH-BLR,Tier-2
ORD112787,2025-11-04,Electronics,1155.84,WH-MUM,Tier-2
ORD112788,2025-11-03,Fashion,1504.89,WH-MUM,Metro
ORD112789,2025-04-24,Grocery,1877.67,WH-DEL,Tier-3
ORD112790,2025-10-02,Beauty,146.95,WH-MUM,Tier-3
ORD112791,2025-03-04,Grocery,643.73,WH-HYD,Tier-3
ORD112792,2025-07-28,Electronics,7795.2,WH-DEL,Metro
ORD112793,2025-01-02,Grocery,142.95,WH-MUM,Metro
ORD112794,2025-03-23,Fashion,404.59,WH-MUM,Metro
ORD112795,2025-09-23,Books,934.83,WH-HYD,Metro
ORD112796,2025-11-29,Books,605.63,WH-MUM,Remote
ORD112797,2025-01-21,Electronics,734.56,WH-BLR,Tier-2
ORD112798,2025-08-23,Grocery,531.6,WH-DEL,Tier-2
ORD112799,2025-09-25,Appliances,1167.31,WH-MUM,Tier-2
ORD112800,2025-12-14,Fashion,1782.41,WH-BLR,Tier-2
ORD112801,2025-10-02,Furniture,1845.46,WH-MUM,Remote
ORD112802,2025-02-13,Grocery,694.01,WH-DEL,Metro
ORD112803,2025-03-03,Grocery,2916.24,WH-BLR,Tier-3
ORD112804,2025-09-25,Grocery,1501.78,WH-HYD,Tier-2
ORD112805,2025-04-01,Grocery,3155.47,WH-MUM,Metro
ORD112806,2025-12-13,Appliances,1686.81,WH-BLR,Tier-2
ORD112807,2025-12-11,Grocery,1086.53,WH-HYD,Tier-2
ORD112808,2025-12-18,Appliances,1108.21,WH-DEL,Metro
ORD112809,2025-05-04,Grocery,1775.47,WH-KOL,Metro
ORD112810,2025-10-18,Furniture,3677.33,WH-MUM,Tier-2
ORD112811,2025-10-04,Fashion,1480.45,WH-MUM,Tier-3
ORD112812,2025-01-15,Grocery,1583.19,WH-DEL,Tier-2
ORD112813,2025-04-22,Grocery,2105.06,WH-KOL,Metro
ORD112814,2025-03-28,Fashion,323.75,WH-HYD,Tier-2
ORD112815,2025-06-05,Electronics,426.54,WH-DEL,Remote
ORD112816,2025-12-19,Grocery,1594.41,WH-HYD,Remote
ORD112817,2025-11-21,Electronics,623.3,WH-BLR,Metro
ORD112818,2025-05-04,Fashion,1084.31,WH-HYD,Metro
ORD112819,2025-08-11,Fashion,1325.18,WH-DEL,Tier-2
ORD112820,2025-03-22,Furniture,9229.42,WH-MUM,Metro
ORD112821,2025-04-27,Beauty,1162.84,WH-BLR,Tier-3
ORD112822,2025-01-28,Books,246.8,WH-MUM,Metro
ORD112823,2025-09-28,Beauty,1576.77,WH-BLR,Metro
ORD112824,2025-10-02,Beauty,3022.97,WH-MUM,Tier-3
ORD112825,2025-11-19,Electronics,2050.64,WH-BLR,Metro
ORD112826,2025-11-28,Fashion,1942.57,WH-DEL,Metro
ORD112827,2025-03-09,Fashion,742.9,WH-DEL,Tier-3
ORD112828,2025-10-25,Electronics,956.86,WH-BLR,Metro
ORD112829,2025-02-26,Books,679.08,WH-DEL,Tier-2
ORD112830,2025-06-07,Books,743.98,WH-BLR,Metro
ORD112831,2025-08-05,Furniture,1133.75,WH-MUM,Metro
ORD112832,2025-01-21,Books,2796.35,WH-KOL,Metro
ORD112833,2025-03-07,Appliances,13422.4,WH-HYD,Metro
ORD112834,2025-04-24,Fashion,1506.06,WH-DEL,Tier-2
ORD112835,2025-02-23,Electronics,2063.98,WH-DEL,Remote
ORD112836,2025-12-14,Beauty,194.46,WH-BLR,Tier-3
ORD112837,2025-05-02,Appliances,942.23,WH-MUM,Tier-3
ORD112838,2025-07-30,Fashion,4561.32,WH-MUM,Tier-2
ORD112839,2025-12-31,Electronics,1443.58,WH-MUM,Tier-3
ORD112840,2025-08-27,Books,1231.59,WH-KOL,Tier-2
ORD112841,2025-06-22,Books,13639.39,WH-HYD,Remote
ORD112842,2025-12-13,Grocery,3469.66,WH-DEL,Tier-2
ORD112843,2025-04-04,Beauty,2483.18,WH-DEL,Tier-2
ORD112844,2025-03-17,Fashion,1272.94,WH-HYD,Metro
ORD112845,2025-08-13,Beauty,1665.03,WH-MUM,Tier-3
ORD112846,2025-06-29,Furniture,7408.12,WH-HYD,Metro
ORD112847,2025-11-08,Appliances,7989.43,WH-DEL,Tier-3
ORD112848,2025-01-18,Beauty,871.38,WH-HYD,Tier-3
ORD112849,2025-09-17,Books,365.37,WH-BLR,Metro
ORD112850,2025-10-17,Fashion,1393.43,WH-DEL,Metro
ORD112851,2025-12-24,Books,2467.49,WH-MUM,Remote
ORD112852,2025-03-03,Grocery,5681.62,WH-BLR,Metro
ORD112853,2025-04-14,Electronics,1231.51,WH-DEL,Tier-3
ORD112854,2025-12-14,Furniture,1013.39,WH-KOL,Metro
ORD112855,2025-09-22,Grocery,3260.42,WH-HYD,Tier-2
ORD112856,2025-01-16,Grocery,640.11,WH-BLR,Remote
ORD112857,2025-02-02,Fashion,1107.69,WH-BLR,Tier-2
ORD112858,2025-11-05,Electronics,1345.33,WH-MUM,Tier-2
ORD112859,2025-08-27,Electronics,1264.8,WH-BLR,Tier-2
ORD112860,2025-08-26,Appliances,3727.05,WH-BLR,Metro
ORD112861,2025-11-30,Fashion,2055.79,WH-BLR,Metro
ORD112862,2025-04-12,Furniture,869.33,WH-MUM,Tier-2
ORD112863,2025-03-09,Grocery,1109.62,WH-BLR,Tier-3
ORD112864,2025-09-15,Fashion,12559.38,WH-BLR,Tier-2
ORD112865,2025-12-01,Fashion,422.03,WH-HYD,Tier-2
ORD112866,2025-04-22,Fashion,298.03,WH-KOL,Metro
ORD112867,2025-10-09,Books,496.2,WH-HYD,Metro
ORD112868,2025-03-06,Beauty,1708.32,WH-BLR,Metro
ORD112869,2025-03-14,Fashion,3326.08,WH-BLR,Remote
ORD112870,2025-12-06,Electronics,1221.64,WH-DEL,Tier-2
ORD112871,2025-02-19,Furniture,853.05,WH-HYD,Tier-3
ORD112872,2025-01-11,Fashion,744.25,WH-DEL,Metro
ORD112873,2025-11-02,Grocery,334.82,WH-HYD,Tier-2
ORD112874,2025-06-02,Fashion,4815.07,WH-MUM,Metro
ORD112875,2025-06-16,Furniture,1139.1,WH-KOL,Remote
ORD112876,2025-11-09,Fashion,1600.44,WH-HYD,Metro
ORD112877,2025-03-17,Books,2650.01,WH-BLR,Metro
ORD112878,2025-10-01,Fashion,4062.12,WH-MUM,Metro
ORD112879,2025-05-12,Fashion,1118.01,WH-DEL,Metro
ORD112880,2025-02-13,Beauty,645.66,WH-BLR,Metro
ORD112881,2025-10-10,Fashion,1316.48,WH-MUM,Remote
ORD112882,2025-05-14,Electronics,1205.5,WH-DEL,Remote
ORD112883,2025-11-26,Electronics,857.28,WH-DEL,Tier-2
ORD112884,2025-12-10,Appliances,487.94,WH-HYD,Tier-3
ORD112885,2025-11-22,Grocery,1828.53,WH-MUM,Metro
ORD112886,2025-05-16,Grocery,3867.01,WH-KOL,Tier-3
ORD112887,2025-04-10,Electronics,5439.26,WH-MUM,Metro
ORD112888,2025-12-03,Electronics,731.34,WH-KOL,Tier-2
ORD112889,2025-07-10,Fashion,5469.52,WH-MUM,Metro
ORD112890,2025-10-16,Fashion,555.31,WH-DEL,Remote
ORD112891,2025-11-16,Fashion,1509.26,WH-KOL,Metro
ORD112892,2025-04-27,Grocery,3091.6,WH-MUM,Metro
ORD112893,2025-02-20,Appliances,2083.95,WH-HYD,Metro
ORD112894,2025-09-20,Furniture,4144.66,WH-DEL,Tier-2
ORD112895,2025-09-05,Furniture,590.03,WH-MUM,Tier-2
ORD112896,2025-04-24,Grocery,1157.39,WH-DEL,Tier-2
ORD112897,2025-09-03,Fashion,1138.58,WH-BLR,Tier-3
ORD112898,2025-11-06,Furniture,3332.09,WH-DEL,Tier-3
ORD112899,2025-05-28,Electronics,1113.04,WH-BLR,Tier-2
ORD112900,2025-04-12,Appliances,1614.83,WH-DEL,Tier-2
ORD112901,2025-10-20,Grocery,1089.38,WH-DEL,Remote
ORD112902,2025-11-05,Grocery,1789.26,WH-BLR,Tier-2
ORD112903,2025-12-19,Books,734.4,WH-BLR,Metro
ORD112904,2025-03-04,Fashion,546.97,WH-DEL,Tier-2
ORD112905,2025-12-02,Electronics,898.8,WH-BLR,Tier-2
ORD112906,2025-10-31,Books,642.54,WH-DEL,Remote
ORD112907,2025-10-14,Fashion,1138.83,WH-KOL,Metro
ORD112908,2025-05-12,Fashion,2503.37,WH-BLR,Tier-2
ORD112909,2025-01-10,Fashion,459.42,WH-MUM,Tier-2
ORD112910,2025-08-02,Fashion,961.89,WH-KOL,Tier-3
ORD112911,2025-05-01,Grocery,7602.83,WH-KOL,Metro
ORD112912,2025-05-02,Books,318.67,WH-BLR,Remote
ORD112913,2025-12-12,Appliances,548.1,WH-HYD,Metro
ORD112914,2025-03-06,Grocery,1705.73,WH-BLR,Metro
ORD112915,2025-12-14,Appliances,371.25,WH-HYD,Tier-2
ORD112916,2025-07-31,Books,1206.12,WH-MUM,Metro
ORD112917,2025-11-19,Electronics,5107.37,WH-BLR,Metro
ORD112918,2025-04-30,Grocery,811.85,WH-MUM,Remote
ORD112919,2025-09-24,Electronics,654.3,WH-BLR,Tier-2
ORD112920,2025-08-22,Fashion,364.08,WH-MUM,Remote
ORD112921,2025-12-12,Appliances,661.96,WH-MUM,Metro
ORD112922,2025-03-17,Books,1105.11,WH-KOL,Metro
ORD112923,2025-03-27,Books,7389.0,WH-DEL,Metro
ORD112924,2025-12-18,Grocery,1153.67,WH-DEL,Metro
ORD112925,2025-02-11,Electronics,1198.24,WH-BLR,Tier-2
ORD112926,2025-09-24,Electronics,1288.26,WH-KOL,Remote
ORD112927,2025-01-26,Fashion,666.34,WH-MUM,Metro
ORD112928,2025-02-02,Fashion,202.68,WH-BLR,Tier-3
ORD112929,2025-09-08,Grocery,4249.0,WH-DEL,Tier-2
ORD112930,2025-08-20,Furniture,2170.8,WH-MUM,Metro
ORD112931,2025-08-29,Electronics,3256.2,WH-MUM,Metro
ORD112932,2025-07-19,Electronics,1616.17,WH-MUM,Tier-2
ORD112933,2025-10-25,Electronics,3384.75,WH-MUM,Metro
ORD112934,2025-12-29,Appliances,389.63,WH-MUM,Tier-2
ORD112935,2025-04-26,Fashion,1394.88,WH-HYD,Tier-2
ORD112936,2025-05-16,Electronics,2023.96,WH-BLR,Metro
ORD112937,2025-05-16,Fashion,3846.03,WH-BLR,Metro
ORD112938,2025-10-30,Fashion,1868.62,WH-BLR,Tier-3
ORD112939,2025-05-27,Fashion,1869.8,WH-MUM,Tier-2
ORD112940,2025-10-08,Books,1604.98,WH-BLR,Tier-2
ORD112941,2025-07-07,Fashion,410.49,WH-BLR,Metro
ORD112942,2025-09-13,Electronics,833.08,WH-MUM,Tier-3
ORD112943,2025-11-17,Fashion,894.52,WH-KOL,Tier-2
ORD112944,2025-08-05,Electronics,2608.46,WH-BLR,Remote
ORD112945,2025-07-19,Beauty,2020.36,WH-BLR,Tier-3
ORD112946,2025-04-23,Appliances,4468.84,WH-DEL,Tier-2
ORD112947,2025-08-05,Grocery,1979.22,WH-MUM,Tier-2
ORD112948,2025-04-21,Grocery,1129.37,WH-BLR,Metro
ORD112949,2025-11-20,Fashion,3736.94,WH-KOL,Tier-2
ORD112950,2025-06-13,Fashion,495.01,WH-DEL,Tier-2
ORD112951,2025-02-24,Fashion,1061.35,WH-MUM,Tier-2
ORD112952,2025-04-11,Books,627.91,WH-DEL,Remote
ORD112953,2025-08-13,Appliances,546.4,WH-HYD,Tier-2
ORD112954,2025-12-10,Fashion,561.51,WH-BLR,Metro
ORD112955,2025-05-07,Appliances,789.05,WH-KOL,Metro
ORD112956,2025-04-22,Electronics,1559.76,WH-BLR,Metro
ORD112957,2025-06-20,Fashion,1011.8,WH-MUM,Remote
ORD112958,2025-12-23,Electronics,1648.77,WH-MUM,Metro
ORD112959,2025-11-21,Fashion,1598.7,WH-DEL,Tier-3
ORD112960,2025-03-04,Fashion,206.56,WH-HYD,Tier-2
ORD112961,2025-09-15,Beauty,1515.84,WH-DEL,Remote
ORD112962,2025-11-07,Fashion,735.08,WH-BLR,Tier-2
ORD112963,2025-11-01,Fashion,359.94,WH-HYD,Tier-3
ORD112964,2025-07-25,Electronics,1605.47,WH-KOL,Tier-2
ORD112965,2025-10-22,Electronics,1409.43,WH-BLR,Metro
ORD112966,2025-09-03,Fashion,1506.81,WH-MUM,Tier-2
ORD112967,2025-03-26,Electronics,2332.67,WH-DEL,Metro
ORD112968,2025-01-24,Fashion,776.51,WH-HYD,Metro
ORD112969,2025-06-05,Electronics,605.48,WH-BLR,Metro
ORD112970,2025-01-27,Electronics,1296.29,WH-BLR,Metro
ORD112971,2025-06-15,Furniture,925.42,WH-DEL,Tier-2
ORD112972,2025-11-17,Beauty,11600.47,WH-HYD,Tier-2
ORD112973,2025-11-21,Electronics,1179.01,WH-MUM,Remote
ORD112974,2025-01-15,Appliances,1305.91,WH-DEL,Tier-2
ORD112975,2025-01-30,Furniture,644.07,WH-HYD,Tier-3
ORD112976,2025-10-06,Grocery,563.0,WH-BLR,Tier-2
ORD112977,2025-07-30,Appliances,338.92,WH-MUM,Tier-2
ORD112978,2025-03-04,Grocery,980.56,WH-MUM,Tier-2
ORD112979,2025-11-10,Beauty,1076.23,WH-HYD,Tier-3
ORD112980,2025-04-01,Electronics,3045.12,WH-DEL,Metro
ORD112981,2025-02-02,Grocery,1033.09,WH-HYD,Metro
ORD112982,2025-10-27,Furniture,909.91,WH-DEL,Tier-3
ORD112983,2025-09-13,Beauty,1516.11,WH-BLR,Metro
ORD112984,2025-06-15,Grocery,1147.27,WH-MUM,Metro
ORD112985,2025-10-12,Beauty,2678.33,WH-MUM,Metro
ORD112986,2025-12-08,Furniture,3919.24,WH-DEL,Metro
ORD112987,2025-01-15,Appliances,1202.86,WH-KOL,Metro
ORD112988,2025-09-21,Books,568.78,WH-MUM,Metro
ORD112989,2025-04-02,Appliances,1100.51,WH-DEL,Remote
ORD112990,2025-07-19,Grocery,1463.57,WH-BLR,Tier-3
ORD112991,2025-06-28,Appliances,419.73,WH-DEL,Metro
ORD112992,2025-06-13,Electronics,978.14,WH-HYD,Metro
ORD112993,2025-03-21,Beauty,372.36,WH-HYD,Remote
ORD112994,2025-11-10,Books,1724.98,WH-KOL,Tier-2
ORD112995,2025-06-09,Furniture,509.15,WH-KOL,Tier-2
ORD112996,2025-12-02,Electronics,952.56,WH-DEL,Tier-2
ORD112997,2025-05-30,Fashion,1092.11,WH-HYD,Metro
ORD112998,2025-11-19,Fashion,441.17,WH-HYD,Metro
ORD112999,2025-08-17,Fashion,1280.79,WH-DEL,Tier-2
ORD113000,2025-06-12,Furniture,521.64,WH-BLR,Tier-2
ORD113001,2025-10-15,Books,4067.79,WH-KOL,Remote
ORD113002,2025-11-05,Appliances,3604.16,WH-KOL,Metro
ORD113003,2025-07-22,Fashion,3186.42,WH-DEL,Metro
ORD113004,2025-06-28,Beauty,1400.67,WH-MUM,Remote
ORD113005,2025-08-31,Books,1633.79,WH-BLR,Tier-3
ORD113006,2025-09-03,Appliances,1081.68,WH-BLR,Metro
ORD113007,2025-06-28,Fashion,1914.41,WH-HYD,Metro
ORD113008,2025-10-29,Appliances,4619.17,WH-MUM,Tier-2
ORD113009,2025-06-17,Fashion,569.48,WH-DEL,Metro
ORD113010,2025-07-10,Electronics,1773.19,WH-MUM,Tier-3
ORD113011,2025-09-12,Furniture,316.76,WH-DEL,Metro
ORD113012,2025-12-28,Appliances,896.33,WH-HYD,Metro
ORD113013,2025-04-20,Fashion,1185.93,WH-KOL,Tier-2
ORD113014,2025-04-08,Beauty,1607.69,WH-MUM,Tier-3
ORD113015,2025-03-16,Books,2142.43,WH-MUM,Remote
ORD113016,2025-10-11,Grocery,3555.32,WH-BLR,Tier-2
ORD113017,2025-07-08,Electronics,406.59,WH-HYD,Metro
ORD113018,2025-06-13,Electronics,2500.45,WH-HYD,Tier-2
ORD113019,2025-03-27,Furniture,5280.02,WH-MUM,Metro
ORD113020,2025-12-03,Books,924.84,WH-BLR,Metro
ORD113021,2025-07-06,Grocery,836.85,WH-DEL,Metro
ORD113022,2025-09-13,Electronics,1474.15,WH-HYD,Metro
ORD113023,2025-02-17,Electronics,1186.97,WH-HYD,Metro
ORD113024,2025-02-15,Fashion,1125.06,WH-BLR,Tier-3
ORD113025,2025-01-29,Furniture,4221.5,WH-KOL,Metro
ORD113026,2025-06-04,Grocery,8968.73,WH-DEL,Tier-2
ORD113027,2025-07-18,Electronics,1032.42,WH-DEL,Metro
ORD113028,2025-04-13,Grocery,8516.51,WH-BLR,Tier-2
ORD113029,2025-05-27,Books,1007.81,WH-BLR,Tier-2
ORD113030,2025-01-03,Fashion,2453.65,WH-BLR,Metro
ORD113031,2025-05-28,Electronics,580.1,WH-MUM,Tier-3
ORD113032,2025-02-20,Grocery,660.66,WH-KOL,Tier-2
ORD113033,2025-02-23,Beauty,1032.42,WH-HYD,Remote
ORD113034,2025-01-02,Electronics,2604.74,WH-KOL,Remote
ORD113035,2025-10-13,Electronics,1581.56,WH-DEL,Metro
ORD113036,2025-12-13,Grocery,359.32,WH-BLR,Tier-3
ORD113037,2025-09-19,Fashion,460.94,WH-DEL,Tier-3
ORD113038,2025-02-10,Books,336.07,WH-DEL,Tier-2
ORD113039,2025-12-29,Appliances,1726.28,WH-KOL,Tier-3
ORD113040,2025-12-25,Electronics,1506.58,WH-DEL,Tier-2
ORD113041,2025-07-16,Books,1483.64,WH-MUM,Tier-2
ORD113042,2025-02-15,Furniture,1471.15,WH-HYD,Metro
ORD113043,2025-10-19,Grocery,729.84,WH-HYD,Tier-3
ORD113044,2025-12-21,Fashion,1532.56,WH-DEL,Remote
ORD113045,2025-11-03,Furniture,4213.93,WH-BLR,Metro
ORD113046,2025-09-20,Books,2110.1,WH-MUM,Tier-2
ORD113047,2025-09-14,Electronics,524.99,WH-HYD,Metro
ORD113048,2025-12-26,Fashion,1024.08,WH-MUM,Tier-3
ORD113049,2025-01-31,Beauty,809.8,WH-HYD,Metro
ORD113050,2025-03-04,Fashion,2710.25,WH-MUM,Metro
ORD113051,2025-11-17,Electronics,574.55,WH-MUM,Tier-3
ORD113052,2025-03-02,Electronics,1547.88,WH-MUM,Tier-2
ORD113053,2025-06-11,Appliances,1017.06,WH-BLR,Tier-2
ORD113054,2025-04-29,Appliances,718.37,WH-MUM,Tier-2
ORD113055,2025-04-13,Electronics,1580.18,WH-HYD,Tier-3
ORD113056,2025-01-11,Fashion,1121.23,WH-MUM,Metro
ORD113057,2025-08-26,Grocery,2428.08,WH-MUM,Metro
ORD113058,2025-06-18,Appliances,906.0,WH-DEL,Tier-2
ORD113059,2025-08-20,Electronics,519.73,WH-DEL,Tier-2
ORD113060,2025-05-08,Grocery,1134.69,WH-MUM,Tier-2
ORD113061,2025-12-16,Grocery,1636.06,WH-HYD,Tier-2
ORD113062,2025-09-06,Electronics,2182.7,WH-MUM,Tier-2
ORD113063,2025-12-21,Fashion,1153.96,WH-DEL,Metro
ORD113064,2025-05-28,Beauty,2629.18,WH-BLR,Metro
ORD113065,2025-01-01,Books,458.04,WH-MUM,Tier-2
ORD113066,2025-11-04,Fashion,2933.02,WH-BLR,Metro
ORD113067,2025-11-16,Books,2111.73,WH-KOL,Remote
ORD113068,2025-01-25,Furniture,939.36,WH-BLR,Remote
ORD113069,2025-09-20,Beauty,3098.09,WH-DEL,Metro
ORD113070,2025-10-03,Beauty,1718.11,WH-HYD,Metro
ORD113071,2025-03-03,Furniture,3721.31,WH-MUM,Metro
ORD113072,2025-08-21,Grocery,719.44,WH-MUM,Tier-2
ORD113073,2025-04-13,Electronics,775.8,WH-BLR,Remote
ORD113074,2025-01-07,Grocery,2079.28,WH-MUM,Metro
ORD113075,2025-11-27,Fashion,1413.52,WH-KOL,Metro
ORD113076,2025-07-26,Furniture,423.36,WH-BLR,Tier-2
ORD113077,2025-11-04,Electronics,5979.41,WH-MUM,Tier-2
ORD113078,2025-10-20,Books,5439.63,WH-MUM,Tier-2
ORD113079,2025-12-30,Beauty,1561.11,WH-DEL,Tier-3
ORD113080,2025-07-04,Fashion,773.15,WH-MUM,Tier-3
ORD113081,2025-06-29,Furniture,787.29,WH-MUM,Tier-2
ORD113082,2025-04-29,Books,1825.17,WH-BLR,Metro
ORD113083,2025-09-20,Grocery,4226.83,WH-KOL,Tier-2
ORD113084,2025-07-24,Beauty,11116.51,WH-DEL,Tier-2
ORD113085,2025-10-21,Grocery,1052.45,WH-BLR,Metro
ORD113086,2025-05-30,Fashion,1007.47,WH-HYD,Tier-3
ORD113087,2025-02-24,Grocery,1173.43,WH-HYD,Tier-3
ORD113088,2025-11-25,Grocery,1857.28,WH-MUM,Tier-2
ORD113089,2025-11-16,Fashion,676.05,WH-KOL,Remote
ORD113090,2025-05-28,Books,450.25,WH-BLR,Tier-2
ORD113091,2025-10-11,Furniture,1111.74,WH-HYD,Remote
ORD113092,2025-07-26,Fashion,1716.29,WH-HYD,Tier-3
ORD113093,2025-10-30,Fashion,5278.55,WH-DEL,Tier-3
ORD113094,2025-06-13,Fashion,564.81,WH-DEL,Metro
ORD113095,2025-08-14,Fashion,3306.11,WH-BLR,Tier-2
ORD113096,2025-01-25,Grocery,1234.28,WH-BLR,Tier-2
ORD113097,2025-03-15,Fashion,1101.92,WH-MUM,Tier-3
ORD113098,2025-11-04,Books,387.04,WH-KOL,Remote
ORD113099,2025-06-10,Beauty,1832.68,WH-BLR,Metro
ORD113100,2025-01-15,Grocery,1668.93,WH-MUM,Tier-3
ORD113101,2025-03-12,Appliances,8219.06,WH-BLR,Metro
ORD113102,2025-06-22,Beauty,1089.59,WH-MUM,Tier-3
ORD113103,2025-10-18,Electronics,4641.72,WH-MUM,Metro
ORD113104,2025-06-02,Electronics,1049.59,WH-KOL,Tier-2
ORD113105,2025-10-26,Electronics,1019.04,WH-BLR,Tier-2
ORD113106,2025-11-24,Fashion,349.2,WH-BLR,Tier-3
ORD113107,2025-05-24,Fashion,3360.42,WH-BLR,Tier-2
ORD113108,2025-11-09,Grocery,1495.49,WH-DEL,Metro
ORD113109,2025-02-23,Grocery,1334.26,WH-DEL,Tier-2
ORD113110,2025-06-24,Electronics,1061.92,WH-BLR,Tier-2
ORD113111,2025-02-10,Fashion,1617.09,WH-MUM,Metro
ORD113112,2025-01-23,Electronics,758.3,WH-MUM,Metro
ORD113113,2025-01-28,Grocery,1919.39,WH-BLR,Remote
ORD113114,2025-02-14,Fashion,624.11,WH-HYD,Metro
ORD113115,2025-11-18,Electronics,1203.34,WH-HYD,Metro
ORD113116,2025-08-17,Electronics,1994.01,WH-MUM,Tier-2
ORD113117,2025-12-18,Appliances,4130.24,WH-DEL,Metro
ORD113118,2025-08-15,Fashion,1584.28,WH-MUM,Tier-2
ORD113119,2025-09-22,Furniture,3779.39,WH-BLR,Metro
ORD113120,2025-03-19,Books,1326.05,WH-DEL,Metro
ORD113121,2025-08-16,Grocery,633.92,WH-HYD,Tier-2
ORD113122,2025-06-11,Electronics,7081.74,WH-MUM,Tier-2
ORD113123,2025-12-13,Furniture,1221.16,WH-MUM,Metro
ORD113124,2025-12-14,Electronics,2856.72,WH-MUM,Tier-2
ORD113125,2025-03-25,Books,815.17,WH-MUM,Tier-2
ORD113126,2025-09-18,Appliances,2031.63,WH-MUM,Tier-3
ORD113127,2025-09-26,Fashion,1764.5,WH-HYD,Metro
ORD113128,2025-08-25,Fashion,1339.23,WH-BLR,Tier-2
ORD113129,2025-02-22,Appliances,6790.17,WH-DEL,Metro
ORD113130,2025-10-02,Grocery,1887.49,WH-KOL,Metro
ORD113131,2025-11-09,Electronics,995.42,WH-BLR,Tier-2
ORD113132,2025-05-26,Appliances,4718.43,WH-DEL,Tier-2
ORD113133,2025-08-05,Fashion,314.49,WH-MUM,Remote
ORD113134,2025-02-18,Books,417.19,WH-DEL,Metro
ORD113135,2025-12-13,Books,2708.19,WH-KOL,Tier-2
ORD113136,2025-02-16,Fashion,1605.83,WH-KOL,Remote
ORD113137,2025-03-29,Fashion,865.12,WH-MUM,Tier-2
ORD113138,2025-05-06,Fashion,1833.14,WH-HYD,Tier-3
ORD113139,2025-11-16,Books,3143.54,WH-DEL,Tier-2
ORD113140,2025-10-14,Electronics,575.16,WH-HYD,Tier-3
ORD113141,2025-01-03,Fashion,1248.82,WH-KOL,Tier-3
ORD113142,2025-03-19,Furniture,1381.32,WH-DEL,Metro
ORD113143,2025-10-27,Electronics,1711.3,WH-BLR,Tier-3
ORD113144,2025-06-19,Electronics,2242.59,WH-MUM,Metro
ORD113145,2025-01-12,Appliances,277.44,WH-HYD,Tier-3
ORD113146,2025-12-22,Grocery,2056.87,WH-BLR,Tier-2
ORD113147,2025-03-05,Grocery,290.94,WH-DEL,Tier-2
ORD113148,2025-08-03,Fashion,1300.35,WH-DEL,Metro
ORD113149,2025-04-15,Grocery,575.82,WH-HYD,Metro
ORD113150,2025-10-24,Grocery,1567.55,WH-HYD,Metro
ORD113151,2025-11-03,Fashion,2281.28,WH-BLR,Metro
ORD113152,2025-06-16,Beauty,1402.13,WH-DEL,Metro
ORD113153,2025-10-03,Electronics,794.3,WH-HYD,Metro
ORD113154,2025-12-08,Fashion,467.44,WH-BLR,Tier-3
ORD113155,2025-11-13,Books,1300.39,WH-MUM,Tier-3
ORD113156,2025-06-24,Fashion,967.12,WH-DEL,Tier-2
ORD113157,2025-07-05,Beauty,1753.2,WH-MUM,Tier-3
ORD113158,2025-12-02,Fashion,949.07,WH-MUM,Metro
ORD113159,2025-01-15,Electronics,4112.18,WH-BLR,Tier-3
ORD113160,2025-01-10,Electronics,1390.4,WH-HYD,Tier-2
ORD113161,2025-03-28,Fashion,2794.89,WH-BLR,Metro
ORD113162,2025-11-16,Beauty,898.49,WH-MUM,Tier-2
ORD113163,2025-03-06,Beauty,2411.61,WH-DEL,Remote
ORD113164,2025-04-30,Grocery,2206.45,WH-BLR,Metro
ORD113165,2025-09-22,Electronics,777.01,WH-MUM,Metro
ORD113166,2025-03-19,Grocery,404.25,WH-BLR,Tier-3
ORD113167,2025-05-08,Fashion,3694.53,WH-BLR,Metro
ORD113168,2025-07-16,Fashion,957.23,WH-MUM,Tier-2
ORD113169,2025-04-06,Electronics,798.81,WH-MUM,Metro
ORD113170,2025-12-30,Fashion,1053.36,WH-MUM,Metro
ORD113171,2025-03-10,Fashion,628.06,WH-BLR,Tier-3
ORD113172,2025-11-22,Appliances,2217.22,WH-MUM,Remote
ORD113173,2025-07-17,Fashion,1329.86,WH-BLR,Tier-2
ORD113174,2025-02-24,Electronics,1396.71,WH-MUM,Tier-3
ORD113175,2025-02-19,Electronics,3330.0,WH-BLR,Metro
ORD113176,2025-07-30,Appliances,1450.7,WH-BLR,Metro
ORD113177,2025-05-29,Furniture,4724.21,WH-DEL,Metro
ORD113178,2025-04-09,Electronics,1318.38,WH-KOL,Metro
ORD113179,2025-12-21,Books,401.53,WH-BLR,Tier-2
ORD113180,2025-07-14,Furniture,659.01,WH-HYD,Remote
ORD113181,2025-12-13,Electronics,748.57,WH-BLR,Metro
ORD113182,2025-03-10,Fashion,1465.9,WH-MUM,Remote
ORD113183,2025-03-19,Beauty,4526.34,WH-MUM,Tier-2
ORD113184,2025-09-08,Fashion,1557.62,WH-BLR,Metro
ORD113185,2025-04-24,Fashion,1115.6,WH-DEL,Tier-2
ORD113186,2025-03-19,Grocery,1050.93,WH-BLR,Tier-2
ORD113187,2025-02-09,Fashion,2072.18,WH-HYD,Tier-3
ORD113188,2025-02-02,Books,1867.56,WH-DEL,Tier-3
ORD113189,2025-10-28,Books,2535.54,WH-HYD,Tier-2
ORD113190,2025-04-29,Books,762.84,WH-BLR,Tier-2
ORD113191,2025-12-26,Furniture,8108.4,WH-MUM,Tier-2
ORD113192,2025-03-18,Appliances,1016.78,WH-DEL,Metro
ORD113193,2025-05-29,Fashion,805.71,WH-MUM,Remote
ORD113194,2025-06-07,Books,3483.23,WH-DEL,Metro
ORD113195,2025-07-30,Electronics,2757.35,WH-MUM,Tier-2
ORD113196,2025-11-28,Fashion,800.24,WH-DEL,Tier-3
ORD113197,2025-11-18,Beauty,2303.7,WH-DEL,Metro
ORD113198,2025-01-05,Beauty,952.59,WH-MUM,Tier-2
ORD113199,2025-06-21,Grocery,1872.68,WH-KOL,Metro
ORD113200,2025-11-16,Grocery,1616.03,WH-HYD,Metro
ORD113201,2025-01-01,Electronics,10266.09,WH-BLR,Tier-2
ORD113202,2025-08-13,Furniture,4073.55,WH-BLR,Remote
ORD113203,2025-04-20,Electronics,3144.12,WH-DEL,Metro
ORD113204,2025-06-23,Fashion,2471.17,WH-DEL,Tier-3
ORD113205,2025-06-26,Fashion,491.44,WH-KOL,Tier-2
ORD113206,2025-06-14,Books,1553.11,WH-DEL,Tier-3
ORD113207,2025-12-03,Beauty,942.83,WH-BLR,Tier-3
ORD113208,2025-08-14,Beauty,1285.57,WH-BLR,Tier-2
ORD113209,2025-12-06,Books,1434.79,WH-DEL,Tier-2
ORD113210,2025-10-21,Fashion,339.73,WH-MUM,Tier-2
ORD113211,2025-05-28,Electronics,1067.32,WH-KOL,Tier-2
ORD113212,2025-07-27,Fashion,1482.74,WH-DEL,Tier-3
ORD113213,2025-06-13,Fashion,2808.21,WH-KOL,Tier-2
ORD113214,2025-11-16,Furniture,715.58,WH-HYD,Tier-3
ORD113215,2025-03-20,Fashion,711.75,WH-DEL,Metro
ORD113216,2025-12-15,Books,674.96,WH-DEL,Tier-3
ORD113217,2025-09-01,Fashion,1038.45,WH-DEL,Tier-2
ORD113218,2025-09-15,Fashion,543.41,WH-DEL,Metro
ORD113219,2025-08-06,Appliances,3871.92,WH-HYD,Tier-2
ORD113220,2025-08-21,Grocery,2491.72,WH-BLR,Tier-3
ORD113221,2025-10-05,Fashion,11755.15,WH-KOL,Tier-2
ORD113222,2025-10-02,Furniture,875.56,WH-DEL,Tier-2
ORD113223,2025-03-31,Grocery,2666.14,WH-MUM,Tier-3
ORD113224,2025-09-02,Electronics,507.35,WH-BLR,Remote
ORD113225,2025-05-30,Grocery,4340.03,WH-MUM,Metro
ORD113226,2025-09-25,Beauty,1128.17,WH-DEL,Metro
ORD113227,2025-08-19,Fashion,1252.13,WH-BLR,Remote
ORD113228,2025-03-17,Fashion,3715.8,WH-BLR,Metro
ORD113229,2025-10-23,Fashion,3539.22,WH-MUM,Tier-3
ORD113230,2025-07-12,Grocery,611.57,WH-MUM,Tier-2
ORD113231,2025-08-20,Beauty,1230.52,WH-KOL,Metro
ORD113232,2025-10-07,Fashion,4187.85,WH-DEL,Tier-3
ORD113233,2025-10-01,Books,997.91,WH-MUM,Tier-3
ORD113234,2025-10-27,Books,1710.86,WH-KOL,Metro
ORD113235,2025-03-28,Fashion,2059.96,WH-MUM,Metro
ORD113236,2025-02-16,Appliances,4134.65,WH-KOL,Tier-3
ORD113237,2025-10-06,Beauty,2285.24,WH-KOL,Tier-2
ORD113238,2025-04-10,Beauty,1102.37,WH-DEL,Metro
ORD113239,2025-02-18,Furniture,278.46,WH-DEL,Metro
ORD113240,2025-02-25,Electronics,2351.56,WH-HYD,Tier-2
ORD113241,2025-05-12,Electronics,1537.46,WH-MUM,Tier-2
ORD113242,2025-12-29,Fashion,5545.23,WH-MUM,Tier-3
ORD113243,2025-03-08,Furniture,2123.03,WH-BLR,Tier-3
ORD113244,2025-05-06,Fashion,851.23,WH-MUM,Tier-2
ORD113245,2025-12-11,Appliances,494.2,WH-BLR,Tier-2
ORD113246,2025-12-22,Books,1166.78,WH-HYD,Tier-2
ORD113247,2025-04-07,Electronics,1790.46,WH-BLR,Tier-2
ORD113248,2025-11-30,Beauty,1456.46,WH-MUM,Remote
ORD113249,2025-02-28,Electronics,487.99,WH-MUM,Metro
ORD113250,2025-10-30,Fashion,144.1,WH-MUM,Tier-2
ORD113251,2025-01-06,Books,622.92,WH-HYD,Metro
ORD113252,2025-06-20,Electronics,190.3,WH-HYD,Tier-3
ORD113253,2025-04-14,Fashion,610.78,WH-DEL,Tier-3
ORD113254,2025-10-15,Beauty,1624.88,WH-DEL,Metro
ORD113255,2025-01-07,Beauty,4259.39,WH-HYD,Tier-3
ORD113256,2025-07-15,Books,189.03,WH-MUM,Tier-2
ORD113257,2025-10-13,Electronics,589.8,WH-MUM,Remote
ORD113258,2025-01-20,Fashion,1837.67,WH-MUM,Tier-3
ORD113259,2025-12-05,Fashion,934.08,WH-BLR,Tier-3
ORD113260,2025-06-01,Electronics,1525.54,WH-KOL,Metro
ORD113261,2025-03-11,Beauty,1811.26,WH-HYD,Remote
ORD113262,2025-04-05,Electronics,963.48,WH-MUM,Tier-3
ORD113263,2025-05-23,Appliances,3511.34,WH-BLR,Tier-3
ORD113264,2025-03-25,Electronics,9350.48,WH-HYD,Tier-3
ORD113265,2025-08-03,Grocery,570.35,WH-KOL,Tier-3
ORD113266,2025-09-23,Electronics,2811.69,WH-KOL,Tier-2
ORD113267,2025-07-02,Electronics,7231.93,WH-DEL,Metro
ORD113268,2025-06-29,Fashion,4262.98,WH-DEL,Tier-2
ORD113269,2025-11-04,Beauty,771.82,WH-BLR,Metro
ORD113270,2025-05-07,Furniture,1030.15,WH-BLR,Metro
ORD113271,2025-09-19,Furniture,334.94,WH-MUM,Metro
ORD113272,2025-12-03,Fashion,848.98,WH-DEL,Tier-2
ORD113273,2025-04-04,Appliances,869.8,WH-KOL,Tier-3
ORD113274,2025-09-18,Appliances,1931.44,WH-KOL,Tier-3
ORD113275,2025-12-18,Grocery,539.7,WH-MUM,Tier-3
ORD113276,2025-08-11,Appliances,1419.06,WH-MUM,Metro
ORD113277,2025-12-25,Books,1582.33,WH-MUM,Tier-3
ORD113278,2025-05-11,Beauty,922.7,WH-DEL,Remote
ORD113279,2025-08-26,Beauty,2619.34,WH-HYD,Tier-3
ORD113280,2025-05-11,Grocery,932.97,WH-HYD,Metro
ORD113281,2025-01-02,Electronics,1737.8,WH-KOL,Remote
ORD113282,2025-12-31,Fashion,473.79,WH-DEL,Tier-2
ORD113283,2025-04-11,Electronics,718.53,WH-DEL,Tier-2
ORD113284,2025-12-24,Fashion,2887.77,WH-KOL,Metro
ORD113285,2025-10-01,Fashion,351.84,WH-DEL,Tier-3
ORD113286,2025-12-06,Furniture,2445.79,WH-BLR,Tier-3
ORD113287,2025-12-23,Grocery,1030.74,WH-MUM,Tier-3
ORD113288,2025-08-27,Furniture,263.61,WH-BLR,Metro
ORD113289,2025-12-31,Beauty,938.38,WH-BLR,Metro
ORD113290,2025-10-31,Electronics,2409.94,WH-MUM,Remote
ORD113291,2025-08-09,Electronics,8480.31,WH-HYD,Tier-3
ORD113292,2025-10-02,Furniture,5958.2,WH-BLR,Tier-3
ORD113293,2025-03-23,Grocery,636.26,WH-MUM,Tier-3
ORD113294,2025-01-05,Grocery,2538.44,WH-MUM,Metro
ORD113295,2025-04-18,Books,936.13,WH-HYD,Tier-2
ORD113296,2025-07-02,Electronics,821.27,WH-BLR,Metro
ORD113297,2025-04-06,Grocery,2995.22,WH-BLR,Tier-2
ORD113298,2025-08-04,Beauty,1606.37,WH-DEL,Metro
ORD113299,2025-10-03,Fashion,1611.26,WH-DEL,Tier-2
ORD113300,2025-10-02,Grocery,350.05,WH-BLR,Tier-2
ORD113301,2025-12-04,Electronics,618.3,WH-HYD,Tier-3
ORD113302,2025-12-23,Fashion,651.63,WH-MUM,Metro
ORD113303,2025-12-03,Electronics,2018.57,WH-DEL,Tier-3
ORD113304,2025-09-18,Grocery,2405.48,WH-DEL,Metro
ORD113305,2025-03-28,Grocery,5368.75,WH-BLR,Remote
ORD113306,2025-12-17,Beauty,630.89,WH-BLR,Tier-2
ORD113307,2025-03-15,Furniture,5471.74,WH-MUM,Metro
ORD113308,2025-03-05,Electronics,1087.65,WH-BLR,Tier-3
ORD113309,2025-05-14,Books,1426.84,WH-BLR,Metro
ORD113310,2025-08-30,Fashion,1219.86,WH-MUM,Tier-2
ORD113311,2025-10-09,Appliances,1640.48,WH-MUM,Tier-3
ORD113312,2025-01-06,Fashion,2339.72,WH-HYD,Tier-2
ORD113313,2025-11-03,Appliances,3071.87,WH-DEL,Tier-2
ORD113314,2025-03-15,Beauty,1101.56,WH-KOL,Tier-2
ORD113315,2025-05-05,Electronics,1437.98,WH-MUM,Metro
ORD113316,2025-05-16,Grocery,646.21,WH-MUM,Tier-2
ORD113317,2025-05-20,Grocery,2303.67,WH-MUM,Remote
ORD113318,2025-10-30,Fashion,1657.11,WH-BLR,Metro
ORD113319,2025-01-18,Fashion,719.28,WH-BLR,Metro
ORD113320,2025-03-24,Furniture,495.36,WH-BLR,Metro
ORD113321,2025-01-10,Fashion,1523.3,WH-DEL,Tier-2
ORD113322,2025-11-03,Electronics,3809.37,WH-MUM,Remote
ORD113323,2025-12-27,Appliances,4764.41,WH-BLR,Tier-3
ORD113324,2025-10-03,Furniture,475.87,WH-HYD,Tier-3
ORD113325,2025-09-05,Fashion,2828.73,WH-MUM,Metro
ORD113326,2025-12-07,Beauty,2535.12,WH-KOL,Tier-2
ORD113327,2025-04-18,Books,4055.73,WH-HYD,Tier-2
ORD113328,2025-01-28,Beauty,1959.49,WH-MUM,Metro
ORD113329,2025-08-03,Grocery,1025.06,WH-BLR,Tier-2
ORD113330,2025-04-20,Fashion,2511.74,WH-KOL,Tier-2
ORD113331,2025-07-09,Electronics,170.46,WH-HYD,Tier-3
ORD113332,2025-07-11,Beauty,605.93,WH-KOL,Tier-3
ORD113333,2025-05-14,Books,668.07,WH-BLR,Tier-2
ORD113334,2025-07-24,Appliances,782.0,WH-DEL,Tier-2
ORD113335,2025-06-09,Grocery,397.0,WH-MUM,Tier-3
ORD113336,2025-02-17,Fashion,852.79,WH-MUM,Metro
ORD113337,2025-11-26,Appliances,860.14,WH-BLR,Metro
ORD113338,2025-10-14,Electronics,1084.84,WH-HYD,Remote
ORD113339,2025-01-18,Grocery,1680.87,WH-DEL,Tier-3
ORD113340,2025-02-18,Furniture,492.26,WH-HYD,Remote
ORD113341,2025-02-10,Appliances,932.41,WH-BLR,Tier-3
ORD113342,2025-01-26,Grocery,1244.88,WH-KOL,Tier-3
ORD113343,2025-01-25,Appliances,303.95,WH-MUM,Metro
ORD113344,2025-03-08,Electronics,1262.77,WH-KOL,Tier-2
ORD113345,2025-11-22,Fashion,1621.29,WH-DEL,Tier-2
ORD113346,2025-11-16,Electronics,2456.36,WH-BLR,Metro
ORD113347,2025-11-05,Fashion,465.96,WH-HYD,Tier-3
ORD113348,2025-09-16,Fashion,1186.46,WH-DEL,Metro
ORD113349,2025-10-20,Fashion,3611.28,WH-BLR,Metro
ORD113350,2025-10-24,Grocery,334.05,WH-BLR,Metro
ORD113351,2025-12-02,Fashion,1332.2,WH-KOL,Tier-3
ORD113352,2025-10-22,Grocery,396.23,WH-KOL,Tier-2
ORD113353,2025-10-23,Appliances,949.92,WH-DEL,Metro
ORD113354,2025-11-10,Electronics,703.45,WH-BLR,Tier-2
ORD113355,2025-08-22,Fashion,1806.99,WH-MUM,Metro
ORD113356,2025-03-31,Electronics,1057.65,WH-BLR,Metro
ORD113357,2025-02-05,Electronics,482.37,WH-DEL,Metro
ORD113358,2025-06-26,Furniture,4530.46,WH-MUM,Tier-3
ORD113359,2025-02-08,Books,1544.47,WH-MUM,Metro
ORD113360,2025-03-13,Fashion,2949.75,WH-HYD,Metro
ORD113361,2025-01-11,Fashion,557.7,WH-KOL,Metro
ORD113362,2025-05-07,Fashion,977.96,WH-BLR,Tier-3
ORD113363,2025-12-24,Electronics,2978.83,WH-MUM,Metro
ORD113364,2025-06-09,Books,735.11,WH-DEL,Tier-2
ORD113365,2025-04-12,Grocery,1334.0,WH-MUM,Metro
ORD113366,2025-06-19,Appliances,1271.09,WH-MUM,Tier-3
ORD113367,2025-05-07,Books,202.28,WH-BLR,Metro
ORD113368,2025-10-07,Grocery,1267.74,WH-BLR,Tier-2
ORD113369,2025-09-24,Electronics,958.06,WH-HYD,Metro
ORD113370,2025-01-12,Appliances,1172.96,WH-MUM,Tier-2
ORD113371,2025-08-03,Appliances,753.26,WH-DEL,Metro
ORD113372,2025-01-16,Fashion,477.65,WH-BLR,Metro
ORD113373,2025-10-08,Furniture,698.67,WH-DEL,Tier-2
ORD113374,2025-12-15,Grocery,878.82,WH-DEL,Remote
ORD113375,2025-12-07,Fashion,2176.66,WH-HYD,Tier-3
ORD113376,2025-03-28,Furniture,855.89,WH-BLR,Remote
ORD113377,2025-10-25,Fashion,1462.55,WH-DEL,Tier-2
ORD113378,2025-11-07,Fashion,1573.26,WH-KOL,Tier-2
ORD113379,2025-11-26,Fashion,868.95,WH-BLR,Tier-3
ORD113380,2025-04-20,Furniture,2913.54,WH-BLR,Metro
ORD113381,2025-07-09,Books,992.23,WH-MUM,Metro
ORD113382,2025-04-04,Furniture,855.02,WH-KOL,Metro
ORD113383,2025-01-11,Appliances,3241.84,WH-BLR,Remote
ORD113384,2025-10-03,Fashion,1494.56,WH-BLR,Tier-3
ORD113385,2025-07-01,Grocery,197.67,WH-KOL,Metro
ORD113386,2025-04-15,Electronics,159.65,WH-MUM,Tier-3
ORD113387,2025-11-21,Grocery,4792.23,WH-BLR,Tier-3
ORD113388,2025-07-28,Appliances,1431.27,WH-DEL,Tier-2
ORD113389,2025-12-30,Electronics,1165.49,WH-BLR,Metro
ORD113390,2025-11-07,Beauty,227.05,WH-MUM,Tier-3
ORD113391,2025-11-27,Fashion,1191.53,WH-BLR,Metro
ORD113392,2025-11-02,Furniture,576.09,WH-DEL,Metro
ORD113393,2025-02-14,Grocery,1040.58,WH-DEL,Tier-2
ORD113394,2025-01-28,Appliances,747.92,WH-BLR,Metro
ORD113395,2025-12-09,Grocery,1062.46,WH-DEL,Tier-3
ORD113396,2025-02-28,Electronics,1563.76,WH-KOL,Metro
ORD113397,2025-06-14,Beauty,1804.84,WH-MUM,Tier-3
ORD113398,2025-09-14,Furniture,1271.23,WH-KOL,Tier-2
ORD113399,2025-03-31,Grocery,1458.68,WH-KOL,Tier-2
ORD113400,2025-04-05,Furniture,321.32,WH-MUM,Metro
ORD113401,2025-07-15,Fashion,1252.46,WH-DEL,Metro
ORD113402,2025-06-01,Appliances,1580.56,WH-HYD,Metro
ORD113403,2025-10-08,Fashion,1257.1,WH-DEL,Metro
ORD113404,2025-02-01,Books,4397.05,WH-HYD,Metro
ORD113405,2025-07-25,Fashion,1084.2,WH-MUM,Tier-2
ORD113406,2025-03-15,Books,464.3,WH-KOL,Tier-2
ORD113407,2025-09-12,Beauty,1338.92,WH-BLR,Tier-3
ORD113408,2025-02-18,Beauty,846.06,WH-DEL,Tier-2
ORD113409,2025-03-25,Appliances,337.0,WH-KOL,Metro
ORD113410,2025-11-10,Appliances,1049.79,WH-MUM,Remote
ORD113411,2025-04-09,Grocery,4361.9,WH-DEL,Tier-2
ORD113412,2025-10-23,Electronics,997.12,WH-DEL,Metro
ORD113413,2025-04-25,Grocery,3186.33,WH-KOL,Metro
ORD113414,2025-04-09,Grocery,2378.09,WH-MUM,Metro
ORD113415,2025-05-06,Electronics,8897.32,WH-DEL,Tier-2
ORD113416,2025-11-30,Appliances,1925.84,WH-BLR,Metro
ORD113417,2025-06-16,Electronics,1423.9,WH-BLR,Metro
ORD113418,2025-04-13,Grocery,1438.73,WH-BLR,Metro
ORD113419,2025-08-14,Grocery,1673.69,WH-MUM,Metro
ORD113420,2025-06-12,Books,1087.98,WH-DEL,Tier-2
ORD113421,2025-11-06,Fashion,891.81,WH-BLR,Metro
ORD113422,2025-12-29,Electronics,1936.88,WH-BLR,Metro
ORD113423,2025-08-10,Grocery,807.46,WH-MUM,Tier-3
ORD113424,2025-07-09,Grocery,300.81,WH-KOL,Tier-3
ORD113425,2025-05-25,Electronics,469.55,WH-BLR,Remote
ORD113426,2025-12-24,Furniture,5001.56,WH-MUM,Metro
ORD113427,2025-07-23,Beauty,1037.72,WH-HYD,Tier-2
ORD113428,2025-03-16,Appliances,2476.64,WH-KOL,Metro
ORD113429,2025-12-23,Fashion,766.44,WH-DEL,Tier-2
ORD113430,2025-12-21,Fashion,2728.22,WH-MUM,Tier-3
ORD113431,2025-07-03,Grocery,1848.01,WH-BLR,Metro
ORD113432,2025-05-27,Furniture,6586.86,WH-BLR,Tier-2
ORD113433,2025-10-09,Beauty,3840.21,WH-HYD,Metro
ORD113434,2025-11-17,Electronics,2412.82,WH-MUM,Metro
ORD113435,2025-07-29,Grocery,836.32,WH-MUM,Tier-3
ORD113436,2025-05-20,Beauty,522.9,WH-BLR,Metro
ORD113437,2025-05-07,Electronics,1197.26,WH-MUM,Tier-2
ORD113438,2025-05-18,Beauty,1359.99,WH-MUM,Tier-2
ORD113439,2025-02-19,Grocery,965.7,WH-MUM,Tier-2
ORD113440,2025-11-03,Appliances,2354.57,WH-BLR,Metro
ORD113441,2025-02-14,Fashion,1425.12,WH-MUM,Metro
ORD113442,2025-06-17,Books,1336.84,WH-BLR,Metro
ORD113443,2025-11-18,Beauty,4533.67,WH-DEL,Remote
ORD113444,2025-06-19,Electronics,1456.39,WH-DEL,Remote
ORD113445,2025-05-04,Appliances,452.96,WH-DEL,Tier-2
ORD113446,2025-12-18,Electronics,3038.56,WH-BLR,Tier-2
ORD113447,2025-02-23,Fashion,1583.84,WH-DEL,Tier-2
ORD113448,2025-12-01,Grocery,1077.06,WH-MUM,Tier-3
ORD113449,2025-01-27,Furniture,623.43,WH-MUM,Tier-2
ORD113450,2025-06-23,Fashion,3673.72,WH-BLR,Tier-3
ORD113451,2025-09-23,Fashion,5178.3,WH-KOL,Metro
ORD113452,2025-06-05,Electronics,782.18,WH-MUM,Tier-3
ORD113453,2025-08-13,Fashion,1699.46,WH-MUM,Tier-2
ORD113454,2025-03-27,Electronics,1903.03,WH-BLR,Tier-2
ORD113455,2025-08-28,Fashion,332.01,WH-DEL,Metro
ORD113456,2025-02-26,Books,1293.42,WH-MUM,Metro
ORD113457,2025-11-08,Fashion,332.63,WH-HYD,Metro
ORD113458,2025-09-03,Beauty,1320.0,WH-BLR,Remote
ORD113459,2025-07-22,Fashion,8187.88,WH-MUM,Tier-2
ORD113460,2025-01-23,Grocery,420.18,WH-HYD,Tier-2
ORD113461,2025-07-30,Electronics,6008.94,WH-MUM,Metro
ORD113462,2025-08-25,Electronics,5547.51,WH-BLR,Metro
ORD113463,2025-04-22,Furniture,1333.47,WH-HYD,Tier-2
ORD113464,2025-10-08,Fashion,2022.57,WH-KOL,Remote
ORD113465,2025-02-02,Fashion,1067.71,WH-MUM,Tier-2
ORD113466,2025-03-29,Fashion,936.6,WH-DEL,Metro
ORD113467,2025-10-24,Appliances,1576.03,WH-MUM,Metro
ORD113468,2025-03-03,Fashion,720.69,WH-DEL,Tier-2
ORD113469,2025-04-14,Electronics,1955.66,WH-HYD,Tier-3
ORD113470,2025-10-01,Fashion,1384.65,WH-DEL,Tier-2
ORD113471,2025-10-21,Grocery,570.28,WH-MUM,Remote
ORD113472,2025-01-22,Beauty,2362.86,WH-BLR,Tier-2
ORD113473,2025-02-23,Electronics,2412.85,WH-DEL,Metro
ORD113474,2025-07-07,Fashion,3289.22,WH-DEL,Metro
ORD113475,2025-09-07,Grocery,912.55,WH-DEL,Tier-2
ORD113476,2025-07-10,Beauty,3050.78,WH-BLR,Tier-3
ORD113477,2025-09-29,Electronics,7580.64,WH-MUM,Tier-2
ORD113478,2025-10-28,Books,1371.62,WH-HYD,Tier-3
ORD113479,2025-12-18,Appliances,1472.84,WH-BLR,Metro
ORD113480,2025-05-28,Fashion,2305.22,WH-KOL,Metro
ORD113481,2025-03-10,Appliances,236.86,WH-MUM,Metro
ORD113482,2025-04-21,Grocery,449.04,WH-HYD,Metro
ORD113483,2025-03-04,Electronics,862.14,WH-MUM,Tier-2
ORD113484,2025-06-15,Fashion,1019.6,WH-MUM,Remote
ORD113485,2025-11-28,Fashion,1465.21,WH-KOL,Tier-2
ORD113486,2025-05-26,Fashion,1658.73,WH-DEL,Metro
ORD113487,2025-03-04,Appliances,446.57,WH-BLR,Tier-2
ORD113488,2025-08-08,Furniture,3367.09,WH-KOL,Tier-3
ORD113489,2025-12-29,Books,1748.48,WH-MUM,Metro
ORD113490,2025-03-21,Grocery,1405.08,WH-DEL,Tier-3
ORD113491,2025-11-03,Fashion,1983.14,WH-BLR,Tier-2
ORD113492,2025-11-15,Electronics,818.71,WH-HYD,Tier-2
ORD113493,2025-06-18,Books,1106.75,WH-KOL,Remote
ORD113494,2025-09-18,Electronics,563.32,WH-MUM,Tier-3
ORD113495,2025-07-01,Fashion,229.7,WH-BLR,Tier-3
ORD113496,2025-04-21,Furniture,1108.64,WH-DEL,Tier-3
ORD113497,2025-06-29,Appliances,5322.44,WH-BLR,Tier-2
ORD113498,2025-02-10,Electronics,849.85,WH-MUM,Metro
ORD113499,2025-10-16,Furniture,385.54,WH-DEL,Metro
ORD113500,2025-11-17,Electronics,2104.39,WH-BLR,Tier-3
ORD113501,2025-05-10,Appliances,913.27,WH-KOL,Metro
ORD113502,2025-08-27,Appliances,1900.55,WH-DEL,Remote
ORD113503,2025-04-08,Appliances,2272.54,WH-MUM,Metro
ORD113504,2025-02-23,Electronics,893.17,WH-MUM,Tier-2
ORD113505,2025-10-04,Grocery,1866.52,WH-HYD,Metro
ORD113506,2025-02-26,Fashion,1301.97,WH-MUM,Tier-3
ORD113507,2025-11-04,Grocery,277.47,WH-KOL,Tier-2
ORD113508,2025-04-25,Beauty,880.36,WH-BLR,Tier-2
ORD113509,2025-11-14,Electronics,689.66,WH-MUM,Metro
ORD113510,2025-06-04,Grocery,400.81,WH-DEL,Tier-2
ORD113511,2025-06-04,Electronics,680.05,WH-BLR,Metro
ORD113512,2025-10-27,Grocery,2291.51,WH-MUM,Metro
ORD113513,2025-08-03,Grocery,1354.54,WH-DEL,Metro
ORD113514,2025-03-26,Grocery,303.51,WH-MUM,Tier-3
ORD113515,2025-11-22,Furniture,550.75,WH-BLR,Metro
ORD113516,2025-05-23,Beauty,1355.8,WH-MUM,Metro
ORD113517,2025-02-13,Books,1336.25,WH-BLR,Metro
ORD113518,2025-06-24,Beauty,1036.55,WH-BLR,Tier-2
ORD113519,2025-08-30,Electronics,2447.22,WH-BLR,Metro
ORD113520,2025-09-14,Beauty,1799.39,WH-KOL,Metro
ORD113521,2025-11-18,Fashion,848.02,WH-BLR,Metro
ORD113522,2025-08-16,Electronics,780.37,WH-BLR,Metro
ORD113523,2025-04-05,Fashion,1139.97,WH-KOL,Tier-3
ORD113524,2025-04-20,Fashion,252.95,WH-HYD,Tier-3
ORD113525,2025-02-12,Appliances,1692.04,WH-MUM,Tier-3
ORD113526,2025-10-23,Electronics,490.2,WH-KOL,Tier-2
ORD113527,2025-02-14,Grocery,3524.95,WH-KOL,Metro
ORD113528,2025-09-12,Fashion,340.5,WH-HYD,Metro
ORD113529,2025-09-08,Fashion,1800.25,WH-DEL,Tier-3
ORD113530,2025-11-05,Books,272.33,WH-DEL,Tier-3
ORD113531,2025-02-01,Grocery,799.1,WH-KOL,Remote
ORD113532,2025-03-27,Fashion,1837.96,WH-MUM,Remote
ORD113533,2025-12-08,Appliances,2790.29,WH-HYD,Tier-3
ORD113534,2025-08-29,Books,2680.1,WH-BLR,Metro
ORD113535,2025-07-12,Fashion,2321.17,WH-DEL,Remote
ORD113536,2025-10-26,Electronics,2536.61,WH-KOL,Metro
ORD113537,2025-12-06,Beauty,2714.07,WH-BLR,Metro
ORD113538,2025-04-21,Fashion,851.66,WH-MUM,Tier-3
ORD113539,2025-12-06,Fashion,981.8,WH-HYD,Tier-2
ORD113540,2025-02-15,Electronics,2288.59,WH-HYD,Metro
ORD113541,2025-12-26,Electronics,3195.99,WH-HYD,Tier-2
ORD113542,2025-03-11,Beauty,1169.93,WH-KOL,Tier-3
ORD113543,2025-04-22,Beauty,857.91,WH-BLR,Metro
ORD113544,2025-02-10,Grocery,835.24,WH-DEL,Tier-2
ORD113545,2025-11-10,Appliances,677.05,WH-DEL,Metro
ORD113546,2025-12-27,Books,1910.94,WH-BLR,Metro
ORD113547,2025-05-05,Grocery,3248.76,WH-BLR,Metro
ORD113548,2025-05-17,Furniture,1934.04,WH-DEL,Tier-3
ORD113549,2025-04-28,Beauty,1293.09,WH-DEL,Metro
ORD113550,2025-03-07,Electronics,6085.0,WH-DEL,Tier-2
ORD113551,2025-11-06,Electronics,1319.55,WH-MUM,Tier-3
ORD113552,2025-01-26,Appliances,4005.98,WH-DEL,Metro
ORD113553,2025-12-23,Appliances,556.41,WH-MUM,Tier-2
ORD113554,2025-12-12,Electronics,1582.84,WH-BLR,Metro
ORD113555,2025-02-19,Fashion,607.02,WH-DEL,Tier-2
ORD113556,2025-08-11,Appliances,637.92,WH-DEL,Tier-3
ORD113557,2025-12-30,Grocery,698.4,WH-HYD,Remote
ORD113558,2025-11-23,Books,1406.5,WH-MUM,Tier-3
ORD113559,2025-10-18,Books,924.02,WH-HYD,Remote
ORD113560,2025-01-10,Grocery,255.5,WH-KOL,Metro
ORD113561,2025-01-29,Furniture,945.01,WH-MUM,Tier-2
ORD113562,2025-11-07,Furniture,811.81,WH-DEL,Tier-3
ORD113563,2025-06-08,Electronics,330.56,WH-KOL,Tier-3
ORD113564,2025-10-05,Fashion,1924.02,WH-MUM,Tier-2
ORD113565,2025-10-24,Fashion,2280.45,WH-HYD,Metro
ORD113566,2025-06-27,Books,2193.74,WH-DEL,Tier-2
ORD113567,2025-03-02,Books,5232.12,WH-MUM,Tier-3
ORD113568,2025-06-12,Electronics,545.86,WH-HYD,Tier-2
ORD113569,2025-11-28,Books,556.72,WH-BLR,Metro
ORD113570,2025-05-20,Furniture,1303.06,WH-BLR,Metro
ORD113571,2025-01-27,Electronics,1217.74,WH-BLR,Tier-3
ORD113572,2025-12-21,Fashion,1490.49,WH-KOL,Tier-2
ORD113573,2025-10-09,Books,2614.34,WH-MUM,Tier-3
ORD113574,2025-08-16,Fashion,1091.53,WH-DEL,Tier-3
ORD113575,2025-11-17,Furniture,3060.35,WH-BLR,Remote
ORD113576,2025-06-22,Grocery,722.66,WH-MUM,Metro
ORD113577,2025-12-28,Grocery,892.84,WH-DEL,Tier-2
ORD113578,2025-11-24,Grocery,550.66,WH-MUM,Tier-2
ORD113579,2025-04-28,Grocery,87.43,WH-MUM,Metro
ORD113580,2025-06-05,Beauty,330.26,WH-MUM,Tier-2
ORD113581,2025-04-26,Fashion,2740.65,WH-BLR,Tier-2
ORD113582,2025-10-03,Electronics,3235.82,WH-MUM,Metro
ORD113583,2025-09-26,Fashion,481.41,WH-DEL,Metro
ORD113584,2025-08-08,Appliances,2821.88,WH-BLR,Tier-2
ORD113585,2025-12-23,Grocery,191.96,WH-MUM,Tier-3
ORD113586,2025-07-18,Appliances,586.87,WH-MUM,Tier-3
ORD113587,2025-11-05,Fashion,921.44,WH-KOL,Tier-3
ORD113588,2025-10-03,Grocery,3111.87,WH-DEL,Tier-3
ORD113589,2025-08-06,Books,5682.47,WH-KOL,Metro
ORD113590,2025-01-18,Grocery,924.73,WH-DEL,Tier-2
ORD113591,2025-10-03,Furniture,1268.08,WH-HYD,Metro
ORD113592,2025-09-28,Furniture,3079.64,WH-BLR,Tier-2
ORD113593,2025-02-22,Appliances,8088.9,WH-DEL,Tier-3
ORD113594,2025-11-08,Fashion,3464.61,WH-MUM,Remote
ORD113595,2025-07-16,Furniture,508.71,WH-HYD,Metro
ORD113596,2025-05-17,Fashion,2699.21,WH-KOL,Tier-2
ORD113597,2025-11-15,Fashion,798.85,WH-DEL,Metro
ORD113598,2025-05-25,Grocery,4108.38,WH-BLR,Tier-2
ORD113599,2025-09-19,Fashion,2222.51,WH-DEL,Metro
ORD113600,2025-09-17,Electronics,590.95,WH-HYD,Tier-2
ORD113601,2025-01-23,Appliances,3242.58,WH-BLR,Metro
ORD113602,2025-06-27,Grocery,2045.02,WH-BLR,Metro
ORD113603,2025-04-04,Electronics,1842.24,WH-DEL,Tier-3
ORD113604,2025-03-25,Fashion,1371.95,WH-MUM,Tier-2
ORD113605,2025-10-02,Furniture,881.01,WH-BLR,Tier-3
ORD113606,2025-01-05,Grocery,2194.77,WH-KOL,Remote
ORD113607,2025-12-23,Appliances,7795.22,WH-KOL,Tier-2
ORD113608,2025-06-16,Grocery,6164.52,WH-MUM,Tier-3
ORD113609,2025-05-06,Books,1155.73,WH-KOL,Metro
ORD113610,2025-12-10,Electronics,248.86,WH-HYD,Tier-2
ORD113611,2025-07-24,Furniture,864.31,WH-DEL,Tier-3
ORD113612,2025-09-16,Fashion,1505.48,WH-HYD,Tier-3
ORD113613,2025-10-13,Fashion,1682.75,WH-KOL,Metro
ORD113614,2025-11-28,Beauty,2748.37,WH-HYD,Tier-3
ORD113615,2025-02-24,Books,2394.48,WH-MUM,Tier-3
ORD113616,2025-02-04,Electronics,2422.96,WH-BLR,Metro
ORD113617,2025-12-30,Electronics,806.95,WH-MUM,Tier-2
ORD113618,2025-01-04,Books,881.45,WH-BLR,Tier-2
ORD113619,2025-10-16,Electronics,563.87,WH-BLR,Metro
ORD113620,2025-09-14,Beauty,1649.06,WH-MUM,Tier-2
ORD113621,2025-08-21,Fashion,2676.16,WH-MUM,Remote
ORD113622,2025-11-05,Fashion,3150.2,WH-BLR,Tier-3
ORD113623,2025-12-30,Electronics,180.08,WH-KOL,Metro
ORD113624,2025-01-20,Grocery,1951.6,WH-BLR,Metro
ORD113625,2025-09-16,Electronics,581.94,WH-DEL,Metro
ORD113626,2025-10-18,Fashion,2147.72,WH-DEL,Metro
ORD113627,2025-05-09,Beauty,578.86,WH-KOL,Metro
ORD113628,2025-12-03,Fashion,2410.55,WH-MUM,Tier-3
ORD113629,2025-07-12,Furniture,797.97,WH-BLR,Tier-2
ORD113630,2025-03-11,Fashion,811.62,WH-DEL,Tier-2
ORD113631,2025-11-23,Furniture,2547.36,WH-DEL,Tier-3
ORD113632,2025-12-17,Fashion,861.54,WH-HYD,Metro
ORD113633,2025-02-11,Appliances,2884.3,WH-BLR,Remote
ORD113634,2025-10-27,Appliances,2424.88,WH-MUM,Remote
ORD113635,2025-04-01,Books,1225.35,WH-BLR,Metro
ORD113636,2025-01-03,Beauty,931.88,WH-HYD,Metro
ORD113637,2025-04-20,Fashion,3718.15,WH-MUM,Tier-3
ORD113638,2025-11-23,Electronics,2601.87,WH-BLR,Tier-2
ORD113639,2025-03-01,Electronics,4984.01,WH-DEL,Remote
ORD113640,2025-02-24,Appliances,332.21,WH-MUM,Metro
ORD113641,2025-10-24,Electronics,1062.87,WH-BLR,Tier-3
ORD113642,2025-06-20,Books,930.49,WH-BLR,Tier-2
ORD113643,2025-03-04,Beauty,2017.76,WH-HYD,Tier-2
ORD113644,2025-04-07,Electronics,626.87,WH-DEL,Metro
ORD113645,2025-11-08,Fashion,701.69,WH-MUM,Tier-2
ORD113646,2025-09-19,Grocery,1384.06,WH-MUM,Tier-2
ORD113647,2025-10-30,Fashion,298.71,WH-KOL,Metro
ORD113648,2025-02-11,Fashion,267.93,WH-BLR,Tier-3
ORD113649,2025-07-12,Fashion,1221.55,WH-BLR,Metro
ORD113650,2025-11-08,Books,11195.79,WH-HYD,Metro
ORD113651,2025-04-22,Appliances,1466.77,WH-DEL,Metro
ORD113652,2025-03-13,Electronics,991.06,WH-KOL,Tier-2
ORD113653,2025-06-10,Electronics,1891.47,WH-DEL,Metro
ORD113654,2025-05-21,Appliances,2127.5,WH-HYD,Remote
ORD113655,2025-03-19,Electronics,1208.87,WH-DEL,Tier-3
ORD113656,2025-12-19,Books,779.82,WH-BLR,Remote
ORD113657,2025-07-22,Grocery,381.95,WH-KOL,Metro
ORD113658,2025-09-13,Beauty,2753.1,WH-DEL,Tier-2
ORD113659,2025-02-20,Appliances,919.14,WH-BLR,Tier-3
ORD113660,2025-09-14,Books,1957.43,WH-BLR,Remote
ORD113661,2025-08-22,Appliances,3119.16,WH-MUM,Tier-2
ORD113662,2025-12-14,Grocery,1047.84,WH-MUM,Remote
ORD113663,2025-06-23,Electronics,414.75,WH-BLR,Metro
ORD113664,2025-11-04,Appliances,1117.46,WH-MUM,Metro
ORD113665,2025-05-08,Grocery,1182.75,WH-KOL,Tier-2
ORD113666,2025-09-01,Grocery,1990.4,WH-DEL,Metro
ORD113667,2025-12-12,Grocery,847.66,WH-MUM,Remote
ORD113668,2025-09-20,Fashion,813.74,WH-BLR,Metro
ORD113669,2025-10-17,Fashion,983.93,WH-HYD,Metro
ORD113670,2025-11-29,Electronics,1803.56,WH-DEL,Metro
ORD113671,2025-12-12,Fashion,2751.68,WH-BLR,Tier-3
ORD113672,2025-03-29,Grocery,8661.7,WH-KOL,Metro
ORD113673,2025-03-24,Books,6267.42,WH-MUM,Tier-3
ORD113674,2025-08-20,Grocery,1203.63,WH-MUM,Remote
ORD113675,2025-12-30,Beauty,753.66,WH-MUM,Tier-2
ORD113676,2025-07-25,Beauty,813.42,WH-KOL,Metro
ORD113677,2025-05-20,Electronics,468.66,WH-HYD,Metro
ORD113678,2025-08-14,Grocery,1479.46,WH-DEL,Metro
ORD113679,2025-01-28,Fashion,606.48,WH-MUM,Metro
ORD113680,2025-03-16,Books,552.49,WH-MUM,Tier-2
ORD113681,2025-03-04,Grocery,582.43,WH-MUM,Tier-2
ORD113682,2025-01-12,Electronics,2726.49,WH-MUM,Metro
ORD113683,2025-10-20,Fashion,1253.8,WH-HYD,Tier-3
ORD113684,2025-05-17,Furniture,450.26,WH-DEL,Tier-2
ORD113685,2025-03-12,Electronics,2710.66,WH-MUM,Tier-2
ORD113686,2025-08-04,Fashion,3473.69,WH-KOL,Tier-2
ORD113687,2025-05-16,Books,927.23,WH-BLR,Tier-3
ORD113688,2025-06-15,Electronics,715.63,WH-BLR,Tier-2
ORD113689,2025-05-13,Appliances,666.55,WH-MUM,Metro
ORD113690,2025-01-02,Furniture,1656.06,WH-KOL,Metro
ORD113691,2025-10-11,Fashion,2777.35,WH-BLR,Tier-2
ORD113692,2025-02-16,Electronics,1532.78,WH-BLR,Metro
ORD113693,2025-04-03,Electronics,456.44,WH-MUM,Remote
ORD113694,2025-03-21,Beauty,3137.97,WH-KOL,Metro
ORD113695,2025-05-20,Furniture,1282.49,WH-MUM,Tier-3
ORD113696,2025-03-09,Fashion,1140.5,WH-DEL,Remote
ORD113697,2025-05-26,Books,1890.92,WH-HYD,Metro
ORD113698,2025-04-13,Electronics,3086.28,WH-DEL,Tier-2
ORD113699,2025-01-26,Electronics,538.66,WH-BLR,Metro
ORD113700,2025-11-28,Electronics,457.95,WH-BLR,Tier-3
ORD113701,2025-05-09,Appliances,1289.02,WH-MUM,Tier-3
ORD113702,2025-02-10,Fashion,1301.23,WH-HYD,Tier-3
ORD113703,2025-08-08,Furniture,2756.91,WH-HYD,Metro
ORD113704,2025-02-21,Fashion,3693.3,WH-BLR,Tier-3
ORD113705,2025-11-02,Appliances,895.67,WH-MUM,Tier-2
ORD113706,2025-01-26,Books,1741.79,WH-BLR,Tier-2
ORD113707,2025-07-15,Fashion,1934.39,WH-MUM,Tier-3
ORD113708,2025-12-17,Fashion,2091.08,WH-MUM,Tier-3
ORD113709,2025-03-08,Furniture,366.16,WH-KOL,Tier-2
ORD113710,2025-03-26,Fashion,2033.17,WH-MUM,Metro
ORD113711,2025-09-10,Electronics,688.73,WH-BLR,Metro
ORD113712,2025-12-26,Furniture,2116.53,WH-DEL,Metro
ORD113713,2025-06-12,Grocery,530.92,WH-KOL,Metro
ORD113714,2025-09-30,Books,1403.71,WH-MUM,Tier-3
ORD113715,2025-03-06,Fashion,1045.54,WH-HYD,Metro
ORD113716,2025-09-27,Fashion,7359.33,WH-MUM,Metro
ORD113717,2025-04-17,Furniture,653.61,WH-DEL,Metro
ORD113718,2025-09-15,Appliances,615.49,WH-DEL,Metro
ORD113719,2025-02-07,Fashion,4320.77,WH-KOL,Metro
ORD113720,2025-08-09,Fashion,2638.48,WH-DEL,Metro
ORD113721,2025-04-10,Electronics,1619.75,WH-MUM,Tier-2
ORD113722,2025-10-09,Grocery,883.77,WH-HYD,Metro
ORD113723,2025-10-26,Beauty,515.83,WH-BLR,Metro
ORD113724,2025-11-22,Electronics,916.75,WH-MUM,Tier-2
ORD113725,2025-12-30,Grocery,842.44,WH-MUM,Metro
ORD113726,2025-07-13,Electronics,737.85,WH-DEL,Metro
ORD113727,2025-10-06,Fashion,857.97,WH-HYD,Remote
ORD113728,2025-01-08,Appliances,826.59,WH-DEL,Metro
ORD113729,2025-12-07,Grocery,2796.91,WH-MUM,Tier-3
ORD113730,2025-09-16,Electronics,424.64,WH-BLR,Remote
ORD113731,2025-06-27,Grocery,1773.84,WH-KOL,Remote
ORD113732,2025-07-02,Electronics,1605.45,WH-MUM,Tier-3
ORD113733,2025-10-29,Fashion,1229.36,WH-BLR,Tier-3
ORD113734,2025-11-18,Appliances,2210.18,WH-HYD,Metro
ORD113735,2025-11-11,Fashion,1827.53,WH-KOL,Metro
ORD113736,2025-08-03,Grocery,1405.53,WH-MUM,Tier-2
ORD113737,2025-06-05,Grocery,3134.98,WH-DEL,Tier-2
ORD113738,2025-12-17,Books,181.84,WH-HYD,Tier-3
ORD113739,2025-09-24,Electronics,7486.51,WH-BLR,Metro
ORD113740,2025-08-17,Grocery,3317.81,WH-KOL,Metro
ORD113741,2025-09-09,Electronics,5164.46,WH-MUM,Tier-2
ORD113742,2025-09-22,Electronics,646.22,WH-MUM,Tier-2
ORD113743,2025-10-17,Fashion,1381.1,WH-BLR,Metro
ORD113744,2025-08-21,Appliances,1675.83,WH-BLR,Metro
ORD113745,2025-11-29,Electronics,971.57,WH-BLR,Tier-3
ORD113746,2025-11-25,Beauty,1510.88,WH-MUM,Tier-3
ORD113747,2025-07-05,Fashion,1616.09,WH-KOL,Metro
ORD113748,2025-03-12,Books,501.99,WH-DEL,Tier-3
ORD113749,2025-08-31,Fashion,2373.53,WH-MUM,Metro
ORD113750,2025-09-18,Fashion,2221.95,WH-MUM,Tier-2
ORD113751,2025-08-08,Appliances,763.43,WH-MUM,Tier-2
ORD113752,2025-12-03,Fashion,464.35,WH-DEL,Tier-2
ORD113753,2025-02-09,Grocery,1456.01,WH-DEL,Metro
ORD113754,2025-05-01,Books,681.7,WH-MUM,Tier-2
ORD113755,2025-11-26,Furniture,1660.85,WH-DEL,Tier-3
ORD113756,2025-12-16,Books,710.02,WH-MUM,Metro
ORD113757,2025-06-28,Electronics,4438.39,WH-HYD,Tier-2
ORD113758,2025-03-22,Furniture,772.81,WH-DEL,Metro
ORD113759,2025-06-26,Furniture,655.16,WH-BLR,Remote
ORD113760,2025-07-11,Furniture,1365.38,WH-BLR,Tier-2
ORD113761,2025-08-07,Grocery,372.82,WH-MUM,Tier-3
ORD113762,2025-04-26,Appliances,670.05,WH-KOL,Tier-2
ORD113763,2025-05-12,Books,356.07,WH-HYD,Metro
ORD113764,2025-10-02,Fashion,1587.35,WH-KOL,Metro
ORD113765,2025-09-19,Electronics,2813.39,WH-HYD,Tier-3
ORD113766,2025-10-04,Electronics,949.8,WH-KOL,Tier-2
ORD113767,2025-06-08,Electronics,3653.57,WH-MUM,Tier-3
ORD113768,2025-05-22,Furniture,678.47,WH-DEL,Tier-2
ORD113769,2025-05-28,Fashion,922.32,WH-MUM,Metro
ORD113770,2025-12-19,Fashion,2740.44,WH-HYD,Tier-2
ORD113771,2025-06-16,Beauty,2375.31,WH-KOL,Metro
ORD113772,2025-09-12,Beauty,1929.65,WH-HYD,Tier-2
ORD113773,2025-08-08,Grocery,3255.03,WH-HYD,Tier-2
ORD113774,2025-11-29,Grocery,1285.4,WH-KOL,Tier-2
ORD113775,2025-06-05,Fashion,1706.79,WH-BLR,Tier-2
ORD113776,2025-07-02,Grocery,776.71,WH-MUM,Metro
ORD113777,2025-11-20,Fashion,6253.09,WH-HYD,Tier-2
ORD113778,2025-03-09,Electronics,934.41,WH-DEL,Metro
ORD113779,2025-09-07,Appliances,1129.6,WH-DEL,Tier-2
ORD113780,2025-06-18,Fashion,1583.95,WH-MUM,Metro
ORD113781,2025-12-28,Fashion,2284.1,WH-BLR,Metro
ORD113782,2025-10-19,Furniture,2265.39,WH-KOL,Remote
ORD113783,2025-01-05,Fashion,153.34,WH-HYD,Metro
ORD113784,2025-11-19,Fashion,5506.12,WH-DEL,Tier-2
ORD113785,2025-10-15,Fashion,4855.51,WH-BLR,Tier-2
ORD113786,2025-08-24,Electronics,3647.88,WH-BLR,Tier-2
ORD113787,2025-04-10,Grocery,1506.02,WH-MUM,Tier-3
ORD113788,2025-03-04,Fashion,3634.26,WH-BLR,Tier-2
ORD113789,2025-09-22,Electronics,1651.86,WH-BLR,Tier-3
ORD113790,2025-07-04,Books,1635.46,WH-BLR,Metro
ORD113791,2025-11-25,Books,2341.5,WH-MUM,Metro
ORD113792,2025-04-21,Grocery,2068.82,WH-BLR,Tier-2
ORD113793,2025-09-25,Books,3038.78,WH-HYD,Metro
ORD113794,2025-04-15,Grocery,239.52,WH-DEL,Metro
ORD113795,2025-09-25,Electronics,1247.62,WH-DEL,Metro
ORD113796,2025-01-21,Grocery,504.34,WH-KOL,Tier-2
ORD113797,2025-06-14,Fashion,2820.76,WH-MUM,Tier-3
ORD113798,2025-03-14,Grocery,645.61,WH-HYD,Metro
ORD113799,2025-09-12,Beauty,1068.12,WH-BLR,Metro
ORD113800,2025-05-14,Fashion,2832.76,WH-MUM,Metro
ORD113801,2025-11-01,Fashion,3814.77,WH-MUM,Remote
ORD113802,2025-02-18,Electronics,2714.39,WH-KOL,Metro
ORD113803,2025-08-22,Books,2446.53,WH-KOL,Metro
ORD113804,2025-09-07,Electronics,518.1,WH-MUM,Metro
ORD113805,2025-01-10,Beauty,593.65,WH-HYD,Metro
ORD113806,2025-01-16,Electronics,458.37,WH-BLR,Tier-2
ORD113807,2025-05-10,Appliances,575.48,WH-DEL,Metro
ORD113808,2025-09-13,Fashion,1520.13,WH-BLR,Tier-2
ORD113809,2025-12-22,Fashion,2994.17,WH-DEL,Metro
ORD113810,2025-02-08,Electronics,2985.59,WH-BLR,Tier-2
ORD113811,2025-10-15,Electronics,304.53,WH-DEL,Metro
ORD113812,2025-10-12,Electronics,1301.05,WH-MUM,Metro
ORD113813,2025-10-06,Electronics,1075.76,WH-DEL,Tier-3
ORD113814,2025-08-05,Grocery,209.81,WH-BLR,Remote
ORD113815,2025-12-23,Grocery,2601.65,WH-DEL,Metro
ORD113816,2025-07-30,Fashion,2544.25,WH-MUM,Tier-2
ORD113817,2025-11-19,Furniture,823.73,WH-BLR,Tier-2
ORD113818,2025-04-21,Appliances,1045.63,WH-DEL,Tier-3
ORD113819,2025-11-11,Beauty,1504.77,WH-BLR,Tier-2
ORD113820,2025-12-31,Fashion,1865.03,WH-MUM,Tier-2
ORD113821,2025-12-08,Fashion,797.14,WH-MUM,Tier-3
ORD113822,2025-05-08,Beauty,673.68,WH-DEL,Tier-2
ORD113823,2025-11-21,Beauty,561.89,WH-MUM,Tier-2
ORD113824,2025-02-10,Beauty,4407.84,WH-BLR,Metro
ORD113825,2025-10-08,Furniture,3553.39,WH-MUM,Tier-3
ORD113826,2025-05-24,Furniture,558.97,WH-DEL,Tier-2
ORD113827,2025-10-03,Beauty,654.17,WH-HYD,Tier-2
ORD113828,2025-06-23,Grocery,573.36,WH-BLR,Tier-2
ORD113829,2025-01-04,Fashion,408.3,WH-BLR,Tier-2
ORD113830,2025-04-08,Beauty,6379.49,WH-HYD,Tier-2
ORD113831,2025-01-18,Books,744.36,WH-MUM,Tier-2
ORD113832,2025-06-29,Electronics,2459.34,WH-MUM,Metro
ORD113833,2025-11-19,Electronics,1021.59,WH-BLR,Tier-3
ORD113834,2025-10-24,Books,1123.71,WH-KOL,Metro
ORD113835,2025-11-06,Fashion,1062.99,WH-DEL,Remote
ORD113836,2025-11-11,Appliances,1797.22,WH-BLR,Remote
ORD113837,2025-06-06,Electronics,1155.31,WH-MUM,Tier-3
ORD113838,2025-08-01,Electronics,2431.67,WH-MUM,Metro
ORD113839,2025-08-02,Appliances,3375.81,WH-BLR,Metro
ORD113840,2025-02-17,Beauty,815.45,WH-KOL,Tier-2
ORD113841,2025-09-09,Grocery,1577.13,WH-MUM,Metro
ORD113842,2025-10-19,Electronics,362.52,WH-DEL,Remote
ORD113843,2025-09-14,Fashion,882.14,WH-KOL,Tier-2
ORD113844,2025-10-26,Fashion,1359.11,WH-BLR,Tier-3
ORD113845,2025-02-19,Beauty,1142.28,WH-BLR,Remote
ORD113846,2025-10-30,Fashion,1227.69,WH-MUM,Remote
ORD113847,2025-03-29,Beauty,2024.96,WH-DEL,Metro
ORD113848,2025-11-29,Books,2393.0,WH-MUM,Remote
ORD113849,2025-04-13,Grocery,244.5,WH-MUM,Metro
ORD113850,2025-07-26,Electronics,1550.6,WH-BLR,Tier-3
ORD113851,2025-07-24,Beauty,1041.24,WH-BLR,Tier-3
ORD113852,2025-04-23,Electronics,911.03,WH-MUM,Metro
ORD113853,2025-06-01,Books,4091.92,WH-BLR,Metro
ORD113854,2025-03-19,Fashion,328.52,WH-HYD,Tier-2
ORD113855,2025-08-28,Fashion,1283.64,WH-KOL,Tier-2
ORD113856,2025-12-09,Fashion,4235.29,WH-KOL,Tier-3
ORD113857,2025-05-14,Fashion,1418.83,WH-MUM,Metro
ORD113858,2025-08-02,Appliances,626.47,WH-MUM,Tier-2
ORD113859,2025-11-25,Grocery,1126.52,WH-MUM,Tier-3
ORD113860,2025-07-10,Fashion,5524.22,WH-BLR,Metro
ORD113861,2025-11-17,Grocery,3420.5,WH-KOL,Tier-2
ORD113862,2025-07-07,Fashion,885.0,WH-DEL,Tier-2
ORD113863,2025-07-04,Beauty,4572.9,WH-MUM,Remote
ORD113864,2025-03-08,Books,2230.11,WH-HYD,Remote
ORD113865,2025-02-22,Furniture,175.24,WH-MUM,Tier-2
ORD113866,2025-09-14,Beauty,1230.38,WH-HYD,Tier-2
ORD113867,2025-11-16,Fashion,5768.47,WH-MUM,Tier-2
ORD113868,2025-02-26,Electronics,1181.61,WH-HYD,Tier-2
ORD113869,2025-12-08,Electronics,4521.14,WH-KOL,Tier-3
ORD113870,2025-05-31,Books,425.13,WH-MUM,Metro
ORD113871,2025-06-28,Fashion,470.08,WH-DEL,Metro
ORD113872,2025-12-04,Books,3314.48,WH-BLR,Tier-2
ORD113873,2025-12-04,Grocery,2648.34,WH-HYD,Metro
ORD113874,2025-08-09,Electronics,1311.73,WH-MUM,Tier-3
ORD113875,2025-04-27,Grocery,2684.08,WH-KOL,Metro
ORD113876,2025-03-14,Grocery,833.7,WH-KOL,Tier-2
ORD113877,2025-04-25,Grocery,543.99,WH-MUM,Metro
ORD113878,2025-11-04,Books,1825.03,WH-BLR,Tier-2
ORD113879,2025-05-17,Furniture,1064.72,WH-DEL,Metro
ORD113880,2025-10-12,Fashion,1869.35,WH-MUM,Tier-2
ORD113881,2025-03-24,Appliances,1579.94,WH-MUM,Tier-3
ORD113882,2025-07-21,Fashion,1024.42,WH-DEL,Tier-3
ORD113883,2025-05-28,Books,6047.34,WH-DEL,Metro
ORD113884,2025-07-31,Fashion,583.96,WH-DEL,Tier-2
ORD113885,2025-08-28,Furniture,1513.89,WH-MUM,Metro
ORD113886,2025-12-29,Fashion,1243.16,WH-BLR,Tier-2
ORD113887,2025-12-05,Electronics,1712.78,WH-BLR,Tier-3
ORD113888,2025-10-13,Furniture,1390.37,WH-HYD,Tier-3
ORD113889,2025-03-06,Fashion,3177.28,WH-MUM,Tier-3
ORD113890,2025-12-10,Furniture,1720.08,WH-MUM,Tier-2
ORD113891,2025-12-03,Grocery,795.9,WH-KOL,Tier-3
ORD113892,2025-12-02,Electronics,589.07,WH-KOL,Metro
ORD113893,2025-07-21,Fashion,723.78,WH-BLR,Metro
ORD113894,2025-03-13,Appliances,698.82,WH-HYD,Tier-2
ORD113895,2025-10-28,Grocery,2305.1,WH-MUM,Tier-2
ORD113896,2025-06-13,Grocery,1253.79,WH-HYD,Tier-3
ORD113897,2025-05-25,Electronics,1837.91,WH-BLR,Tier-3
ORD113898,2025-06-14,Fashion,444.93,WH-BLR,Tier-3
ORD113899,2025-08-23,Furniture,1040.32,WH-KOL,Tier-3
ORD113900,2025-05-21,Books,1971.42,WH-DEL,Tier-2
ORD113901,2025-10-11,Grocery,3077.9,WH-MUM,Metro
ORD113902,2025-09-30,Grocery,408.19,WH-KOL,Metro
ORD113903,2025-08-02,Grocery,4695.43,WH-MUM,Metro
ORD113904,2025-01-23,Furniture,4241.99,WH-BLR,Metro
ORD113905,2025-12-15,Books,3023.53,WH-MUM,Tier-3
ORD113906,2025-06-22,Fashion,3686.14,WH-DEL,Tier-3
ORD113907,2025-07-08,Appliances,989.64,WH-DEL,Tier-2
ORD113908,2025-07-11,Fashion,707.6,WH-MUM,Metro
ORD113909,2025-06-03,Electronics,1433.58,WH-DEL,Tier-2
ORD113910,2025-10-07,Electronics,1704.19,WH-DEL,Tier-3
ORD113911,2025-01-06,Electronics,812.28,WH-MUM,Metro
ORD113912,2025-11-28,Fashion,2146.12,WH-BLR,Metro
ORD113913,2025-02-13,Electronics,4136.67,WH-BLR,Tier-2
ORD113914,2025-12-31,Electronics,2741.66,WH-HYD,Metro
ORD113915,2025-09-21,Electronics,1391.0,WH-HYD,Tier-2
ORD113916,2025-01-28,Electronics,190.12,WH-MUM,Remote
ORD113917,2025-08-25,Fashion,392.0,WH-MUM,Metro
ORD113918,2025-05-20,Books,1242.38,WH-DEL,Metro
ORD113919,2025-12-19,Grocery,2238.77,WH-BLR,Tier-2
ORD113920,2025-10-28,Electronics,429.36,WH-DEL,Metro
ORD113921,2025-08-02,Fashion,1446.23,WH-MUM,Tier-3
ORD113922,2025-06-30,Fashion,2366.31,WH-MUM,Metro
ORD113923,2025-12-30,Electronics,1271.69,WH-BLR,Metro
ORD113924,2025-10-05,Fashion,814.87,WH-KOL,Tier-2
ORD113925,2025-08-04,Fashion,409.09,WH-BLR,Tier-3
ORD113926,2025-06-17,Grocery,2485.03,WH-BLR,Metro
ORD113927,2025-05-17,Appliances,793.49,WH-MUM,Metro
ORD113928,2025-10-15,Grocery,4999.29,WH-HYD,Metro
ORD113929,2025-09-05,Electronics,1543.26,WH-HYD,Metro
ORD113930,2025-11-22,Electronics,1799.74,WH-DEL,Metro
ORD113931,2025-08-21,Books,2607.44,WH-DEL,Tier-2
ORD113932,2025-09-02,Appliances,1000.72,WH-MUM,Tier-3
ORD113933,2025-07-20,Furniture,1950.65,WH-BLR,Tier-3
ORD113934,2025-10-30,Beauty,799.15,WH-MUM,Tier-3
ORD113935,2025-06-24,Grocery,705.93,WH-MUM,Tier-3
ORD113936,2025-11-23,Electronics,646.03,WH-DEL,Tier-2
ORD113937,2025-05-18,Appliances,905.63,WH-DEL,Remote
ORD113938,2025-10-12,Electronics,6952.01,WH-KOL,Tier-3
ORD113939,2025-12-03,Furniture,650.01,WH-DEL,Tier-2
ORD113940,2025-11-01,Fashion,2188.62,WH-DEL,Metro
ORD113941,2025-05-24,Electronics,1117.01,WH-KOL,Tier-3
ORD113942,2025-10-15,Electronics,539.79,WH-MUM,Tier-3
ORD113943,2025-03-28,Fashion,2522.87,WH-MUM,Tier-2
ORD113944,2025-01-25,Grocery,895.38,WH-HYD,Metro
ORD113945,2025-11-07,Electronics,937.26,WH-DEL,Metro
ORD113946,2025-11-11,Electronics,3185.76,WH-KOL,Tier-3
ORD113947,2025-01-10,Fashion,1086.06,WH-DEL,Remote
ORD113948,2025-12-18,Books,1602.17,WH-KOL,Tier-2
ORD113949,2025-07-07,Books,1310.0,WH-BLR,Metro
ORD113950,2025-12-07,Appliances,1242.46,WH-HYD,Metro
ORD113951,2025-11-06,Fashion,466.05,WH-BLR,Tier-3
ORD113952,2025-12-05,Fashion,2660.71,WH-BLR,Metro
ORD113953,2025-11-18,Fashion,1599.73,WH-BLR,Tier-3
ORD113954,2025-12-25,Electronics,2568.37,WH-DEL,Metro
ORD113955,2025-09-22,Electronics,1468.89,WH-MUM,Metro
ORD113956,2025-04-06,Books,3117.87,WH-BLR,Metro
ORD113957,2025-06-13,Grocery,1512.16,WH-DEL,Metro
ORD113958,2025-10-27,Electronics,4014.89,WH-MUM,Remote
ORD113959,2025-03-07,Grocery,649.09,WH-MUM,Metro
ORD113960,2025-12-13,Fashion,711.61,WH-DEL,Tier-3
ORD113961,2025-03-28,Fashion,5595.22,WH-HYD,Remote
ORD113962,2025-11-29,Furniture,2595.78,WH-HYD,Tier-3
ORD113963,2025-07-23,Books,5957.83,WH-MUM,Remote
ORD113964,2025-11-20,Appliances,2187.12,WH-HYD,Metro
ORD113965,2025-12-21,Books,1072.28,WH-HYD,Tier-2
ORD113966,2025-06-27,Fashion,5966.1,WH-MUM,Tier-2
ORD113967,2025-10-13,Furniture,312.68,WH-BLR,Tier-3
ORD113968,2025-04-06,Books,2539.98,WH-BLR,Tier-3
ORD113969,2025-11-09,Fashion,175.58,WH-DEL,Tier-3
ORD113970,2025-11-14,Books,4469.34,WH-KOL,Metro
ORD113971,2025-05-05,Beauty,588.68,WH-BLR,Tier-2
ORD113972,2025-01-11,Furniture,1048.42,WH-MUM,Tier-3
ORD113973,2025-07-01,Electronics,617.95,WH-BLR,Metro
ORD113974,2025-03-13,Fashion,2151.07,WH-DEL,Metro
ORD113975,2025-11-14,Furniture,1155.37,WH-HYD,Metro
ORD113976,2025-04-20,Books,4046.83,WH-HYD,Tier-3
ORD113977,2025-12-17,Electronics,790.59,WH-KOL,Tier-2
ORD113978,2025-12-24,Fashion,520.79,WH-MUM,Metro
ORD113979,2025-12-08,Fashion,919.03,WH-DEL,Remote
ORD113980,2025-09-09,Fashion,4965.86,WH-KOL,Metro
ORD113981,2025-04-23,Appliances,3085.36,WH-DEL,Tier-3
ORD113982,2025-11-11,Grocery,3379.16,WH-KOL,Tier-3
ORD113983,2025-10-14,Grocery,861.88,WH-MUM,Tier-2
ORD113984,2025-12-26,Furniture,466.03,WH-BLR,Metro
ORD113985,2025-06-08,Grocery,4176.7,WH-BLR,Tier-2
ORD113986,2025-01-25,Appliances,444.96,WH-HYD,Metro
ORD113987,2025-12-31,Electronics,1345.98,WH-BLR,Metro
ORD113988,2025-11-19,Electronics,786.73,WH-HYD,Tier-2
ORD113989,2025-04-04,Books,1422.71,WH-MUM,Metro
ORD113990,2025-10-20,Grocery,341.26,WH-DEL,Remote
ORD113991,2025-01-01,Fashion,2645.35,WH-HYD,Tier-2
ORD113992,2025-08-23,Grocery,4009.43,WH-MUM,Metro
ORD113993,2025-06-02,Furniture,3089.51,WH-BLR,Tier-2
ORD113994,2025-06-10,Electronics,549.94,WH-DEL,Metro
ORD113995,2025-04-13,Grocery,1895.8,WH-KOL,Metro
ORD113996,2025-04-26,Electronics,1167.91,WH-BLR,Metro
ORD113997,2025-07-11,Books,1338.73,WH-BLR,Metro
ORD113998,2025-04-15,Grocery,5051.79,WH-KOL,Tier-2
ORD113999,2025-07-15,Books,945.65,WH-BLR,Metro
ORD114000,2025-08-31,Appliances,2306.43,WH-BLR,Metro
ORD114001,2025-10-17,Books,331.6,WH-KOL,Tier-3
ORD114002,2025-10-08,Fashion,1418.81,WH-HYD,Metro
ORD114003,2025-04-12,Electronics,2820.75,WH-MUM,Metro
ORD114004,2025-01-17,Books,1187.75,WH-KOL,Tier-2
ORD114005,2025-11-18,Books,2190.42,WH-DEL,Tier-3
ORD114006,2025-11-28,Books,700.33,WH-BLR,Tier-2
ORD114007,2025-12-26,Beauty,922.43,WH-MUM,Metro
ORD114008,2025-12-21,Grocery,1202.63,WH-HYD,Tier-2
ORD114009,2025-09-24,Grocery,867.84,WH-DEL,Tier-3
ORD114010,2025-12-04,Books,2748.21,WH-DEL,Metro
ORD114011,2025-07-08,Electronics,3211.54,WH-MUM,Metro
ORD114012,2025-11-06,Books,2248.76,WH-MUM,Tier-3
ORD114013,2025-12-20,Books,176.75,WH-DEL,Tier-2
ORD114014,2025-11-08,Grocery,1038.49,WH-BLR,Metro
ORD114015,2025-06-24,Fashion,2627.21,WH-HYD,Tier-2
ORD114016,2025-06-08,Furniture,1175.12,WH-BLR,Metro
ORD114017,2025-05-03,Beauty,1120.86,WH-BLR,Tier-2
ORD114018,2025-06-04,Electronics,2830.33,WH-BLR,Tier-3
ORD114019,2025-11-14,Fashion,2948.97,WH-HYD,Metro
ORD114020,2025-10-14,Furniture,2162.07,WH-MUM,Tier-2
ORD114021,2025-04-15,Books,407.18,WH-MUM,Metro
ORD114022,2025-10-17,Furniture,547.2,WH-DEL,Tier-3
ORD114023,2025-06-09,Grocery,1834.68,WH-DEL,Tier-2
ORD114024,2025-08-23,Electronics,253.62,WH-KOL,Metro
ORD114025,2025-06-05,Fashion,4973.27,WH-MUM,Tier-2
ORD114026,2025-08-08,Books,1493.55,WH-BLR,Tier-2
ORD114027,2025-10-22,Fashion,762.62,WH-HYD,Remote
ORD114028,2025-10-22,Fashion,875.47,WH-MUM,Tier-3
ORD114029,2025-10-28,Fashion,3517.91,WH-DEL,Tier-3
ORD114030,2025-06-14,Fashion,488.96,WH-BLR,Remote
ORD114031,2025-10-11,Fashion,287.61,WH-HYD,Metro
ORD114032,2025-04-11,Appliances,605.1,WH-KOL,Tier-2
ORD114033,2025-07-20,Grocery,1696.43,WH-MUM,Remote
ORD114034,2025-09-03,Furniture,4825.3,WH-BLR,Tier-3
ORD114035,2025-10-10,Fashion,3546.82,WH-BLR,Metro
ORD114036,2025-12-08,Books,944.73,WH-MUM,Tier-2
ORD114037,2025-05-09,Electronics,1679.89,WH-MUM,Metro
ORD114038,2025-11-21,Electronics,1769.35,WH-MUM,Tier-3
ORD114039,2025-05-11,Fashion,1599.28,WH-DEL,Tier-2
ORD114040,2025-08-20,Beauty,277.13,WH-MUM,Tier-2
ORD114041,2025-11-16,Appliances,1042.07,WH-BLR,Remote
ORD114042,2025-10-20,Furniture,2520.31,WH-KOL,Metro
ORD114043,2025-11-25,Fashion,5958.35,WH-MUM,Remote
ORD114044,2025-11-13,Fashion,1841.22,WH-KOL,Tier-2
ORD114045,2025-04-27,Beauty,3210.97,WH-DEL,Metro
ORD114046,2025-12-30,Fashion,2714.18,WH-BLR,Remote
ORD114047,2025-12-15,Appliances,988.38,WH-DEL,Remote
ORD114048,2025-06-30,Books,460.13,WH-KOL,Remote
ORD114049,2025-01-20,Furniture,3312.13,WH-HYD,Tier-3
ORD114050,2025-05-08,Fashion,5895.6,WH-MUM,Metro
ORD114051,2025-11-18,Fashion,955.45,WH-BLR,Metro
ORD114052,2025-12-19,Electronics,3474.63,WH-MUM,Metro
ORD114053,2025-11-17,Beauty,1510.69,WH-BLR,Metro
ORD114054,2025-06-16,Books,444.15,WH-MUM,Remote
ORD114055,2025-01-24,Fashion,1390.58,WH-KOL,Tier-2
ORD114056,2025-08-06,Books,850.08,WH-DEL,Metro
ORD114057,2025-06-08,Electronics,1908.8,WH-HYD,Tier-3
ORD114058,2025-02-21,Electronics,1843.66,WH-DEL,Tier-2
ORD114059,2025-02-14,Electronics,799.48,WH-BLR,Metro
ORD114060,2025-03-06,Books,470.4,WH-BLR,Remote
ORD114061,2025-03-28,Electronics,928.43,WH-HYD,Tier-2
ORD114062,2025-10-28,Electronics,4627.77,WH-MUM,Tier-2
ORD114063,2025-06-10,Electronics,523.72,WH-MUM,Metro
ORD114064,2025-07-03,Fashion,2391.53,WH-BLR,Tier-2
ORD114065,2025-09-09,Grocery,2162.08,WH-MUM,Tier-2
ORD114066,2025-12-21,Fashion,861.45,WH-BLR,Tier-3
ORD114067,2025-10-29,Books,682.4,WH-BLR,Metro
ORD114068,2025-09-29,Beauty,2154.16,WH-KOL,Metro
ORD114069,2025-10-25,Fashion,1309.75,WH-DEL,Metro
ORD114070,2025-10-19,Beauty,895.41,WH-HYD,Remote
ORD114071,2025-10-11,Books,1953.34,WH-KOL,Tier-2
ORD114072,2025-07-28,Books,4918.79,WH-DEL,Metro
ORD114073,2025-08-27,Electronics,3610.96,WH-MUM,Tier-3
ORD114074,2025-07-13,Books,1484.45,WH-MUM,Tier-3
ORD114075,2025-06-15,Grocery,89.64,WH-BLR,Tier-3
ORD114076,2025-04-24,Electronics,1106.5,WH-HYD,Tier-3
ORD114077,2025-05-30,Appliances,600.06,WH-HYD,Tier-3
ORD114078,2025-06-30,Fashion,1138.19,WH-DEL,Remote
ORD114079,2025-09-01,Books,1012.94,WH-MUM,Metro
ORD114080,2025-07-30,Furniture,1040.38,WH-BLR,Metro
ORD114081,2025-02-15,Grocery,3168.95,WH-BLR,Metro
ORD114082,2025-05-23,Electronics,1116.35,WH-MUM,Tier-3
ORD114083,2025-06-08,Books,1078.17,WH-KOL,Remote
ORD114084,2025-10-16,Electronics,1961.13,WH-BLR,Metro
ORD114085,2025-05-20,Books,574.78,WH-KOL,Tier-2
ORD114086,2025-01-04,Appliances,1022.3,WH-DEL,Metro
ORD114087,2025-02-05,Electronics,447.55,WH-MUM,Tier-3
ORD114088,2025-07-28,Grocery,2204.27,WH-BLR,Metro
ORD114089,2025-03-21,Beauty,1612.0,WH-BLR,Tier-2
ORD114090,2025-07-27,Beauty,7008.88,WH-DEL,Tier-2
ORD114091,2025-08-30,Electronics,362.51,WH-DEL,Metro
ORD114092,2025-12-14,Electronics,2910.48,WH-MUM,Remote
ORD114093,2025-10-02,Electronics,329.39,WH-MUM,Tier-2
ORD114094,2025-01-14,Appliances,603.87,WH-BLR,Tier-2
ORD114095,2025-06-09,Electronics,240.67,WH-MUM,Metro
ORD114096,2025-11-07,Electronics,1415.48,WH-DEL,Tier-2
ORD114097,2025-04-20,Fashion,1665.94,WH-DEL,Metro
ORD114098,2025-12-12,Beauty,1035.09,WH-BLR,Tier-2
ORD114099,2025-08-11,Fashion,233.22,WH-HYD,Tier-2
ORD114100,2025-02-08,Appliances,874.79,WH-BLR,Metro
ORD114101,2025-04-12,Electronics,1485.29,WH-HYD,Remote
ORD114102,2025-12-07,Furniture,644.4,WH-DEL,Metro
ORD114103,2025-12-29,Grocery,1309.52,WH-DEL,Tier-2
ORD114104,2025-11-26,Beauty,3179.8,WH-BLR,Remote
ORD114105,2025-05-15,Appliances,846.32,WH-HYD,Tier-3
ORD114106,2025-11-01,Electronics,561.33,WH-HYD,Tier-3
ORD114107,2025-04-04,Fashion,1255.5,WH-BLR,Metro
ORD114108,2025-06-11,Electronics,5724.12,WH-BLR,Tier-2
ORD114109,2025-10-13,Fashion,2006.34,WH-HYD,Tier-3
ORD114110,2025-12-23,Beauty,400.42,WH-MUM,Tier-2
ORD114111,2025-07-04,Grocery,3962.94,WH-DEL,Tier-2
ORD114112,2025-07-28,Books,961.7,WH-BLR,Remote
ORD114113,2025-04-03,Electronics,1110.98,WH-BLR,Tier-2
ORD114114,2025-06-19,Books,477.66,WH-HYD,Tier-3
ORD114115,2025-01-27,Books,1508.19,WH-BLR,Tier-3
ORD114116,2025-11-24,Furniture,280.53,WH-BLR,Tier-3
ORD114117,2025-01-10,Electronics,543.88,WH-BLR,Metro
ORD114118,2025-10-09,Books,2178.43,WH-HYD,Tier-3
ORD114119,2025-04-25,Books,1482.3,WH-MUM,Tier-3
ORD114120,2025-07-20,Fashion,732.88,WH-DEL,Tier-2
ORD114121,2025-04-29,Beauty,1146.86,WH-DEL,Metro
ORD114122,2025-06-18,Books,2339.68,WH-MUM,Metro
ORD114123,2025-08-18,Fashion,1819.51,WH-BLR,Tier-2
ORD114124,2025-09-27,Fashion,2274.93,WH-MUM,Tier-3
ORD114125,2025-12-16,Fashion,517.79,WH-BLR,Remote
ORD114126,2025-05-20,Grocery,760.46,WH-KOL,Metro
ORD114127,2025-09-03,Books,6300.04,WH-HYD,Metro
ORD114128,2025-12-06,Books,975.22,WH-HYD,Tier-3
ORD114129,2025-05-02,Electronics,927.34,WH-HYD,Remote
ORD114130,2025-11-26,Grocery,1477.62,WH-BLR,Metro
ORD114131,2025-12-20,Grocery,1597.89,WH-HYD,Metro
ORD114132,2025-11-21,Grocery,603.07,WH-MUM,Tier-3
ORD114133,2025-08-28,Appliances,182.84,WH-HYD,Metro
ORD114134,2025-10-20,Furniture,1035.54,WH-KOL,Tier-2
ORD114135,2025-07-22,Fashion,1318.91,WH-MUM,Remote
ORD114136,2025-09-08,Fashion,325.26,WH-DEL,Tier-3
ORD114137,2025-12-25,Books,1657.95,WH-MUM,Metro
ORD114138,2025-04-16,Fashion,1751.85,WH-KOL,Remote
ORD114139,2025-11-07,Fashion,2916.49,WH-MUM,Tier-3
ORD114140,2025-08-01,Beauty,556.57,WH-MUM,Remote
ORD114141,2025-03-16,Books,1797.05,WH-KOL,Tier-2
ORD114142,2025-09-28,Appliances,2082.53,WH-BLR,Tier-2
ORD114143,2025-11-07,Fashion,4368.6,WH-MUM,Metro
ORD114144,2025-08-27,Furniture,2647.73,WH-DEL,Tier-2
ORD114145,2025-11-19,Furniture,3118.0,WH-DEL,Tier-2
ORD114146,2025-06-03,Fashion,1513.03,WH-BLR,Tier-2
ORD114147,2025-12-09,Electronics,933.14,WH-BLR,Tier-2
ORD114148,2025-09-30,Fashion,3698.96,WH-MUM,Tier-2
ORD114149,2025-11-10,Grocery,485.23,WH-MUM,Metro
ORD114150,2025-04-25,Beauty,4538.92,WH-KOL,Remote
ORD114151,2025-07-07,Appliances,2523.45,WH-HYD,Tier-3
ORD114152,2025-12-08,Electronics,1023.49,WH-DEL,Tier-2
ORD114153,2025-01-22,Fashion,375.6,WH-BLR,Tier-3
ORD114154,2025-06-19,Grocery,1266.14,WH-KOL,Remote
ORD114155,2025-11-04,Grocery,805.88,WH-BLR,Tier-2
ORD114156,2025-10-25,Electronics,377.64,WH-KOL,Tier-3
ORD114157,2025-11-23,Beauty,847.91,WH-KOL,Metro
ORD114158,2025-10-24,Beauty,2758.5,WH-KOL,Remote
ORD114159,2025-12-18,Beauty,1328.83,WH-MUM,Metro
ORD114160,2025-07-29,Fashion,1104.26,WH-BLR,Tier-3
ORD114161,2025-09-20,Books,381.99,WH-DEL,Tier-2
ORD114162,2025-11-22,Appliances,1157.53,WH-MUM,Tier-2
ORD114163,2025-10-14,Grocery,4717.13,WH-MUM,Tier-2
ORD114164,2025-02-12,Electronics,1380.41,WH-DEL,Tier-2
ORD114165,2025-06-04,Electronics,1003.03,WH-DEL,Remote
ORD114166,2025-08-21,Fashion,2436.21,WH-MUM,Metro
ORD114167,2025-10-28,Books,3686.14,WH-MUM,Metro
ORD114168,2025-08-17,Furniture,4041.5,WH-DEL,Tier-3
ORD114169,2025-11-03,Beauty,1764.3,WH-BLR,Metro
ORD114170,2025-11-19,Grocery,360.11,WH-DEL,Metro
ORD114171,2025-04-22,Electronics,2962.01,WH-HYD,Metro
ORD114172,2025-09-16,Grocery,978.5,WH-KOL,Metro
ORD114173,2025-08-23,Electronics,879.01,WH-HYD,Tier-3
ORD114174,2025-04-06,Beauty,614.5,WH-DEL,Tier-2
ORD114175,2025-07-25,Fashion,2067.04,WH-KOL,Metro
ORD114176,2025-08-19,Electronics,2880.23,WH-MUM,Tier-2
ORD114177,2025-11-14,Grocery,785.1,WH-HYD,Tier-2
ORD114178,2025-07-13,Books,2240.05,WH-BLR,Tier-3
ORD114179,2025-02-04,Grocery,3227.36,WH-DEL,Tier-2
ORD114180,2025-07-24,Electronics,1795.13,WH-BLR,Metro
ORD114181,2025-11-19,Appliances,1340.03,WH-BLR,Remote
ORD114182,2025-08-29,Electronics,1185.71,WH-DEL,Metro
ORD114183,2025-05-14,Furniture,792.37,WH-BLR,Remote
ORD114184,2025-12-11,Furniture,2462.45,WH-MUM,Metro
ORD114185,2025-03-07,Fashion,3332.83,WH-HYD,Tier-2
ORD114186,2025-05-18,Fashion,1488.11,WH-DEL,Metro
ORD114187,2025-07-03,Electronics,938.39,WH-HYD,Tier-3
ORD114188,2025-10-24,Fashion,1985.11,WH-HYD,Tier-2
ORD114189,2025-11-18,Furniture,650.36,WH-MUM,Tier-3
ORD114190,2025-01-25,Fashion,3662.77,WH-KOL,Tier-3
ORD114191,2025-11-07,Electronics,3337.89,WH-BLR,Metro
ORD114192,2025-10-19,Furniture,1993.35,WH-BLR,Metro
ORD114193,2025-12-04,Appliances,950.93,WH-MUM,Remote
ORD114194,2025-12-05,Books,1149.12,WH-HYD,Tier-2
ORD114195,2025-11-03,Books,332.91,WH-BLR,Tier-3
ORD114196,2025-03-21,Grocery,725.72,WH-MUM,Tier-2
ORD114197,2025-05-12,Fashion,2411.18,WH-DEL,Tier-3
ORD114198,2025-12-15,Grocery,721.58,WH-HYD,Tier-2
ORD114199,2025-09-09,Books,9041.97,WH-HYD,Tier-3
ORD114200,2025-08-15,Grocery,900.4,WH-BLR,Remote
ORD114201,2025-12-09,Beauty,637.68,WH-MUM,Tier-3
ORD114202,2025-11-28,Furniture,1754.06,WH-DEL,Remote
ORD114203,2025-10-21,Fashion,1818.08,WH-HYD,Metro
ORD114204,2025-12-01,Books,3992.57,WH-BLR,Tier-3
ORD114205,2025-02-17,Electronics,1091.16,WH-HYD,Tier-2
ORD114206,2025-10-29,Beauty,658.03,WH-BLR,Metro
ORD114207,2025-12-22,Fashion,840.09,WH-BLR,Tier-2
ORD114208,2025-01-21,Appliances,3507.39,WH-MUM,Tier-2
ORD114209,2025-04-04,Furniture,4978.33,WH-HYD,Remote
ORD114210,2025-11-07,Electronics,831.22,WH-HYD,Tier-2
ORD114211,2025-08-07,Appliances,1188.06,WH-MUM,Metro
ORD114212,2025-02-06,Fashion,4049.66,WH-DEL,Remote
ORD114213,2025-04-23,Fashion,2412.18,WH-MUM,Metro
ORD114214,2025-05-17,Electronics,836.47,WH-BLR,Tier-2
ORD114215,2025-05-15,Books,518.23,WH-HYD,Tier-2
ORD114216,2025-11-29,Books,779.55,WH-BLR,Metro
ORD114217,2025-10-04,Electronics,2587.51,WH-KOL,Tier-2
ORD114218,2025-10-23,Books,397.23,WH-HYD,Tier-2
ORD114219,2025-01-06,Books,1542.34,WH-HYD,Tier-3
ORD114220,2025-06-29,Electronics,978.35,WH-DEL,Remote
ORD114221,2025-05-14,Beauty,729.83,WH-HYD,Remote
ORD114222,2025-11-23,Electronics,887.95,WH-BLR,Metro
ORD114223,2025-12-19,Books,2639.86,WH-DEL,Metro
ORD114224,2025-06-27,Grocery,2007.13,WH-MUM,Metro
ORD114225,2025-12-24,Beauty,3000.15,WH-DEL,Remote
ORD114226,2025-01-07,Fashion,683.78,WH-DEL,Metro
ORD114227,2025-05-17,Fashion,342.23,WH-BLR,Tier-2
ORD114228,2025-11-02,Books,1518.41,WH-BLR,Remote
ORD114229,2025-06-01,Appliances,1296.75,WH-DEL,Tier-2
ORD114230,2025-12-11,Furniture,885.36,WH-KOL,Metro
ORD114231,2025-04-02,Furniture,268.89,WH-DEL,Metro
ORD114232,2025-11-08,Appliances,2610.84,WH-MUM,Tier-3
ORD114233,2025-03-26,Electronics,123.63,WH-KOL,Metro
ORD114234,2025-03-24,Electronics,2314.83,WH-HYD,Tier-2
ORD114235,2025-07-07,Electronics,2232.03,WH-HYD,Metro
ORD114236,2025-12-17,Electronics,2123.23,WH-MUM,Tier-3
ORD114237,2025-09-04,Books,1242.27,WH-MUM,Remote
ORD114238,2025-09-24,Fashion,212.28,WH-MUM,Tier-2
ORD114239,2025-01-05,Grocery,362.31,WH-HYD,Tier-2
ORD114240,2025-01-24,Electronics,670.89,WH-MUM,Metro
ORD114241,2025-01-29,Books,5742.84,WH-DEL,Metro
ORD114242,2025-11-14,Electronics,2809.82,WH-KOL,Remote
ORD114243,2025-04-10,Electronics,1131.21,WH-DEL,Tier-2
ORD114244,2025-05-19,Books,800.78,WH-BLR,Metro
ORD114245,2025-09-14,Electronics,1454.41,WH-BLR,Tier-3
ORD114246,2025-09-03,Books,2574.79,WH-DEL,Remote
ORD114247,2025-06-22,Fashion,1663.68,WH-BLR,Metro
ORD114248,2025-01-02,Appliances,429.92,WH-BLR,Tier-2
ORD114249,2025-07-08,Electronics,4123.43,WH-MUM,Remote
ORD114250,2025-10-24,Fashion,1922.5,WH-DEL,Metro
ORD114251,2025-04-09,Grocery,872.66,WH-DEL,Tier-3
ORD114252,2025-10-16,Furniture,1734.79,WH-BLR,Tier-2
ORD114253,2025-01-07,Books,3455.87,WH-DEL,Tier-2
ORD114254,2025-12-07,Fashion,1780.83,WH-MUM,Metro
ORD114255,2025-12-18,Furniture,1862.33,WH-MUM,Metro
ORD114256,2025-01-02,Electronics,4461.7,WH-KOL,Tier-2
ORD114257,2025-07-12,Books,794.61,WH-BLR,Metro
ORD114258,2025-06-23,Beauty,608.93,WH-DEL,Tier-2
ORD114259,2025-11-20,Electronics,920.01,WH-BLR,Metro
ORD114260,2025-08-16,Electronics,2628.04,WH-BLR,Tier-3
ORD114261,2025-09-14,Books,2882.72,WH-DEL,Metro
ORD114262,2025-03-27,Books,1524.16,WH-DEL,Tier-3
ORD114263,2025-02-02,Furniture,680.18,WH-DEL,Metro
ORD114264,2025-10-12,Grocery,5564.25,WH-KOL,Tier-3
ORD114265,2025-09-18,Appliances,528.98,WH-HYD,Metro
ORD114266,2025-11-17,Fashion,928.47,WH-BLR,Metro
ORD114267,2025-11-21,Beauty,762.48,WH-DEL,Metro
ORD114268,2025-09-23,Books,3130.56,WH-DEL,Tier-3
ORD114269,2025-08-15,Books,1162.48,WH-DEL,Metro
ORD114270,2025-12-09,Books,4995.14,WH-MUM,Tier-3
ORD114271,2025-11-09,Beauty,2541.75,WH-KOL,Metro
ORD114272,2025-12-01,Electronics,636.08,WH-MUM,Remote
ORD114273,2025-12-30,Beauty,1039.55,WH-HYD,Metro
ORD114274,2025-06-19,Fashion,873.82,WH-MUM,Metro
ORD114275,2025-10-18,Fashion,4052.64,WH-HYD,Tier-2
ORD114276,2025-10-11,Fashion,2635.68,WH-MUM,Metro
ORD114277,2025-03-15,Fashion,376.55,WH-BLR,Tier-2
ORD114278,2025-09-25,Fashion,2038.68,WH-MUM,Tier-3
ORD114279,2025-06-29,Grocery,1273.79,WH-DEL,Tier-3
ORD114280,2025-07-09,Electronics,482.87,WH-BLR,Metro
ORD114281,2025-03-17,Fashion,691.27,WH-DEL,Metro
ORD114282,2025-10-25,Fashion,1126.87,WH-HYD,Metro
ORD114283,2025-10-13,Furniture,227.99,WH-HYD,Metro
ORD114284,2025-08-12,Grocery,1598.89,WH-MUM,Tier-3
ORD114285,2025-03-07,Appliances,1433.63,WH-MUM,Tier-2
ORD114286,2025-08-22,Books,1092.97,WH-HYD,Tier-3
ORD114287,2025-02-12,Furniture,1378.67,WH-KOL,Tier-2
ORD114288,2025-05-23,Fashion,1117.96,WH-BLR,Tier-2
ORD114289,2025-06-06,Grocery,545.02,WH-BLR,Tier-2
ORD114290,2025-12-01,Grocery,802.35,WH-BLR,Tier-2
ORD114291,2025-06-24,Electronics,719.37,WH-MUM,Metro
ORD114292,2025-09-09,Books,2216.86,WH-HYD,Metro
ORD114293,2025-11-29,Electronics,571.13,WH-BLR,Metro
ORD114294,2025-06-28,Beauty,860.86,WH-DEL,Remote
ORD114295,2025-12-01,Electronics,1368.2,WH-BLR,Tier-3
ORD114296,2025-02-27,Appliances,395.72,WH-BLR,Metro
ORD114297,2025-06-03,Fashion,930.22,WH-DEL,Metro
ORD114298,2025-02-09,Beauty,1364.23,WH-DEL,Tier-3
ORD114299,2025-08-24,Books,1515.48,WH-MUM,Tier-2
ORD114300,2025-12-20,Electronics,1755.26,WH-MUM,Metro
ORD114301,2025-10-02,Electronics,721.55,WH-MUM,Tier-3
ORD114302,2025-09-21,Furniture,553.4,WH-KOL,Tier-3
ORD114303,2025-04-27,Electronics,912.8,WH-HYD,Metro
ORD114304,2025-12-13,Electronics,1550.4,WH-DEL,Tier-3
ORD114305,2025-07-18,Beauty,1052.17,WH-KOL,Tier-3
ORD114306,2025-04-23,Furniture,543.27,WH-DEL,Tier-2
ORD114307,2025-12-28,Electronics,7808.23,WH-BLR,Tier-3
ORD114308,2025-06-27,Grocery,705.45,WH-MUM,Metro
ORD114309,2025-06-06,Electronics,459.52,WH-KOL,Tier-2
ORD114310,2025-01-15,Books,762.16,WH-DEL,Tier-3
ORD114311,2025-03-16,Electronics,2672.2,WH-KOL,Tier-2
ORD114312,2025-11-11,Fashion,2112.41,WH-DEL,Tier-2
ORD114313,2025-07-22,Fashion,5582.36,WH-KOL,Tier-2
ORD114314,2025-12-20,Beauty,596.26,WH-HYD,Tier-2
ORD114315,2025-02-05,Electronics,1051.63,WH-HYD,Tier-3
ORD114316,2025-09-16,Appliances,3012.16,WH-KOL,Tier-3
ORD114317,2025-10-19,Grocery,578.5,WH-MUM,Tier-3
ORD114318,2025-09-19,Books,3386.62,WH-DEL,Remote
ORD114319,2025-08-11,Fashion,1377.11,WH-MUM,Tier-2
ORD114320,2025-09-01,Books,707.09,WH-HYD,Tier-2
ORD114321,2025-10-11,Beauty,339.4,WH-DEL,Metro
ORD114322,2025-11-26,Fashion,2034.15,WH-BLR,Metro
ORD114323,2025-05-22,Fashion,4363.65,WH-MUM,Metro
ORD114324,2025-07-13,Beauty,1758.18,WH-BLR,Metro
ORD114325,2025-09-25,Fashion,1839.53,WH-MUM,Tier-2
ORD114326,2025-05-13,Books,1653.89,WH-BLR,Remote
ORD114327,2025-03-17,Books,2801.33,WH-KOL,Tier-3
ORD114328,2025-12-23,Fashion,3573.18,WH-DEL,Tier-3
ORD114329,2025-03-23,Electronics,133.27,WH-KOL,Metro
ORD114330,2025-04-08,Fashion,1036.97,WH-BLR,Metro
ORD114331,2025-09-17,Grocery,816.73,WH-MUM,Metro
ORD114332,2025-02-02,Grocery,1557.73,WH-KOL,Tier-2
ORD114333,2025-01-15,Appliances,975.41,WH-DEL,Metro
ORD114334,2025-01-27,Grocery,1912.53,WH-BLR,Metro
ORD114335,2025-02-21,Books,1749.58,WH-KOL,Metro
ORD114336,2025-06-30,Electronics,289.21,WH-BLR,Tier-3
ORD114337,2025-11-17,Fashion,234.8,WH-MUM,Remote
ORD114338,2025-05-24,Electronics,2452.95,WH-HYD,Metro
ORD114339,2025-06-29,Electronics,688.93,WH-DEL,Metro
ORD114340,2025-09-10,Fashion,5297.29,WH-DEL,Metro
ORD114341,2025-05-07,Beauty,2648.89,WH-BLR,Tier-2
ORD114342,2025-07-01,Fashion,320.51,WH-MUM,Metro
ORD114343,2025-06-12,Fashion,707.77,WH-MUM,Metro
ORD114344,2025-05-24,Furniture,1622.54,WH-MUM,Metro
ORD114345,2025-06-13,Appliances,937.3,WH-BLR,Tier-2
ORD114346,2025-01-05,Grocery,1166.1,WH-DEL,Metro
ORD114347,2025-12-02,Fashion,552.03,WH-KOL,Tier-2
ORD114348,2025-12-26,Fashion,1765.83,WH-KOL,Tier-3
ORD114349,2025-11-25,Electronics,1360.61,WH-HYD,Remote
ORD114350,2025-01-03,Fashion,2451.7,WH-BLR,Metro
ORD114351,2025-10-27,Electronics,1288.66,WH-DEL,Tier-3
ORD114352,2025-08-29,Furniture,809.98,WH-KOL,Tier-2
ORD114353,2025-02-09,Books,1494.62,WH-BLR,Metro
ORD114354,2025-12-14,Fashion,1790.62,WH-BLR,Metro
ORD114355,2025-11-03,Fashion,1341.51,WH-MUM,Tier-2
ORD114356,2025-03-03,Books,3577.93,WH-DEL,Tier-3
ORD114357,2025-12-22,Grocery,561.95,WH-KOL,Remote
ORD114358,2025-02-23,Appliances,2770.78,WH-MUM,Tier-2
ORD114359,2025-07-11,Books,504.96,WH-DEL,Tier-3
ORD114360,2025-03-08,Furniture,2258.32,WH-DEL,Metro
ORD114361,2025-03-05,Appliances,258.79,WH-HYD,Tier-3
ORD114362,2025-12-23,Fashion,1054.44,WH-MUM,Metro
ORD114363,2025-08-29,Beauty,2872.65,WH-DEL,Tier-2
ORD114364,2025-04-19,Appliances,961.41,WH-KOL,Tier-3
ORD114365,2025-11-03,Electronics,1232.42,WH-KOL,Metro
ORD114366,2025-11-29,Grocery,1653.43,WH-MUM,Metro
ORD114367,2025-12-10,Electronics,206.47,WH-BLR,Remote
ORD114368,2025-12-14,Grocery,1678.43,WH-KOL,Metro
ORD114369,2025-12-07,Electronics,616.05,WH-KOL,Metro
ORD114370,2025-09-26,Furniture,2801.87,WH-BLR,Tier-2
ORD114371,2025-05-24,Grocery,1212.61,WH-BLR,Tier-2
ORD114372,2025-12-12,Grocery,1627.2,WH-BLR,Metro
ORD114373,2025-02-21,Furniture,504.13,WH-DEL,Remote
ORD114374,2025-03-12,Fashion,2465.44,WH-MUM,Metro
ORD114375,2025-07-02,Fashion,1266.84,WH-MUM,Tier-2
ORD114376,2025-04-30,Grocery,386.99,WH-HYD,Metro
ORD114377,2025-09-16,Grocery,857.23,WH-MUM,Metro
ORD114378,2025-12-07,Beauty,2200.38,WH-KOL,Metro
ORD114379,2025-07-26,Fashion,1431.26,WH-MUM,Metro
ORD114380,2025-08-21,Grocery,2266.53,WH-MUM,Tier-2
ORD114381,2025-06-27,Beauty,959.91,WH-KOL,Tier-3
ORD114382,2025-10-16,Appliances,3380.35,WH-BLR,Tier-3
ORD114383,2025-02-12,Fashion,3961.84,WH-BLR,Tier-2
ORD114384,2025-01-21,Fashion,315.31,WH-MUM,Tier-2
ORD114385,2025-09-27,Books,2054.59,WH-DEL,Metro
ORD114386,2025-08-13,Fashion,4304.0,WH-DEL,Metro
ORD114387,2025-06-21,Fashion,1880.5,WH-KOL,Tier-2
ORD114388,2025-05-21,Grocery,1240.59,WH-KOL,Tier-2
ORD114389,2025-01-22,Electronics,444.25,WH-BLR,Tier-2
ORD114390,2025-10-09,Grocery,1000.5,WH-BLR,Tier-3
ORD114391,2025-06-27,Beauty,853.24,WH-DEL,Metro
ORD114392,2025-07-07,Beauty,2594.66,WH-KOL,Metro
ORD114393,2025-12-04,Furniture,2845.93,WH-MUM,Remote
ORD114394,2025-10-24,Books,1122.96,WH-MUM,Metro
ORD114395,2025-04-03,Books,600.08,WH-BLR,Remote
ORD114396,2025-10-02,Beauty,233.75,WH-KOL,Metro
ORD114397,2025-02-25,Books,2054.2,WH-BLR,Metro
ORD114398,2025-03-23,Books,1919.15,WH-DEL,Tier-2
ORD114399,2025-10-17,Fashion,241.32,WH-BLR,Metro
ORD114400,2025-02-22,Electronics,1945.06,WH-DEL,Tier-3
ORD114401,2025-04-28,Electronics,2577.65,WH-MUM,Tier-2
ORD114402,2025-12-05,Furniture,141.9,WH-DEL,Tier-2
ORD114403,2025-10-24,Beauty,572.66,WH-BLR,Metro
ORD114404,2025-12-13,Beauty,9388.41,WH-BLR,Metro
ORD114405,2025-11-30,Books,1364.03,WH-BLR,Tier-2
ORD114406,2025-05-12,Books,8078.55,WH-HYD,Metro
ORD114407,2025-09-23,Grocery,1563.19,WH-HYD,Tier-2
ORD114408,2025-06-09,Grocery,3164.76,WH-BLR,Tier-2
ORD114409,2025-10-13,Furniture,1027.75,WH-MUM,Tier-3
ORD114410,2025-05-27,Electronics,770.31,WH-MUM,Tier-2
ORD114411,2025-01-01,Books,366.53,WH-BLR,Tier-3
ORD114412,2025-02-09,Furniture,2030.14,WH-HYD,Metro
ORD114413,2025-11-01,Electronics,668.46,WH-MUM,Tier-3
ORD114414,2025-02-05,Furniture,613.0,WH-DEL,Tier-2
ORD114415,2025-09-09,Grocery,379.54,WH-DEL,Metro
ORD114416,2025-11-24,Books,1360.69,WH-KOL,Metro
ORD114417,2025-10-25,Books,2439.77,WH-HYD,Tier-3
ORD114418,2025-06-23,Fashion,1097.71,WH-BLR,Metro
ORD114419,2025-03-29,Books,1023.95,WH-BLR,Metro
ORD114420,2025-12-11,Electronics,4522.74,WH-MUM,Tier-2
ORD114421,2025-08-27,Fashion,366.01,WH-BLR,Metro
ORD114422,2025-06-20,Grocery,5667.31,WH-MUM,Metro
ORD114423,2025-12-16,Books,452.86,WH-KOL,Metro
ORD114424,2025-04-01,Beauty,1212.9,WH-BLR,Tier-2
ORD114425,2025-07-05,Electronics,1793.85,WH-DEL,Remote
ORD114426,2025-02-15,Appliances,2925.68,WH-MUM,Tier-3
ORD114427,2025-02-22,Books,371.86,WH-BLR,Metro
ORD114428,2025-06-17,Beauty,1526.32,WH-BLR,Metro
ORD114429,2025-10-14,Fashion,817.67,WH-BLR,Tier-3
ORD114430,2025-05-23,Electronics,2963.3,WH-MUM,Tier-3
ORD114431,2025-10-11,Grocery,809.64,WH-KOL,Metro
ORD114432,2025-11-10,Beauty,283.8,WH-DEL,Tier-3
ORD114433,2025-11-29,Fashion,1792.65,WH-BLR,Remote
ORD114434,2025-01-19,Grocery,1304.96,WH-BLR,Metro
ORD114435,2025-11-02,Beauty,5536.79,WH-KOL,Tier-3
ORD114436,2025-03-03,Grocery,2889.03,WH-BLR,Tier-2
ORD114437,2025-10-13,Furniture,662.68,WH-MUM,Tier-3
ORD114438,2025-06-06,Beauty,2914.57,WH-HYD,Metro
ORD114439,2025-10-16,Fashion,1446.5,WH-DEL,Metro
ORD114440,2025-03-31,Fashion,2368.24,WH-BLR,Tier-2
ORD114441,2025-09-29,Fashion,730.05,WH-DEL,Metro
ORD114442,2025-02-22,Furniture,988.62,WH-MUM,Tier-2
ORD114443,2025-03-13,Electronics,2252.76,WH-DEL,Tier-2
ORD114444,2025-09-16,Electronics,2401.31,WH-BLR,Metro
ORD114445,2025-05-22,Fashion,248.16,WH-KOL,Tier-3
ORD114446,2025-10-15,Grocery,2128.02,WH-DEL,Metro
ORD114447,2025-10-10,Books,681.35,WH-BLR,Tier-3
ORD114448,2025-09-19,Grocery,1615.82,WH-DEL,Tier-2
ORD114449,2025-10-22,Books,356.61,WH-MUM,Tier-2
ORD114450,2025-11-07,Beauty,2714.95,WH-KOL,Tier-3
ORD114451,2025-12-08,Appliances,2299.65,WH-BLR,Tier-2
ORD114452,2025-02-03,Furniture,692.09,WH-MUM,Metro
ORD114453,2025-08-29,Electronics,1847.18,WH-HYD,Metro
ORD114454,2025-10-27,Fashion,1300.52,WH-BLR,Tier-2
ORD114455,2025-04-02,Fashion,2173.05,WH-MUM,Tier-3
ORD114456,2025-04-21,Grocery,442.71,WH-HYD,Tier-2
ORD114457,2025-04-23,Beauty,507.75,WH-DEL,Metro
ORD114458,2025-08-29,Fashion,745.86,WH-MUM,Remote
ORD114459,2025-06-03,Electronics,1285.58,WH-MUM,Tier-2
ORD114460,2025-10-05,Books,4941.44,WH-DEL,Tier-2
ORD114461,2025-09-14,Beauty,1537.43,WH-KOL,Tier-3
ORD114462,2025-10-02,Books,2853.51,WH-DEL,Metro
ORD114463,2025-04-17,Electronics,664.41,WH-DEL,Tier-3
ORD114464,2025-10-31,Grocery,847.33,WH-HYD,Metro
ORD114465,2025-10-04,Fashion,779.98,WH-MUM,Metro
ORD114466,2025-02-24,Furniture,1142.98,WH-MUM,Metro
ORD114467,2025-03-26,Furniture,2283.09,WH-DEL,Tier-3
ORD114468,2025-05-07,Books,1024.03,WH-MUM,Tier-3
ORD114469,2025-12-15,Fashion,1051.3,WH-MUM,Metro
ORD114470,2025-05-18,Beauty,2131.59,WH-BLR,Metro
ORD114471,2025-01-09,Fashion,893.06,WH-DEL,Metro
ORD114472,2025-03-01,Electronics,720.97,WH-DEL,Metro
ORD114473,2025-01-14,Books,1024.13,WH-HYD,Tier-2
ORD114474,2025-06-19,Grocery,5767.46,WH-BLR,Tier-2
ORD114475,2025-11-08,Grocery,2709.36,WH-KOL,Metro
ORD114476,2025-07-09,Fashion,6112.99,WH-BLR,Tier-2
ORD114477,2025-11-19,Electronics,472.52,WH-HYD,Tier-2
ORD114478,2025-01-20,Electronics,1829.98,WH-DEL,Metro
ORD114479,2025-07-17,Appliances,994.31,WH-MUM,Tier-3
ORD114480,2025-11-06,Fashion,1043.08,WH-KOL,Tier-2
ORD114481,2025-10-07,Beauty,390.52,WH-MUM,Tier-3
ORD114482,2025-11-23,Books,3790.14,WH-BLR,Tier-2
ORD114483,2025-04-26,Books,365.85,WH-DEL,Tier-3
ORD114484,2025-07-30,Books,2728.89,WH-DEL,Tier-2
ORD114485,2025-10-08,Appliances,977.24,WH-HYD,Tier-3
ORD114486,2025-03-12,Grocery,646.18,WH-MUM,Tier-2
ORD114487,2025-11-13,Beauty,623.75,WH-BLR,Metro
ORD114488,2025-05-11,Fashion,1394.22,WH-MUM,Metro
ORD114489,2025-02-09,Electronics,999.18,WH-DEL,Tier-2
ORD114490,2025-10-31,Grocery,1344.28,WH-DEL,Tier-3
ORD114491,2025-10-15,Electronics,273.54,WH-HYD,Tier-2
ORD114492,2025-12-01,Furniture,256.74,WH-MUM,Metro
ORD114493,2025-12-03,Beauty,312.13,WH-DEL,Metro
ORD114494,2025-04-28,Furniture,2544.96,WH-KOL,Tier-2
ORD114495,2025-09-27,Fashion,4266.69,WH-MUM,Tier-2
ORD114496,2025-12-31,Electronics,1084.73,WH-MUM,Tier-2
ORD114497,2025-04-13,Fashion,2429.07,WH-KOL,Metro
ORD114498,2025-07-18,Electronics,1767.52,WH-BLR,Metro
ORD114499,2025-12-08,Grocery,3412.13,WH-DEL,Tier-2
ORD114500,2025-02-13,Books,3512.88,WH-MUM,Remote
ORD114501,2025-12-13,Furniture,498.22,WH-BLR,Remote
ORD114502,2025-07-25,Furniture,1562.58,WH-HYD,Metro
ORD114503,2025-12-03,Fashion,2658.03,WH-BLR,Metro
ORD114504,2025-09-19,Electronics,2666.55,WH-KOL,Remote
ORD114505,2025-10-06,Furniture,2473.7,WH-MUM,Tier-3
ORD114506,2025-11-02,Fashion,1304.77,WH-BLR,Tier-3
ORD114507,2025-01-29,Fashion,2301.17,WH-MUM,Tier-2
ORD114508,2025-09-21,Furniture,429.89,WH-HYD,Tier-3
ORD114509,2025-12-12,Fashion,447.08,WH-MUM,Tier-3
ORD114510,2025-12-20,Electronics,4477.65,WH-MUM,Tier-3
ORD114511,2025-12-23,Grocery,3199.44,WH-MUM,Tier-3
ORD114512,2025-09-29,Fashion,4751.14,WH-DEL,Tier-2
ORD114513,2025-09-24,Appliances,1184.39,WH-MUM,Remote
ORD114514,2025-08-21,Electronics,612.69,WH-KOL,Remote
ORD114515,2025-09-13,Books,1153.39,WH-BLR,Tier-2
ORD114516,2025-09-15,Grocery,6313.2,WH-BLR,Remote
ORD114517,2025-01-18,Electronics,684.84,WH-MUM,Metro
ORD114518,2025-02-07,Electronics,1165.9,WH-BLR,Metro
ORD114519,2025-09-18,Beauty,3548.12,WH-HYD,Metro
ORD114520,2025-05-13,Grocery,1428.5,WH-KOL,Metro
ORD114521,2025-05-07,Appliances,982.14,WH-DEL,Metro
ORD114522,2025-03-23,Books,2451.46,WH-HYD,Remote
ORD114523,2025-11-09,Fashion,914.54,WH-HYD,Metro
ORD114524,2025-12-22,Grocery,1962.27,WH-BLR,Remote
ORD114525,2025-09-21,Furniture,194.15,WH-BLR,Metro
ORD114526,2025-12-17,Books,329.94,WH-DEL,Metro
ORD114527,2025-12-01,Fashion,1111.03,WH-KOL,Metro
ORD114528,2025-04-02,Beauty,3894.77,WH-HYD,Tier-2
ORD114529,2025-03-06,Furniture,1174.86,WH-DEL,Remote
ORD114530,2025-03-30,Books,1284.72,WH-BLR,Metro
ORD114531,2025-02-10,Electronics,1635.69,WH-HYD,Metro
ORD114532,2025-09-02,Grocery,963.59,WH-DEL,Tier-3
ORD114533,2025-04-29,Electronics,369.7,WH-KOL,Tier-2
ORD114534,2025-12-09,Beauty,2323.76,WH-DEL,Metro
ORD114535,2025-09-15,Fashion,1656.82,WH-BLR,Tier-2
ORD114536,2025-06-01,Appliances,1761.99,WH-DEL,Tier-3
ORD114537,2025-12-27,Electronics,549.2,WH-MUM,Metro
ORD114538,2025-12-19,Fashion,4542.4,WH-MUM,Tier-2
ORD114539,2025-11-03,Fashion,949.92,WH-DEL,Tier-3
ORD114540,2025-11-07,Books,4206.4,WH-KOL,Metro
ORD114541,2025-12-26,Fashion,247.72,WH-HYD,Tier-3
ORD114542,2025-09-10,Books,952.29,WH-BLR,Remote
ORD114543,2025-11-30,Books,4529.3,WH-BLR,Metro
ORD114544,2025-01-28,Beauty,1195.26,WH-MUM,Metro
ORD114545,2025-08-21,Furniture,187.85,WH-DEL,Tier-2
ORD114546,2025-07-31,Furniture,621.46,WH-DEL,Tier-2
ORD114547,2025-01-16,Furniture,1676.16,WH-DEL,Tier-2
ORD114548,2025-02-06,Electronics,4223.78,WH-MUM,Remote
ORD114549,2025-01-10,Grocery,1064.09,WH-HYD,Metro
ORD114550,2025-05-04,Books,3217.37,WH-BLR,Metro
ORD114551,2025-01-23,Electronics,1837.1,WH-DEL,Metro
ORD114552,2025-06-27,Electronics,963.45,WH-HYD,Tier-3
ORD114553,2025-11-12,Furniture,2513.98,WH-MUM,Metro
ORD114554,2025-09-15,Books,2888.16,WH-BLR,Tier-2
ORD114555,2025-10-07,Fashion,1064.3,WH-DEL,Remote
ORD114556,2025-01-14,Books,753.29,WH-BLR,Metro
ORD114557,2025-11-19,Fashion,367.34,WH-MUM,Metro
ORD114558,2025-03-03,Grocery,1870.97,WH-KOL,Tier-3
ORD114559,2025-05-08,Beauty,844.66,WH-BLR,Metro
ORD114560,2025-08-06,Fashion,2034.17,WH-KOL,Tier-2
ORD114561,2025-12-13,Grocery,1692.91,WH-BLR,Tier-2
ORD114562,2025-12-31,Beauty,1775.29,WH-MUM,Tier-3
ORD114563,2025-11-04,Fashion,1174.5,WH-BLR,Metro
ORD114564,2025-10-21,Electronics,482.79,WH-DEL,Tier-3
ORD114565,2025-08-10,Beauty,1955.16,WH-KOL,Tier-3
ORD114566,2025-10-05,Grocery,2618.59,WH-MUM,Metro
ORD114567,2025-03-02,Beauty,8604.82,WH-KOL,Metro
ORD114568,2025-04-24,Books,832.83,WH-HYD,Tier-3
ORD114569,2025-12-27,Grocery,579.48,WH-KOL,Tier-2
ORD114570,2025-12-26,Grocery,526.39,WH-DEL,Tier-2
ORD114571,2025-05-16,Grocery,1286.89,WH-DEL,Metro
ORD114572,2025-04-12,Electronics,2545.82,WH-KOL,Tier-3
ORD114573,2025-04-07,Grocery,2731.72,WH-HYD,Metro
ORD114574,2025-07-23,Books,4698.99,WH-HYD,Metro
ORD114575,2025-04-05,Beauty,1823.2,WH-MUM,Tier-3
ORD114576,2025-09-30,Beauty,513.06,WH-BLR,Remote
ORD114577,2025-02-01,Beauty,1622.7,WH-DEL,Metro
ORD114578,2025-02-13,Electronics,249.81,WH-MUM,Tier-2
ORD114579,2025-04-27,Grocery,1015.3,WH-MUM,Metro
ORD114580,2025-11-03,Fashion,953.72,WH-HYD,Metro
ORD114581,2025-05-16,Furniture,1935.44,WH-DEL,Metro
ORD114582,2025-07-17,Beauty,1904.29,WH-KOL,Tier-3
ORD114583,2025-10-02,Books,741.36,WH-MUM,Tier-2
ORD114584,2025-11-06,Books,759.17,WH-MUM,Tier-3
ORD114585,2025-05-10,Fashion,1410.31,WH-BLR,Metro
ORD114586,2025-10-22,Grocery,1960.87,WH-KOL,Tier-2
ORD114587,2025-05-01,Fashion,2412.77,WH-MUM,Tier-2
ORD114588,2025-09-28,Grocery,908.16,WH-KOL,Tier-2
ORD114589,2025-07-09,Fashion,1287.79,WH-MUM,Remote
ORD114590,2025-12-12,Books,582.08,WH-MUM,Remote
ORD114591,2025-12-27,Grocery,588.21,WH-HYD,Tier-3
ORD114592,2025-11-02,Appliances,285.29,WH-DEL,Metro
ORD114593,2025-12-09,Books,807.44,WH-DEL,Tier-3
ORD114594,2025-02-27,Fashion,3725.97,WH-MUM,Remote
ORD114595,2025-10-02,Furniture,4161.14,WH-MUM,Metro
ORD114596,2025-03-25,Books,2108.88,WH-HYD,Metro
ORD114597,2025-04-27,Beauty,2994.35,WH-BLR,Tier-2
ORD114598,2025-08-08,Electronics,2560.62,WH-BLR,Tier-2
ORD114599,2025-10-25,Appliances,1538.8,WH-BLR,Metro
ORD114600,2025-10-19,Fashion,190.79,WH-MUM,Metro
ORD114601,2025-11-27,Fashion,8204.96,WH-HYD,Metro
ORD114602,2025-08-24,Electronics,1134.8,WH-DEL,Tier-2
ORD114603,2025-12-12,Grocery,1130.21,WH-KOL,Metro
ORD114604,2025-12-02,Fashion,4309.62,WH-DEL,Remote
ORD114605,2025-11-22,Furniture,1522.04,WH-DEL,Tier-2
ORD114606,2025-04-07,Fashion,10041.76,WH-DEL,Metro
ORD114607,2025-08-12,Electronics,688.96,WH-KOL,Tier-3
ORD114608,2025-10-23,Appliances,3069.02,WH-BLR,Metro
ORD114609,2025-12-25,Electronics,1100.76,WH-MUM,Tier-3
ORD114610,2025-01-05,Fashion,1451.44,WH-MUM,Tier-3
ORD114611,2025-05-18,Fashion,662.09,WH-KOL,Tier-2
ORD114612,2025-05-24,Fashion,809.33,WH-BLR,Metro
ORD114613,2025-05-02,Grocery,3760.42,WH-BLR,Tier-2
ORD114614,2025-11-14,Books,2027.09,WH-DEL,Tier-2
ORD114615,2025-01-19,Furniture,1879.27,WH-DEL,Metro
ORD114616,2025-06-01,Electronics,362.88,WH-MUM,Tier-3
ORD114617,2025-10-17,Electronics,371.15,WH-DEL,Metro
ORD114618,2025-06-20,Books,640.24,WH-DEL,Tier-3
ORD114619,2025-03-02,Fashion,975.73,WH-MUM,Tier-2
ORD114620,2025-09-14,Fashion,1233.73,WH-MUM,Tier-2
ORD114621,2025-08-08,Electronics,1725.16,WH-BLR,Metro
ORD114622,2025-12-27,Appliances,3034.7,WH-HYD,Metro
ORD114623,2025-10-26,Appliances,4342.43,WH-MUM,Tier-2
ORD114624,2025-12-28,Fashion,1564.78,WH-DEL,Tier-3
ORD114625,2025-03-20,Electronics,680.8,WH-MUM,Remote
ORD114626,2025-10-30,Books,2400.94,WH-BLR,Metro
ORD114627,2025-08-20,Electronics,1552.16,WH-DEL,Remote
ORD114628,2025-10-17,Grocery,1945.7,WH-MUM,Metro
ORD114629,2025-07-16,Books,3515.1,WH-BLR,Remote
ORD114630,2025-03-31,Fashion,982.34,WH-KOL,Metro
ORD114631,2025-01-20,Fashion,4293.8,WH-KOL,Tier-2
ORD114632,2025-11-19,Furniture,428.47,WH-HYD,Tier-3
ORD114633,2025-11-13,Furniture,2398.94,WH-DEL,Metro
ORD114634,2025-03-10,Grocery,795.82,WH-DEL,Remote
ORD114635,2025-09-29,Fashion,1603.09,WH-MUM,Remote
ORD114636,2025-10-24,Fashion,1742.46,WH-MUM,Metro
ORD114637,2025-08-23,Grocery,1011.71,WH-DEL,Metro
ORD114638,2025-05-14,Fashion,801.9,WH-HYD,Metro
ORD114639,2025-11-30,Fashion,678.83,WH-MUM,Metro
ORD114640,2025-09-27,Fashion,1685.08,WH-KOL,Tier-2
ORD114641,2025-10-19,Grocery,2224.83,WH-MUM,Metro
ORD114642,2025-10-01,Fashion,5747.29,WH-MUM,Tier-2
ORD114643,2025-10-19,Grocery,1091.52,WH-MUM,Metro
ORD114644,2025-03-02,Furniture,392.17,WH-DEL,Tier-3
ORD114645,2025-12-11,Beauty,1954.65,WH-BLR,Metro
ORD114646,2025-05-01,Furniture,333.12,WH-MUM,Tier-2
ORD114647,2025-11-19,Appliances,4824.1,WH-HYD,Tier-2
ORD114648,2025-12-04,Electronics,2456.26,WH-DEL,Metro
ORD114649,2025-10-01,Appliances,597.78,WH-MUM,Tier-3
ORD114650,2025-09-09,Grocery,376.88,WH-DEL,Metro
ORD114651,2025-02-15,Books,672.17,WH-KOL,Tier-3
ORD114652,2025-07-03,Beauty,2048.56,WH-DEL,Metro
ORD114653,2025-09-15,Fashion,723.87,WH-HYD,Metro
ORD114654,2025-02-04,Beauty,2427.71,WH-BLR,Remote
ORD114655,2025-02-16,Furniture,2836.79,WH-MUM,Metro
ORD114656,2025-12-30,Appliances,847.86,WH-MUM,Metro
ORD114657,2025-05-20,Grocery,2715.86,WH-KOL,Metro
ORD114658,2025-05-27,Fashion,3520.6,WH-BLR,Tier-2
ORD114659,2025-04-16,Books,2106.11,WH-KOL,Tier-3
ORD114660,2025-09-29,Electronics,2071.89,WH-MUM,Metro
ORD114661,2025-07-18,Grocery,854.19,WH-MUM,Tier-2
ORD114662,2025-11-06,Electronics,6799.21,WH-DEL,Tier-3
ORD114663,2025-08-04,Fashion,610.66,WH-MUM,Tier-3
ORD114664,2025-01-07,Appliances,939.99,WH-BLR,Tier-3
ORD114665,2025-07-22,Appliances,2837.97,WH-MUM,Metro
ORD114666,2025-01-24,Books,991.39,WH-HYD,Metro
ORD114667,2025-11-16,Appliances,1053.55,WH-DEL,Tier-2
ORD114668,2025-02-17,Furniture,450.81,WH-KOL,Tier-2
ORD114669,2025-04-02,Beauty,920.19,WH-BLR,Tier-3
ORD114670,2025-07-13,Grocery,9242.71,WH-HYD,Remote
ORD114671,2025-03-24,Furniture,1004.48,WH-BLR,Tier-3
ORD114672,2025-08-15,Books,3726.44,WH-DEL,Tier-2
ORD114673,2025-07-13,Appliances,898.44,WH-BLR,Tier-2
ORD114674,2025-12-19,Appliances,571.01,WH-KOL,Metro
ORD114675,2025-02-07,Grocery,718.04,WH-DEL,Tier-2
ORD114676,2025-08-31,Grocery,2392.79,WH-MUM,Metro
ORD114677,2025-10-19,Furniture,233.69,WH-MUM,Tier-3
ORD114678,2025-02-23,Appliances,5238.07,WH-MUM,Tier-3
ORD114679,2025-09-25,Grocery,1962.04,WH-BLR,Remote
ORD114680,2025-11-26,Electronics,993.2,WH-DEL,Tier-2
ORD114681,2025-11-06,Fashion,709.95,WH-DEL,Metro
ORD114682,2025-12-14,Grocery,882.42,WH-BLR,Metro
ORD114683,2025-10-19,Fashion,3362.75,WH-BLR,Remote
ORD114684,2025-06-15,Fashion,379.09,WH-MUM,Metro
ORD114685,2025-12-11,Electronics,1281.64,WH-MUM,Metro
ORD114686,2025-04-05,Electronics,3305.1,WH-BLR,Metro
ORD114687,2025-09-03,Books,264.86,WH-BLR,Tier-3
ORD114688,2025-10-31,Grocery,810.27,WH-BLR,Metro
ORD114689,2025-11-28,Books,399.11,WH-MUM,Metro
ORD114690,2025-12-10,Electronics,477.68,WH-DEL,Tier-3
ORD114691,2025-02-05,Fashion,1592.76,WH-DEL,Tier-2
ORD114692,2025-10-21,Electronics,2251.55,WH-MUM,Tier-2
ORD114693,2025-03-27,Electronics,964.96,WH-MUM,Metro
ORD114694,2025-11-03,Electronics,403.64,WH-DEL,Metro
ORD114695,2025-10-14,Grocery,670.08,WH-MUM,Metro
ORD114696,2025-03-18,Electronics,1840.05,WH-KOL,Remote
ORD114697,2025-11-18,Books,1301.79,WH-DEL,Metro
ORD114698,2025-07-14,Grocery,521.02,WH-DEL,Metro
ORD114699,2025-08-17,Fashion,906.56,WH-MUM,Metro
ORD114700,2025-12-24,Books,2499.56,WH-MUM,Tier-2
ORD114701,2025-10-02,Grocery,1572.94,WH-MUM,Metro
ORD114702,2025-09-05,Fashion,580.38,WH-BLR,Tier-3
ORD114703,2025-01-08,Grocery,1643.02,WH-HYD,Tier-3
ORD114704,2025-03-25,Furniture,854.45,WH-KOL,Tier-2
ORD114705,2025-01-12,Grocery,798.9,WH-KOL,Tier-3
ORD114706,2025-05-21,Beauty,1488.65,WH-MUM,Metro
ORD114707,2025-05-25,Fashion,556.41,WH-KOL,Tier-2
ORD114708,2025-08-11,Fashion,941.74,WH-DEL,Metro
ORD114709,2025-10-11,Books,3095.19,WH-MUM,Metro
ORD114710,2025-03-17,Furniture,9659.38,WH-KOL,Tier-2
ORD114711,2025-09-10,Beauty,340.13,WH-KOL,Tier-2
ORD114712,2025-12-10,Books,663.56,WH-DEL,Tier-3
ORD114713,2025-03-19,Grocery,3308.4,WH-HYD,Remote
ORD114714,2025-10-03,Furniture,490.57,WH-HYD,Metro
ORD114715,2025-01-20,Fashion,1209.24,WH-DEL,Tier-2
ORD114716,2025-08-12,Electronics,5640.26,WH-MUM,Tier-3
ORD114717,2025-10-25,Fashion,748.19,WH-BLR,Tier-2
ORD114718,2025-01-15,Fashion,1095.47,WH-KOL,Tier-2
ORD114719,2025-05-21,Furniture,478.13,WH-BLR,Tier-2
ORD114720,2025-11-29,Furniture,2319.32,WH-BLR,Metro
ORD114721,2025-04-05,Beauty,320.18,WH-MUM,Tier-2
ORD114722,2025-10-20,Electronics,770.44,WH-MUM,Tier-2
ORD114723,2025-09-15,Grocery,474.34,WH-MUM,Metro
ORD114724,2025-03-10,Fashion,1035.85,WH-BLR,Remote
ORD114725,2025-10-25,Grocery,5910.45,WH-KOL,Metro
ORD114726,2025-08-12,Electronics,1824.1,WH-DEL,Remote
ORD114727,2025-02-17,Grocery,1621.24,WH-KOL,Tier-2
ORD114728,2025-12-18,Furniture,1696.8,WH-KOL,Metro
ORD114729,2025-07-26,Fashion,1314.99,WH-MUM,Metro
ORD114730,2025-10-26,Furniture,3741.05,WH-MUM,Tier-3
ORD114731,2025-04-02,Fashion,2487.45,WH-MUM,Metro
ORD114732,2025-02-27,Fashion,472.98,WH-KOL,Metro
ORD114733,2025-10-25,Beauty,2921.53,WH-DEL,Tier-2
ORD114734,2025-10-07,Electronics,1616.82,WH-HYD,Remote
ORD114735,2025-04-26,Fashion,1927.4,WH-KOL,Metro
ORD114736,2025-10-26,Beauty,268.46,WH-BLR,Tier-2
ORD114737,2025-08-01,Electronics,1340.24,WH-KOL,Tier-3
ORD114738,2025-05-27,Fashion,1198.53,WH-HYD,Tier-2
ORD114739,2025-11-06,Grocery,769.4,WH-MUM,Metro
ORD114740,2025-09-17,Furniture,3160.58,WH-KOL,Tier-2
ORD114741,2025-08-02,Furniture,361.92,WH-DEL,Tier-2
ORD114742,2025-11-02,Furniture,15087.28,WH-MUM,Metro
ORD114743,2025-08-17,Beauty,547.76,WH-BLR,Metro
ORD114744,2025-12-15,Fashion,1951.04,WH-HYD,Tier-2
ORD114745,2025-11-14,Grocery,1589.99,WH-HYD,Metro
ORD114746,2025-05-31,Beauty,3410.56,WH-BLR,Tier-3
ORD114747,2025-07-15,Electronics,5099.83,WH-MUM,Tier-2
ORD114748,2025-12-20,Beauty,945.65,WH-BLR,Metro
ORD114749,2025-12-04,Beauty,1541.74,WH-DEL,Remote
ORD114750,2025-03-22,Beauty,951.72,WH-DEL,Tier-3
ORD114751,2025-04-26,Electronics,618.01,WH-HYD,Tier-2
ORD114752,2025-06-03,Grocery,1376.49,WH-BLR,Tier-3
ORD114753,2025-11-30,Books,1310.65,WH-BLR,Tier-2
ORD114754,2025-12-12,Fashion,1351.42,WH-BLR,Metro
ORD114755,2025-11-10,Grocery,989.66,WH-KOL,Tier-2
ORD114756,2025-04-26,Fashion,1758.52,WH-DEL,Metro
ORD114757,2025-12-02,Electronics,2503.49,WH-MUM,Remote
ORD114758,2025-01-14,Books,510.42,WH-BLR,Tier-2
ORD114759,2025-06-27,Beauty,2194.07,WH-BLR,Tier-3
ORD114760,2025-06-08,Electronics,4671.33,WH-HYD,Metro
ORD114761,2025-08-13,Electronics,482.72,WH-MUM,Tier-2
ORD114762,2025-08-24,Grocery,1515.93,WH-HYD,Metro
ORD114763,2025-04-05,Electronics,1926.69,WH-MUM,Tier-2
ORD114764,2025-03-27,Furniture,2506.58,WH-MUM,Tier-2
ORD114765,2025-11-10,Appliances,2744.1,WH-DEL,Tier-2
ORD114766,2025-02-02,Fashion,3510.48,WH-BLR,Metro
ORD114767,2025-07-27,Appliances,1493.32,WH-MUM,Metro
ORD114768,2025-03-22,Electronics,603.14,WH-BLR,Tier-2
ORD114769,2025-05-15,Fashion,1005.89,WH-DEL,Metro
ORD114770,2025-04-27,Books,4250.03,WH-DEL,Tier-3
ORD114771,2025-10-16,Electronics,662.66,WH-MUM,Tier-2
ORD114772,2025-07-11,Fashion,2028.6,WH-DEL,Tier-3
ORD114773,2025-05-06,Furniture,2633.63,WH-BLR,Remote
ORD114774,2025-11-17,Fashion,2185.68,WH-HYD,Metro
ORD114775,2025-02-06,Grocery,2817.3,WH-HYD,Tier-2
ORD114776,2025-10-31,Books,1305.85,WH-BLR,Tier-2
ORD114777,2025-04-15,Fashion,1235.05,WH-KOL,Tier-2
ORD114778,2025-12-10,Fashion,5725.89,WH-MUM,Tier-2
ORD114779,2025-01-03,Electronics,6489.61,WH-MUM,Remote
ORD114780,2025-08-22,Appliances,4260.47,WH-DEL,Tier-2
ORD114781,2025-09-19,Fashion,2078.43,WH-HYD,Tier-3
ORD114782,2025-08-31,Books,844.88,WH-BLR,Tier-2
ORD114783,2025-11-13,Electronics,1494.1,WH-MUM,Tier-3
ORD114784,2025-02-17,Books,1207.82,WH-KOL,Metro
ORD114785,2025-06-24,Books,3231.19,WH-KOL,Metro
ORD114786,2025-11-26,Appliances,1830.46,WH-HYD,Remote
ORD114787,2025-12-02,Appliances,2136.7,WH-BLR,Tier-3
ORD114788,2025-07-29,Fashion,1304.22,WH-DEL,Tier-2
ORD114789,2025-08-23,Fashion,182.07,WH-MUM,Tier-2
ORD114790,2025-10-30,Fashion,3827.27,WH-BLR,Metro
ORD114791,2025-11-04,Fashion,1272.13,WH-BLR,Metro
ORD114792,2025-12-02,Grocery,2905.89,WH-HYD,Metro
ORD114793,2025-11-20,Appliances,1021.92,WH-BLR,Remote
ORD114794,2025-06-24,Grocery,4903.81,WH-MUM,Metro
ORD114795,2025-10-01,Beauty,873.15,WH-BLR,Tier-2
ORD114796,2025-07-23,Appliances,1265.41,WH-DEL,Tier-2
ORD114797,2025-02-19,Fashion,1356.64,WH-HYD,Tier-2
ORD114798,2025-11-15,Fashion,400.75,WH-MUM,Tier-3
ORD114799,2025-09-10,Grocery,1860.04,WH-HYD,Metro
ORD114800,2025-01-25,Fashion,2596.54,WH-BLR,Metro
ORD114801,2025-10-08,Fashion,1873.9,WH-MUM,Tier-2
ORD114802,2025-04-29,Grocery,8552.36,WH-MUM,Tier-2
ORD114803,2025-01-30,Furniture,656.64,WH-MUM,Remote
ORD114804,2025-09-12,Fashion,337.06,WH-KOL,Tier-2
ORD114805,2025-10-22,Fashion,516.47,WH-HYD,Tier-3
ORD114806,2025-08-06,Fashion,1432.67,WH-BLR,Remote
ORD114807,2025-01-03,Fashion,3495.08,WH-KOL,Metro
ORD114808,2025-08-31,Fashion,1540.13,WH-DEL,Metro
ORD114809,2025-01-03,Appliances,902.71,WH-MUM,Metro
ORD114810,2025-12-12,Furniture,4436.81,WH-KOL,Remote
ORD114811,2025-04-23,Fashion,1221.02,WH-HYD,Metro
ORD114812,2025-11-28,Beauty,446.3,WH-HYD,Tier-2
ORD114813,2025-01-06,Furniture,2977.93,WH-BLR,Tier-2
ORD114814,2025-02-10,Electronics,2244.14,WH-BLR,Tier-3
ORD114815,2025-07-09,Books,1619.83,WH-HYD,Metro
ORD114816,2025-10-29,Appliances,4901.25,WH-DEL,Metro
ORD114817,2025-12-16,Grocery,1232.17,WH-HYD,Metro
ORD114818,2025-08-07,Fashion,1675.58,WH-HYD,Tier-2
ORD114819,2025-05-30,Books,613.65,WH-KOL,Tier-2
ORD114820,2025-01-19,Electronics,762.75,WH-MUM,Metro
ORD114821,2025-09-03,Fashion,916.82,WH-MUM,Metro
ORD114822,2025-06-09,Books,2331.96,WH-BLR,Metro
ORD114823,2025-12-08,Books,779.86,WH-BLR,Remote
ORD114824,2025-07-21,Furniture,1239.85,WH-MUM,Metro
ORD114825,2025-10-31,Electronics,1120.66,WH-MUM,Metro
ORD114826,2025-11-22,Fashion,1284.17,WH-BLR,Metro
ORD114827,2025-02-11,Books,726.72,WH-DEL,Metro
ORD114828,2025-07-05,Appliances,1134.98,WH-MUM,Tier-2
ORD114829,2025-12-04,Books,532.69,WH-MUM,Remote
ORD114830,2025-06-28,Electronics,1297.57,WH-DEL,Metro
ORD114831,2025-08-26,Beauty,1309.56,WH-MUM,Tier-3
ORD114832,2025-11-28,Fashion,1419.5,WH-DEL,Tier-3
ORD114833,2025-04-08,Fashion,2095.5,WH-DEL,Tier-2
ORD114834,2025-12-04,Books,5695.08,WH-MUM,Tier-3
ORD114835,2025-06-16,Fashion,355.31,WH-MUM,Metro
ORD114836,2025-09-07,Furniture,995.49,WH-BLR,Metro
ORD114837,2025-05-18,Grocery,645.18,WH-HYD,Tier-2
ORD114838,2025-08-10,Books,1718.73,WH-KOL,Tier-2
ORD114839,2025-01-21,Electronics,2359.85,WH-BLR,Metro
ORD114840,2025-01-28,Electronics,507.44,WH-MUM,Remote
ORD114841,2025-06-24,Furniture,1727.66,WH-HYD,Metro
ORD114842,2025-05-21,Books,2676.62,WH-DEL,Remote
ORD114843,2025-09-16,Beauty,1881.83,WH-MUM,Tier-2
ORD114844,2025-01-16,Fashion,1022.36,WH-DEL,Tier-3
ORD114845,2025-03-12,Appliances,2300.27,WH-KOL,Metro
ORD114846,2025-03-30,Fashion,1092.23,WH-BLR,Tier-2
ORD114847,2025-07-05,Fashion,2763.91,WH-DEL,Tier-2
ORD114848,2025-04-14,Electronics,1775.92,WH-HYD,Tier-2
ORD114849,2025-02-27,Fashion,1152.11,WH-BLR,Tier-3
ORD114850,2025-09-09,Electronics,489.64,WH-KOL,Tier-2
ORD114851,2025-10-25,Fashion,1357.95,WH-KOL,Metro
ORD114852,2025-10-10,Fashion,568.32,WH-HYD,Tier-3
ORD114853,2025-04-27,Books,561.37,WH-DEL,Tier-2
ORD114854,2025-11-23,Fashion,1013.92,WH-DEL,Tier-2
ORD114855,2025-09-15,Books,1260.36,WH-DEL,Metro
ORD114856,2025-09-16,Books,515.16,WH-BLR,Tier-2
ORD114857,2025-03-31,Grocery,1173.57,WH-MUM,Tier-3
ORD114858,2025-04-12,Appliances,1107.45,WH-BLR,Remote
ORD114859,2025-07-19,Fashion,828.93,WH-MUM,Metro
ORD114860,2025-04-10,Electronics,1090.78,WH-HYD,Metro
ORD114861,2025-10-11,Appliances,2243.3,WH-KOL,Tier-2
ORD114862,2025-05-10,Furniture,982.27,WH-MUM,Tier-2
ORD114863,2025-03-05,Grocery,2132.74,WH-DEL,Tier-2
ORD114864,2025-03-05,Books,1256.68,WH-DEL,Tier-3
ORD114865,2025-02-23,Appliances,3025.34,WH-MUM,Remote
ORD114866,2025-07-04,Fashion,2564.12,WH-DEL,Remote
ORD114867,2025-01-02,Electronics,1130.05,WH-BLR,Metro
ORD114868,2025-08-16,Books,776.94,WH-BLR,Metro
ORD114869,2025-05-06,Beauty,1974.39,WH-MUM,Metro
ORD114870,2025-08-21,Furniture,880.36,WH-KOL,Remote
ORD114871,2025-12-15,Appliances,382.3,WH-KOL,Tier-3
ORD114872,2025-11-27,Grocery,2412.51,WH-DEL,Metro
ORD114873,2025-08-31,Fashion,820.76,WH-DEL,Tier-2
ORD114874,2025-06-25,Beauty,255.67,WH-DEL,Remote
ORD114875,2025-10-13,Appliances,1260.0,WH-MUM,Metro
ORD114876,2025-12-11,Grocery,2832.29,WH-MUM,Tier-2
ORD114877,2025-07-25,Appliances,835.68,WH-BLR,Tier-2
ORD114878,2025-02-11,Grocery,1013.92,WH-BLR,Metro
ORD114879,2025-10-31,Electronics,1996.05,WH-KOL,Tier-2
ORD114880,2025-01-05,Furniture,930.74,WH-HYD,Remote
ORD114881,2025-10-31,Electronics,1232.64,WH-DEL,Metro
ORD114882,2025-02-05,Fashion,2740.89,WH-HYD,Tier-2
ORD114883,2025-02-14,Electronics,2303.05,WH-DEL,Tier-3
ORD114884,2025-11-04,Fashion,1605.18,WH-DEL,Tier-2
ORD114885,2025-10-11,Beauty,352.97,WH-HYD,Metro
ORD114886,2025-08-25,Electronics,2137.23,WH-BLR,Tier-3
ORD114887,2025-11-14,Fashion,976.39,WH-BLR,Metro
ORD114888,2025-11-22,Appliances,1981.69,WH-DEL,Metro
ORD114889,2025-07-12,Books,398.03,WH-BLR,Metro
ORD114890,2025-12-31,Appliances,2836.06,WH-DEL,Remote
ORD114891,2025-05-31,Beauty,683.77,WH-HYD,Tier-3
ORD114892,2025-03-14,Appliances,1890.94,WH-HYD,Metro
ORD114893,2025-11-21,Appliances,2825.91,WH-MUM,Metro
ORD114894,2025-06-24,Fashion,1830.97,WH-BLR,Tier-3
ORD114895,2025-11-29,Fashion,1824.26,WH-KOL,Tier-3
ORD114896,2025-01-26,Grocery,1437.41,WH-KOL,Metro
ORD114897,2025-02-16,Appliances,504.81,WH-MUM,Tier-3
ORD114898,2025-01-17,Furniture,3867.44,WH-KOL,Metro
ORD114899,2025-09-10,Appliances,3217.61,WH-KOL,Metro
ORD114900,2025-11-17,Furniture,986.25,WH-MUM,Remote
ORD114901,2025-06-19,Appliances,86.28,WH-MUM,Tier-2
ORD114902,2025-02-08,Electronics,2996.97,WH-KOL,Metro
ORD114903,2025-06-06,Fashion,312.12,WH-HYD,Tier-2
ORD114904,2025-05-27,Grocery,2050.23,WH-DEL,Tier-2
ORD114905,2025-09-28,Electronics,747.79,WH-KOL,Remote
ORD114906,2025-10-01,Beauty,1966.87,WH-HYD,Metro
ORD114907,2025-02-13,Fashion,598.33,WH-BLR,Tier-3
ORD114908,2025-06-26,Electronics,1345.4,WH-MUM,Tier-3
ORD114909,2025-09-27,Furniture,342.04,WH-KOL,Tier-3
ORD114910,2025-04-19,Electronics,1355.88,WH-BLR,Tier-3
ORD114911,2025-06-21,Grocery,1334.7,WH-BLR,Tier-3
ORD114912,2025-09-15,Fashion,2378.9,WH-HYD,Tier-2
ORD114913,2025-06-19,Electronics,913.54,WH-HYD,Metro
ORD114914,2025-01-13,Appliances,1679.71,WH-BLR,Remote
ORD114915,2025-04-04,Fashion,975.31,WH-BLR,Metro
ORD114916,2025-11-03,Grocery,1925.32,WH-HYD,Metro
ORD114917,2025-04-15,Fashion,1831.5,WH-BLR,Metro
ORD114918,2025-11-14,Grocery,2707.33,WH-BLR,Metro
ORD114919,2025-07-16,Fashion,524.18,WH-KOL,Metro
ORD114920,2025-07-18,Electronics,1244.95,WH-HYD,Metro
ORD114921,2025-11-01,Appliances,1680.82,WH-MUM,Tier-2
ORD114922,2025-06-11,Grocery,5741.47,WH-DEL,Tier-2
ORD114923,2025-04-11,Beauty,6542.98,WH-MUM,Remote
ORD114924,2025-02-14,Books,451.45,WH-MUM,Tier-2
ORD114925,2025-10-06,Grocery,819.02,WH-KOL,Remote
ORD114926,2025-07-17,Electronics,181.45,WH-DEL,Metro
ORD114927,2025-11-11,Appliances,7761.96,WH-DEL,Metro
ORD114928,2025-07-12,Grocery,1726.87,WH-MUM,Metro
ORD114929,2025-06-24,Books,2131.33,WH-DEL,Tier-2
ORD114930,2025-05-06,Grocery,1040.09,WH-MUM,Remote
ORD114931,2025-03-25,Electronics,1335.31,WH-MUM,Metro
ORD114932,2025-11-17,Books,3305.83,WH-DEL,Tier-3
ORD114933,2025-02-10,Books,580.0,WH-HYD,Tier-3
ORD114934,2025-12-06,Electronics,542.81,WH-HYD,Metro
ORD114935,2025-01-12,Appliances,1104.84,WH-BLR,Tier-2
ORD114936,2025-08-08,Grocery,1350.13,WH-DEL,Metro
ORD114937,2025-01-25,Grocery,2088.78,WH-MUM,Metro
ORD114938,2025-11-04,Books,1360.7,WH-DEL,Tier-3
ORD114939,2025-03-30,Fashion,681.36,WH-KOL,Metro
ORD114940,2025-08-26,Electronics,987.74,WH-HYD,Remote
ORD114941,2025-12-10,Fashion,1543.14,WH-MUM,Tier-3
ORD114942,2025-09-30,Beauty,2272.14,WH-HYD,Metro
ORD114943,2025-03-16,Fashion,2979.53,WH-BLR,Tier-2
ORD114944,2025-11-08,Furniture,1075.26,WH-BLR,Tier-2
ORD114945,2025-07-05,Books,760.54,WH-BLR,Tier-2
ORD114946,2025-01-06,Books,652.95,WH-MUM,Tier-2
ORD114947,2025-07-24,Electronics,3406.48,WH-DEL,Metro
ORD114948,2025-11-12,Electronics,944.8,WH-MUM,Remote
ORD114949,2025-06-30,Beauty,727.09,WH-DEL,Metro
ORD114950,2025-10-29,Grocery,1531.1,WH-BLR,Tier-2
ORD114951,2025-10-15,Electronics,4872.97,WH-DEL,Metro
ORD114952,2025-07-11,Electronics,639.4,WH-MUM,Tier-2
ORD114953,2025-05-16,Books,2149.54,WH-MUM,Metro
ORD114954,2025-10-21,Beauty,930.78,WH-DEL,Metro
ORD114955,2025-06-05,Grocery,1463.92,WH-BLR,Metro
ORD114956,2025-03-13,Fashion,2562.97,WH-MUM,Remote
ORD114957,2025-05-15,Appliances,3543.23,WH-HYD,Metro
ORD114958,2025-11-29,Electronics,876.84,WH-MUM,Metro
ORD114959,2025-04-30,Books,2441.37,WH-HYD,Tier-2
ORD114960,2025-04-09,Fashion,1619.65,WH-BLR,Metro
ORD114961,2025-02-26,Electronics,1848.68,WH-HYD,Remote
ORD114962,2025-01-24,Fashion,3599.39,WH-BLR,Metro
ORD114963,2025-12-25,Electronics,758.64,WH-KOL,Remote
ORD114964,2025-08-14,Fashion,2489.63,WH-BLR,Metro
ORD114965,2025-10-21,Appliances,1518.53,WH-KOL,Tier-2
ORD114966,2025-11-02,Grocery,3453.24,WH-BLR,Tier-3
ORD114967,2025-05-29,Furniture,1859.49,WH-DEL,Metro
ORD114968,2025-11-09,Fashion,1186.92,WH-MUM,Tier-3
ORD114969,2025-12-21,Fashion,2689.17,WH-BLR,Tier-2
ORD114970,2025-10-25,Grocery,850.43,WH-BLR,Tier-2
ORD114971,2025-10-17,Grocery,972.32,WH-BLR,Metro
ORD114972,2025-07-01,Electronics,734.42,WH-MUM,Metro
ORD114973,2025-11-20,Books,811.25,WH-DEL,Tier-3
ORD114974,2025-02-07,Electronics,150.18,WH-MUM,Metro
ORD114975,2025-10-27,Electronics,890.2,WH-DEL,Metro
ORD114976,2025-06-02,Fashion,1262.94,WH-BLR,Metro
ORD114977,2025-08-26,Furniture,2460.88,WH-DEL,Metro
ORD114978,2025-12-03,Electronics,641.16,WH-HYD,Metro
ORD114979,2025-09-12,Electronics,897.51,WH-BLR,Metro
ORD114980,2025-01-11,Grocery,1163.23,WH-HYD,Metro
ORD114981,2025-10-20,Fashion,2471.02,WH-MUM,Tier-2
ORD114982,2025-12-13,Electronics,1546.83,WH-MUM,Tier-2
ORD114983,2025-09-27,Furniture,1807.3,WH-HYD,Remote
ORD114984,2025-11-25,Furniture,2712.73,WH-DEL,Tier-2
ORD114985,2025-11-16,Electronics,2002.82,WH-DEL,Tier-2
ORD114986,2025-11-25,Fashion,826.97,WH-MUM,Metro
ORD114987,2025-05-25,Fashion,5262.31,WH-DEL,Tier-3
ORD114988,2025-07-19,Beauty,292.52,WH-DEL,Tier-2
ORD114989,2025-11-22,Appliances,2748.05,WH-KOL,Tier-3
ORD114990,2025-12-08,Fashion,1904.58,WH-HYD,Metro
ORD114991,2025-03-03,Beauty,3624.16,WH-BLR,Tier-2
ORD114992,2025-03-18,Grocery,1111.51,WH-MUM,Tier-3
ORD114993,2025-05-26,Fashion,900.51,WH-DEL,Metro
ORD114994,2025-11-01,Beauty,554.69,WH-DEL,Tier-2
ORD114995,2025-11-29,Appliances,572.04,WH-BLR,Metro
ORD114996,2025-09-01,Grocery,1171.91,WH-HYD,Metro
ORD114997,2025-02-17,Furniture,682.88,WH-DEL,Metro
ORD114998,2025-05-08,Beauty,758.12,WH-BLR,Metro
ORD114999,2025-11-24,Electronics,573.53,WH-BLR,Metro
